"{""id"": ""1349010584767592209"", ""orgId"": ""1325703235261686415333333"", ""companyId"": ""1325703240109091977"", ""picasso_media"": {""id"": ""1349010584767592209"", ""orgId"": ""1325703235261686415333333"", ""companyId"": ""1325703240109091977"", ""tenantId"": ""1325703235261686415333333"", ""authorizer"": ""4ca08ed5e337570c"", ""globalContextId"": ""1349010584767592209"", ""infraMediaId"": ""DOCUMENT210201115451573438402"", ""requestSource"": ""content-engine-migration"", ""type"": ""DOCUMENT_POWERPOINT"", ""name"": ""DruvaPhoenixWhiteboardContestslidesTEST.pptx""}, ""representation_media"": [{""id"": ""R-PDF-1349010584767592209"", ""orgId"": ""1325703235261686415333333"", ""companyId"": ""1325703240109091977"", ""tenantId"": ""1325703235261686415333333"", ""authorizer"": ""4ca08ed5e337570c"", ""globalContextId"": ""R-PDF-1349010584767592209"", ""representationName"": ""PDF"", ""sourceType"": ""sourceType"", ""mediaId"": ""1349010584767592209""}, {""id"": ""R-IMAGE-1349010584767592209"", ""orgId"": ""1325703235261686415333333"", ""companyId"": ""1325703240109091977"", ""tenantId"": ""1325703235261686415333333"", ""authorizer"": ""4ca08ed5e337570c"", ""globalContextId"": ""R-IMAGE-1349010584767592209"", ""representationName"": ""IMAGE"", ""sourceType"": ""sourceType"", ""mediaId"": ""1349010584767592209""}], ""representation_properties_media"": [{""id"": ""R-PDF-1349010584767592209-210201115654852006-189"", ""orgId"": ""1325703235261686415333333"", ""companyId"": ""1325703240109091977"", ""tenantId"": ""1325703235261686415333333"", ""authorizer"": ""4ca08ed5e337570c"", ""globalContextId"": ""R-PDF-1349010584767592209-210201115654852006-189"", ""representationId"": ""R-PDF-1349010584767592209"", ""infraMediaId"": ""DOCUMENT210201115451573567147"", ""division"": ""RAW""}, {""id"": ""R-IMAGE-1349010584767592209-210201115654852070-455"", ""orgId"": ""1325703235261686415333333"", ""companyId"": ""1325703240109091977"", ""tenantId"": ""1325703235261686415333333"", ""authorizer"": ""4ca08ed5e337570c"", ""globalContextId"": ""R-IMAGE-1349010584767592209-210201115654852070-455"", ""representationId"": ""R-IMAGE-1349010584767592209"", ""infraMediaId"": ""CATALOGUE210201115451573677428"", ""division"": """"}]}"
"{""id"": ""1346754253377005549"", ""orgId"": ""1325703235261686415333333"", ""companyId"": ""1325703240109091977"", ""picasso_media"": {""id"": ""1346754253377005549"", ""orgId"": ""1325703235261686415333333"", ""companyId"": ""1325703240109091977"", ""tenantId"": ""1325703235261686415333333"", ""authorizer"": ""4ca134bb1017b8f0"", ""globalContextId"": ""1346754253377005549"", ""infraMediaId"": ""DOCUMENT210201115451574057366"", ""requestSource"": ""content-engine-migration"", ""type"": ""DOCUMENT_POWERPOINT"", ""name"": ""sample_pptx_file.pptx""}, ""representation_media"": [{""id"": ""R-PDF-1346754253377005549"", ""orgId"": ""1325703235261686415333333"", ""companyId"": ""1325703240109091977"", ""tenantId"": ""1325703235261686415333333"", ""authorizer"": ""4ca134bb1017b8f0"", ""globalContextId"": ""R-PDF-1346754253377005549"", ""representationName"": ""PDF"", ""sourceType"": ""sourceType"", ""mediaId"": ""1346754253377005549""}, {""id"": ""R-IMAGE-1346754253377005549"", ""orgId"": ""1325703235261686415333333"", ""companyId"": ""1325703240109091977"", ""tenantId"": ""1325703235261686415333333"", ""authorizer"": ""4ca134bb1017b8f0"", ""globalContextId"": ""R-IMAGE-1346754253377005549"", ""representationName"": ""IMAGE"", ""sourceType"": ""sourceType"", ""mediaId"": ""1346754253377005549""}], ""representation_properties_media"": [{""id"": ""R-PDF-1346754253377005549-210201115654852302-21"", ""orgId"": ""1325703235261686415333333"", ""companyId"": ""1325703240109091977"", ""tenantId"": ""1325703235261686415333333"", ""authorizer"": ""4ca134bb1017b8f0"", ""globalContextId"": ""R-PDF-1346754253377005549-210201115654852302-21"", ""representationId"": ""R-PDF-1346754253377005549"", ""infraMediaId"": ""DOCUMENT210201115451574119467"", ""division"": ""RAW""}, {""id"": ""R-IMAGE-1346754253377005549-210201115654852352-346"", ""orgId"": ""1325703235261686415333333"", ""companyId"": ""1325703240109091977"", ""tenantId"": ""1325703235261686415333333"", ""authorizer"": ""4ca134bb1017b8f0"", ""globalContextId"": ""R-IMAGE-1346754253377005549-210201115654852352-346"", ""representationId"": ""R-IMAGE-1346754253377005549"", ""infraMediaId"": ""CATALOGUE210201115451574225215"", ""division"": """"}]}"
"{""id"": ""1348712332477380567"", ""orgId"": ""1325703235261686415333333"", ""companyId"": ""1325703240109091977"", ""picasso_media"": {""id"": ""1348712332477380567"", ""orgId"": ""1325703235261686415333333"", ""companyId"": ""1325703240109091977"", ""tenantId"": ""1325703235261686415333333"", ""authorizer"": ""4ca134bb1017b8f0"", ""globalContextId"": ""1348712332477380567"", ""infraMediaId"": ""AUDIO21020111545157444295"", ""requestSource"": ""content-engine-migration"", ""type"": ""AUDIO"", ""name"": ""sample_mp3.mp3""}, ""representation_media"": [{""id"": ""R-MP3-1348712332477380567"", ""orgId"": ""1325703235261686415333333"", ""companyId"": ""1325703240109091977"", ""tenantId"": ""1325703235261686415333333"", ""authorizer"": ""4ca134bb1017b8f0"", ""globalContextId"": ""R-MP3-1348712332477380567"", ""representationName"": ""MP3"", ""sourceType"": ""sourceType"", ""mediaId"": ""1348712332477380567""}], ""representation_properties_media"": [{""id"": ""R-MP3-1348712332477380567-210201115654852550-229"", ""orgId"": ""1325703235261686415333333"", ""companyId"": ""1325703240109091977"", ""tenantId"": ""1325703235261686415333333"", ""authorizer"": ""4ca134bb1017b8f0"", ""globalContextId"": ""R-MP3-1348712332477380567-210201115654852550-229"", ""representationId"": ""R-MP3-1348712332477380567"", ""infraMediaId"": ""AUDIO210201115451574492346"", ""division"": ""MP3""}]}"
"{""id"": ""1346754900981661328"", ""orgId"": ""1325703235261686415333333"", ""companyId"": ""1325703240109091977"", ""picasso_media"": {""id"": ""1346754900981661328"", ""orgId"": ""1325703235261686415333333"", ""companyId"": ""1325703240109091977"", ""tenantId"": ""1325703235261686415333333"", ""authorizer"": ""4ca134bb1017b8f0"", ""globalContextId"": ""1346754900981661328"", ""infraMediaId"": ""DOCUMENT210201115451574651261"", ""requestSource"": ""content-engine-migration"", ""type"": ""DOCUMENT_POWERPOINT"", ""name"": ""sample_pptx_file.pptx""}, ""representation_media"": [{""id"": ""R-PDF-1346754900981661328"", ""orgId"": ""1325703235261686415333333"", ""companyId"": ""1325703240109091977"", ""tenantId"": ""1325703235261686415333333"", ""authorizer"": ""4ca134bb1017b8f0"", ""globalContextId"": ""R-PDF-1346754900981661328"", ""representationName"": ""PDF"", ""sourceType"": ""sourceType"", ""mediaId"": ""1346754900981661328""}, {""id"": ""R-IMAGE-1346754900981661328"", ""orgId"": ""1325703235261686415333333"", ""companyId"": ""1325703240109091977"", ""tenantId"": ""1325703235261686415333333"", ""authorizer"": ""4ca134bb1017b8f0"", ""globalContextId"": ""R-IMAGE-1346754900981661328"", ""representationName"": ""IMAGE"", ""sourceType"": ""sourceType"", ""mediaId"": ""1346754900981661328""}], ""representation_properties_media"": [{""id"": ""R-PDF-1346754900981661328-210201115654852728-181"", ""orgId"": ""1325703235261686415333333"", ""companyId"": ""1325703240109091977"", ""tenantId"": ""1325703235261686415333333"", ""authorizer"": ""4ca134bb1017b8f0"", ""globalContextId"": ""R-PDF-1346754900981661328-210201115654852728-181"", ""representationId"": ""R-PDF-1346754900981661328"", ""infraMediaId"": ""DOCUMENT210201115451574696138"", ""division"": ""RAW""}, {""id"": ""R-IMAGE-1346754900981661328-210201115654852764-233"", ""orgId"": ""1325703235261686415333333"", ""companyId"": ""1325703240109091977"", ""tenantId"": ""1325703235261686415333333"", ""authorizer"": ""4ca134bb1017b8f0"", ""globalContextId"": ""R-IMAGE-1346754900981661328-210201115654852764-233"", ""representationId"": ""R-IMAGE-1346754900981661328"", ""infraMediaId"": ""CATALOGUE210201115451574769248"", ""division"": """"}]}"
"{""id"": ""1349014634102004630"", ""orgId"": ""1325703235261686415333333"", ""companyId"": ""1325703240109091977"", ""picasso_media"": {""id"": ""1349014634102004630"", ""orgId"": ""1325703235261686415333333"", ""companyId"": ""1325703240109091977"", ""tenantId"": ""1325703235261686415333333"", ""authorizer"": ""4ca08ed5e337570c"", ""globalContextId"": ""1349014634102004630"", ""infraMediaId"": ""DOCUMENT210201115451574976293"", ""requestSource"": ""content-engine-migration"", ""type"": ""DOCUMENT_EXCEL"", ""name"": ""DruvaPhoenixWhiteboardPitchScoreSheetv3.xlsx""}, ""representation_media"": [{""id"": ""R-PDF-1349014634102004630"", ""orgId"": ""1325703235261686415333333"", ""companyId"": ""1325703240109091977"", ""tenantId"": ""1325703235261686415333333"", ""authorizer"": ""4ca08ed5e337570c"", ""globalContextId"": ""R-PDF-1349014634102004630"", ""representationName"": ""PDF"", ""sourceType"": ""sourceType"", ""mediaId"": ""1349014634102004630""}, {""id"": ""R-IMAGE-1349014634102004630"", ""orgId"": ""1325703235261686415333333"", ""companyId"": ""1325703240109091977"", ""tenantId"": ""1325703235261686415333333"", ""authorizer"": ""4ca08ed5e337570c"", ""globalContextId"": ""R-IMAGE-1349014634102004630"", ""representationName"": ""IMAGE"", ""sourceType"": ""sourceType"", ""mediaId"": ""1349014634102004630""}], ""representation_properties_media"": [{""id"": ""R-PDF-1349014634102004630-210201115654852977-301"", ""orgId"": ""1325703235261686415333333"", ""companyId"": ""1325703240109091977"", ""tenantId"": ""1325703235261686415333333"", ""authorizer"": ""4ca08ed5e337570c"", ""globalContextId"": ""R-PDF-1349014634102004630-210201115654852977-301"", ""representationId"": ""R-PDF-1349014634102004630"", ""infraMediaId"": ""DOCUMENT210201115451575025451"", ""division"": ""RAW""}, {""id"": ""R-IMAGE-1349014634102004630-210201115654853014-275"", ""orgId"": ""1325703235261686415333333"", ""companyId"": ""1325703240109091977"", ""tenantId"": ""1325703235261686415333333"", ""authorizer"": ""4ca08ed5e337570c"", ""globalContextId"": ""R-IMAGE-1349014634102004630-210201115654853014-275"", ""representationId"": ""R-IMAGE-1349014634102004630"", ""infraMediaId"": ""CATALOGUE210201115451575097118"", ""division"": """"}]}"
"{""id"": ""1349637571369412665"", ""orgId"": ""1325703235261686415333333"", ""companyId"": ""1325703240109091977"", ""picasso_media"": {""id"": ""1349637571369412665"", ""orgId"": ""1325703235261686415333333"", ""companyId"": ""1325703240109091977"", ""tenantId"": ""1325703235261686415333333"", ""authorizer"": ""4ca08ed5e337570c"", ""globalContextId"": ""1349637571369412665"", ""infraMediaId"": ""DOCUMENT210201115451575307263"", ""requestSource"": ""content-engine-migration"", ""type"": ""DOCUMENT_PDF"", ""name"": ""3PagePdf.pdf""}, ""representation_media"": [{""id"": ""R-PDF-1349637571369412665"", ""orgId"": ""1325703235261686415333333"", ""companyId"": ""1325703240109091977"", ""tenantId"": ""1325703235261686415333333"", ""authorizer"": ""4ca08ed5e337570c"", ""globalContextId"": ""R-PDF-1349637571369412665"", ""representationName"": ""PDF"", ""sourceType"": ""sourceType"", ""mediaId"": ""1349637571369412665""}, {""id"": ""R-IMAGE-1349637571369412665"", ""orgId"": ""1325703235261686415333333"", ""companyId"": ""1325703240109091977"", ""tenantId"": ""1325703235261686415333333"", ""authorizer"": ""4ca08ed5e337570c"", ""globalContextId"": ""R-IMAGE-1349637571369412665"", ""representationName"": ""IMAGE"", ""sourceType"": ""sourceType"", ""mediaId"": ""1349637571369412665""}], ""representation_properties_media"": [{""id"": ""R-PDF-1349637571369412665-210201115655037856-485"", ""orgId"": ""1325703235261686415333333"", ""companyId"": ""1325703240109091977"", ""tenantId"": ""1325703235261686415333333"", ""authorizer"": ""4ca08ed5e337570c"", ""globalContextId"": ""R-PDF-1349637571369412665-210201115655037856-485"", ""representationId"": ""R-PDF-1349637571369412665"", ""infraMediaId"": ""DOCUMENT210201115451575351243"", ""division"": ""RAW""}, {""id"": ""R-IMAGE-1349637571369412665-210201115655037953-240"", ""orgId"": ""1325703235261686415333333"", ""companyId"": ""1325703240109091977"", ""tenantId"": ""1325703235261686415333333"", ""authorizer"": ""4ca08ed5e337570c"", ""globalContextId"": ""R-IMAGE-1349637571369412665-210201115655037953-240"", ""representationId"": ""R-IMAGE-1349637571369412665"", ""infraMediaId"": ""CATALOGUE21020111545157542310"", ""division"": """"}]}"
"{""id"": ""1346755156690585490"", ""orgId"": ""1325703235261686415333333"", ""companyId"": ""1325703240109091977"", ""picasso_media"": {""id"": ""1346755156690585490"", ""orgId"": ""1325703235261686415333333"", ""companyId"": ""1325703240109091977"", ""tenantId"": ""1325703235261686415333333"", ""authorizer"": ""4ca134bb1017b8f0"", ""globalContextId"": ""1346755156690585490"", ""infraMediaId"": ""AUDIO210201115451575622327"", ""requestSource"": ""content-engine-migration"", ""type"": ""AUDIO"", ""name"": ""sample_mp3.mp3""}, ""representation_media"": [{""id"": ""R-MP3-1346755156690585490"", ""orgId"": ""1325703235261686415333333"", ""companyId"": ""1325703240109091977"", ""tenantId"": ""1325703235261686415333333"", ""authorizer"": ""4ca134bb1017b8f0"", ""globalContextId"": ""R-MP3-1346755156690585490"", ""representationName"": ""MP3"", ""sourceType"": ""sourceType"", ""mediaId"": ""1346755156690585490""}], ""representation_properties_media"": [{""id"": ""R-MP3-1346755156690585490-210201115655038178-468"", ""orgId"": ""1325703235261686415333333"", ""companyId"": ""1325703240109091977"", ""tenantId"": ""1325703235261686415333333"", ""authorizer"": ""4ca134bb1017b8f0"", ""globalContextId"": ""R-MP3-1346755156690585490-210201115655038178-468"", ""representationId"": ""R-MP3-1346755156690585490"", ""infraMediaId"": ""AUDIO210201115451575666126"", ""division"": ""MP3""}]}"
"{""id"": ""1349013867566915205"", ""orgId"": ""1325703235261686415333333"", ""companyId"": ""1325703240109091977"", ""picasso_media"": {""id"": ""1349013867566915205"", ""orgId"": ""1325703235261686415333333"", ""companyId"": ""1325703240109091977"", ""tenantId"": ""1325703235261686415333333"", ""authorizer"": ""4ca08ed5e337570c"", ""globalContextId"": ""1349013867566915205"", ""infraMediaId"": ""DOCUMENT210201115451575850303"", ""requestSource"": ""content-engine-migration"", ""type"": ""DOCUMENT_PDF"", ""name"": ""NWP_Writing_Assignment_Framework_and_Overview.pdf""}, ""representation_media"": [{""id"": ""R-PDF-1349013867566915205"", ""orgId"": ""1325703235261686415333333"", ""companyId"": ""1325703240109091977"", ""tenantId"": ""1325703235261686415333333"", ""authorizer"": ""4ca08ed5e337570c"", ""globalContextId"": ""R-PDF-1349013867566915205"", ""representationName"": ""PDF"", ""sourceType"": ""sourceType"", ""mediaId"": ""1349013867566915205""}], ""representation_properties_media"": [{""id"": ""R-PDF-1349013867566915205-210201115655038463-192"", ""orgId"": ""1325703235261686415333333"", ""companyId"": ""1325703240109091977"", ""tenantId"": ""1325703235261686415333333"", ""authorizer"": ""4ca08ed5e337570c"", ""globalContextId"": ""R-PDF-1349013867566915205-210201115655038463-192"", ""representationId"": ""R-PDF-1349013867566915205"", ""infraMediaId"": ""DOCUMENT21020111545157589694"", ""division"": ""RAW""}]}"
"{""id"": ""1346755123995399200"", ""orgId"": ""1325703235261686415333333"", ""companyId"": ""1325703240109091977"", ""picasso_media"": {""id"": ""1346755123995399200"", ""orgId"": ""1325703235261686415333333"", ""companyId"": ""1325703240109091977"", ""tenantId"": ""1325703235261686415333333"", ""authorizer"": ""4ca134bb1017b8f0"", ""globalContextId"": ""1346755123995399200"", ""infraMediaId"": ""DOCUMENT210201115451576140411"", ""requestSource"": ""content-engine-migration"", ""type"": ""DOCUMENT_POWERPOINT"", ""name"": ""sample_pptx_file.pptx""}, ""representation_media"": [{""id"": ""R-PDF-1346755123995399200"", ""orgId"": ""1325703235261686415333333"", ""companyId"": ""1325703240109091977"", ""tenantId"": ""1325703235261686415333333"", ""authorizer"": ""4ca134bb1017b8f0"", ""globalContextId"": ""R-PDF-1346755123995399200"", ""representationName"": ""PDF"", ""sourceType"": ""sourceType"", ""mediaId"": ""1346755123995399200""}, {""id"": ""R-IMAGE-1346755123995399200"", ""orgId"": ""1325703235261686415333333"", ""companyId"": ""1325703240109091977"", ""tenantId"": ""1325703235261686415333333"", ""authorizer"": ""4ca134bb1017b8f0"", ""globalContextId"": ""R-IMAGE-1346755123995399200"", ""representationName"": ""IMAGE"", ""sourceType"": ""sourceType"", ""mediaId"": ""1346755123995399200""}], ""representation_properties_media"": [{""id"": ""R-PDF-1346755123995399200-210201115655038720-460"", ""orgId"": ""1325703235261686415333333"", ""companyId"": ""1325703240109091977"", ""tenantId"": ""1325703235261686415333333"", ""authorizer"": ""4ca134bb1017b8f0"", ""globalContextId"": ""R-PDF-1346755123995399200-210201115655038720-460"", ""representationId"": ""R-PDF-1346755123995399200"", ""infraMediaId"": ""DOCUMENT210201115451576188406"", ""division"": ""RAW""}, {""id"": ""R-IMAGE-1346755123995399200-210201115655038772-145"", ""orgId"": ""1325703235261686415333333"", ""companyId"": ""1325703240109091977"", ""tenantId"": ""1325703235261686415333333"", ""authorizer"": ""4ca134bb1017b8f0"", ""globalContextId"": ""R-IMAGE-1346755123995399200-210201115655038772-145"", ""representationId"": ""R-IMAGE-1346755123995399200"", ""infraMediaId"": ""CATALOGUE210201115451576261391"", ""division"": """"}]}"
"{""id"": ""1346754308544613750"", ""orgId"": ""1325703235261686415333333"", ""companyId"": ""1325703240109091977"", ""picasso_media"": {""id"": ""1346754308544613750"", ""orgId"": ""1325703235261686415333333"", ""companyId"": ""1325703240109091977"", ""tenantId"": ""1325703235261686415333333"", ""authorizer"": ""4ca134bb1017b8f0"", ""globalContextId"": ""1346754308544613750"", ""infraMediaId"": ""AUDIO210201115451576461327"", ""requestSource"": ""content-engine-migration"", ""type"": ""AUDIO"", ""name"": ""sample_mp3.mp3""}, ""representation_media"": [{""id"": ""R-MP3-1346754308544613750"", ""orgId"": ""1325703235261686415333333"", ""companyId"": ""1325703240109091977"", ""tenantId"": ""1325703235261686415333333"", ""authorizer"": ""4ca134bb1017b8f0"", ""globalContextId"": ""R-MP3-1346754308544613750"", ""representationName"": ""MP3"", ""sourceType"": ""sourceType"", ""mediaId"": ""1346754308544613750""}], ""representation_properties_media"": [{""id"": ""R-MP3-1346754308544613750-210201115655038964-327"", ""orgId"": ""1325703235261686415333333"", ""companyId"": ""1325703240109091977"", ""tenantId"": ""1325703235261686415333333"", ""authorizer"": ""4ca134bb1017b8f0"", ""globalContextId"": ""R-MP3-1346754308544613750-210201115655038964-327"", ""representationId"": ""R-MP3-1346754308544613750"", ""infraMediaId"": ""AUDIO210201115451576506225"", ""division"": ""MP3""}]}"
"{""id"": ""1349554720670728729"", ""orgId"": ""1325703235261686415333333"", ""companyId"": ""1325703240109091977"", ""picasso_media"": {""id"": ""1349554720670728729"", ""orgId"": ""1325703235261686415333333"", ""companyId"": ""1325703240109091977"", ""tenantId"": ""1325703235261686415333333"", ""authorizer"": ""4ca08ed5e337570c"", ""globalContextId"": ""1349554720670728729"", ""infraMediaId"": ""AUDIO210201115451903074486"", ""requestSource"": ""content-engine-migration"", ""type"": ""AUDIO"", ""name"": ""1325703240109091977/user/4ca08ed5e337570c/VoiceOverSlideshow/1349553920972518958/1/audio/1610593910299.webm""}, ""representation_media"": [{""id"": ""R-MP3-1349554720670728729"", ""orgId"": ""1325703235261686415333333"", ""companyId"": ""1325703240109091977"", ""tenantId"": ""1325703235261686415333333"", ""authorizer"": ""4ca08ed5e337570c"", ""globalContextId"": ""R-MP3-1349554720670728729"", ""representationName"": ""MP3"", ""sourceType"": ""sourceType"", ""mediaId"": ""1349554720670728729""}], ""representation_properties_media"": [{""id"": ""R-MP3-1349554720670728729-210201115655200314-16"", ""orgId"": ""1325703235261686415333333"", ""companyId"": ""1325703240109091977"", ""tenantId"": ""1325703235261686415333333"", ""authorizer"": ""4ca08ed5e337570c"", ""globalContextId"": ""R-MP3-1349554720670728729-210201115655200314-16"", ""representationId"": ""R-MP3-1349554720670728729"", ""infraMediaId"": ""AUDIO210201115451903186461"", ""division"": ""MP3""}]}"
"{""id"": ""1348500726591568019"", ""orgId"": ""1325703235261686415333333"", ""companyId"": ""1325703240109091977"", ""picasso_media"": {""id"": ""1348500726591568019"", ""orgId"": ""1325703235261686415333333"", ""companyId"": ""1325703240109091977"", ""tenantId"": ""1325703235261686415333333"", ""authorizer"": ""4ca08ed5e337570c"", ""globalContextId"": ""1348500726591568019"", ""infraMediaId"": ""DOCUMENT210201115451903490385"", ""requestSource"": ""content-engine-migration"", ""type"": ""DOCUMENT_PDF"", ""name"": ""SamplePDFFile_5mb.pdf""}, ""representation_media"": [{""id"": ""R-PDF-1348500726591568019"", ""orgId"": ""1325703235261686415333333"", ""companyId"": ""1325703240109091977"", ""tenantId"": ""1325703235261686415333333"", ""authorizer"": ""4ca08ed5e337570c"", ""globalContextId"": ""R-PDF-1348500726591568019"", ""representationName"": ""PDF"", ""sourceType"": ""sourceType"", ""mediaId"": ""1348500726591568019""}, {""id"": ""R-IMAGE-1348500726591568019"", ""orgId"": ""1325703235261686415333333"", ""companyId"": ""1325703240109091977"", ""tenantId"": ""1325703235261686415333333"", ""authorizer"": ""4ca08ed5e337570c"", ""globalContextId"": ""R-IMAGE-1348500726591568019"", ""representationName"": ""IMAGE"", ""sourceType"": ""sourceType"", ""mediaId"": ""1348500726591568019""}], ""representation_properties_media"": [{""id"": ""R-PDF-1348500726591568019-210201115655200639-34"", ""orgId"": ""1325703235261686415333333"", ""companyId"": ""1325703240109091977"", ""tenantId"": ""1325703235261686415333333"", ""authorizer"": ""4ca08ed5e337570c"", ""globalContextId"": ""R-PDF-1348500726591568019-210201115655200639-34"", ""representationId"": ""R-PDF-1348500726591568019"", ""infraMediaId"": ""DOCUMENT210201115451903567195"", ""division"": ""RAW""}, {""id"": ""R-IMAGE-1348500726591568019-210201115655200698-163"", ""orgId"": ""1325703235261686415333333"", ""companyId"": ""1325703240109091977"", ""tenantId"": ""1325703235261686415333333"", ""authorizer"": ""4ca08ed5e337570c"", ""globalContextId"": ""R-IMAGE-1348500726591568019-210201115655200698-163"", ""representationId"": ""R-IMAGE-1348500726591568019"", ""infraMediaId"": ""CATALOGUE210201115451903685479"", ""division"": """"}]}"
"{""id"": ""1346754374438585066"", ""orgId"": ""1325703235261686415333333"", ""companyId"": ""1325703240109091977"", ""picasso_media"": {""id"": ""1346754374438585066"", ""orgId"": ""1325703235261686415333333"", ""companyId"": ""1325703240109091977"", ""tenantId"": ""1325703235261686415333333"", ""authorizer"": ""4ca134bb1017b8f0"", ""globalContextId"": ""1346754374438585066"", ""infraMediaId"": ""AUDIO210201115451904011429"", ""requestSource"": ""content-engine-migration"", ""type"": ""AUDIO"", ""name"": ""sample_mp3.mp3""}, ""representation_media"": [{""id"": ""R-MP3-1346754374438585066"", ""orgId"": ""1325703235261686415333333"", ""companyId"": ""1325703240109091977"", ""tenantId"": ""1325703235261686415333333"", ""authorizer"": ""4ca134bb1017b8f0"", ""globalContextId"": ""R-MP3-1346754374438585066"", ""representationName"": ""MP3"", ""sourceType"": ""sourceType"", ""mediaId"": ""1346754374438585066""}], ""representation_properties_media"": [{""id"": ""R-MP3-1346754374438585066-210201115655200901-164"", ""orgId"": ""1325703235261686415333333"", ""companyId"": ""1325703240109091977"", ""tenantId"": ""1325703235261686415333333"", ""authorizer"": ""4ca134bb1017b8f0"", ""globalContextId"": ""R-MP3-1346754374438585066-210201115655200901-164"", ""representationId"": ""R-MP3-1346754374438585066"", ""infraMediaId"": ""AUDIO210201115451904164177"", ""division"": ""MP3""}]}"
"{""id"": ""1349026713371253640"", ""orgId"": ""1325703235261686415333333"", ""companyId"": ""1325703240109091977"", ""picasso_media"": {""id"": ""1349026713371253640"", ""orgId"": ""1325703235261686415333333"", ""companyId"": ""1325703240109091977"", ""tenantId"": ""1325703235261686415333333"", ""authorizer"": ""4ca08ed5e337570c"", ""globalContextId"": ""1349026713371253640"", ""infraMediaId"": ""DOCUMENT210201115451904424230"", ""requestSource"": ""content-engine-migration"", ""type"": ""DOCUMENT_EXCEL"", ""name"": ""DruvaPhoenixWhiteboardPitchScoreSheetv3.xlsx""}, ""representation_media"": [{""id"": ""R-PDF-1349026713371253640"", ""orgId"": ""1325703235261686415333333"", ""companyId"": ""1325703240109091977"", ""tenantId"": ""1325703235261686415333333"", ""authorizer"": ""4ca08ed5e337570c"", ""globalContextId"": ""R-PDF-1349026713371253640"", ""representationName"": ""PDF"", ""sourceType"": ""sourceType"", ""mediaId"": ""1349026713371253640""}, {""id"": ""R-IMAGE-1349026713371253640"", ""orgId"": ""1325703235261686415333333"", ""companyId"": ""1325703240109091977"", ""tenantId"": ""1325703235261686415333333"", ""authorizer"": ""4ca08ed5e337570c"", ""globalContextId"": ""R-IMAGE-1349026713371253640"", ""representationName"": ""IMAGE"", ""sourceType"": ""sourceType"", ""mediaId"": ""1349026713371253640""}], ""representation_properties_media"": [{""id"": ""R-PDF-1349026713371253640-210201115655201185-464"", ""orgId"": ""1325703235261686415333333"", ""companyId"": ""1325703240109091977"", ""tenantId"": ""1325703235261686415333333"", ""authorizer"": ""4ca08ed5e337570c"", ""globalContextId"": ""R-PDF-1349026713371253640-210201115655201185-464"", ""representationId"": ""R-PDF-1349026713371253640"", ""infraMediaId"": ""DOCUMENT210201115451904498183"", ""division"": ""RAW""}, {""id"": ""R-IMAGE-1349026713371253640-210201115655201239-274"", ""orgId"": ""1325703235261686415333333"", ""companyId"": ""1325703240109091977"", ""tenantId"": ""1325703235261686415333333"", ""authorizer"": ""4ca08ed5e337570c"", ""globalContextId"": ""R-IMAGE-1349026713371253640-210201115655201239-274"", ""representationId"": ""R-IMAGE-1349026713371253640"", ""infraMediaId"": ""CATALOGUE2102011154519046203"", ""division"": """"}]}"
