mtgame-cdn.mindtickle.com,1282969819443079556/user/4b70ec1dc731b94a/1594721073444_4b70ec1dc731b94a_HPCLearningCurriculum_Partner_July2020pdf.pdf/imagified/out_{image_num}.png,mt-picasso-asia-singapore,1282969818431751597444555/1282969819443079556/CATALOGUE210201133326253880245/out_{image_num}.png
mtgame-cdn.mindtickle.com,1282969819443079556/user/4b70ec1dc731b94a/1594721207533_4b70ec1dc731b94a_SamplePPTFile_1000kbppt.ppt/imagified/out_{image_num}.png,mt-picasso-asia-singapore,1282969818431751597444555/1282969819443079556/CATALOGUE21020113332625427910/out_{image_num}.png
mtgame-cdn.mindtickle.com,1282969819443079556/user/4b70ec1dc731b94a/1594724336513_4b70ec1dc731b94a_majorpdf.pdf/imagified/out_{image_num}.png,mt-picasso-asia-singapore,1282969818431751597444555/1282969819443079556/CATALOGUE2102011333262551937/out_{image_num}.png
mtgame-cdn.mindtickle.com,1282969819443079556/user/4b70ec1dc731b94a/1594785915044_4b70ec1dc731b94a_majorpdf.pdf/imagified/out_{image_num}.png,mt-picasso-asia-singapore,1282969818431751597444555/1282969819443079556/CATALOGUE210201133326255591179/out_{image_num}.png
mtgame-cdn.mindtickle.com,1282969819443079556/user/4b70ec1dc731b94a/1594793604882_4b70ec1dc731b94a_SamplePPTFile_500kbppt.ppt/imagified/out_{image_num}.png,mt-picasso-asia-singapore,1282969818431751597444555/1282969819443079556/CATALOGUE210201133326570949274/out_{image_num}.png
mtgame-cdn.mindtickle.com,1282969819443079556/user/4b70ec1dc731b94a/1594797266724_4b70ec1dc731b94a_SamplePPTFile_500kbppt.ppt/imagified/out_{image_num}.png,mt-picasso-asia-singapore,1282969818431751597444555/1282969819443079556/CATALOGUE210201133326571508232/out_{image_num}.png
mtgame-cdn.mindtickle.com,1282969819443079556/user/4b70ec1dc731b94a/1594902106705_4b70ec1dc731b94a_filesample_100kBdocx.docx/imagified/out_{image_num}.png,mt-picasso-asia-singapore,1282969818431751597444555/1282969819443079556/CATALOGUE210201133326889244162/out_{image_num}.png
mtgame-cdn.mindtickle.com,1282969819443079556/user/4b70ec1dc731b94a/1594902119177_4b70ec1dc731b94a_xlsdemo2pdf.pdf/imagified/out_{image_num}.png,mt-picasso-asia-singapore,1282969818431751597444555/1282969819443079556/CATALOGUE21020113332688974636/out_{image_num}.png
mtgame-cdn.mindtickle.com,1282969819443079556/user/4b70ec1dc731b94a/1594902332596_4b70ec1dc731b94a_SamplePPTFile_1000kbppt.ppt/imagified/out_{image_num}.png,mt-picasso-asia-singapore,1282969818431751597444555/1282969819443079556/CATALOGUE210201133326890287422/out_{image_num}.png
mtgame-cdn.mindtickle.com,1282969819443079556/user/4b70ec1dc731b94a/1594902559991_4b70ec1dc731b94a_samplepptxpptx.pptx/imagified/out_{image_num}.png,mt-picasso-asia-singapore,1282969818431751597444555/1282969819443079556/CATALOGUE21020113332689068890/out_{image_num}.png
mtgame-cdn.mindtickle.com,1282969819443079556/user/4b70ec1dc731b94a/1594902570560_4b70ec1dc731b94a_SampleQuestionUploadxls.xls/imagified/out_{image_num}.png,mt-picasso-asia-singapore,1282969818431751597444555/1282969819443079556/CATALOGUE210201133326891079272/out_{image_num}.png
mtgame-cdn.mindtickle.com,1282969819443079556/user/4b70ec1dc731b94a/1594902892430_4b70ec1dc731b94a_file_example_XLSX_100xlsx.xlsx/imagified/out_{image_num}.png,mt-picasso-asia-singapore,1282969818431751597444555/1282969819443079556/CATALOGUE210201133326891477419/out_{image_num}.png
mtgame-cdn.mindtickle.com,1282969819443079556/user/4b70ec1dc731b94a/1594905255749_4b70ec1dc731b94a_majorpdf.pdf/imagified/out_{image_num}.png,mt-picasso-asia-singapore,1282969818431751597444555/1282969819443079556/CATALOGUE210201133327247299267/out_{image_num}.png
mtgame-cdn.mindtickle.com,1282969819443079556/user/4b710f476ddc58ac/1594910040742_4b710f476ddc58ac_samplepdf.pdf/imagified/out_{image_num}.png,mt-picasso-asia-singapore,1282969818431751597444555/1282969819443079556/CATALOGUE210201133327248668177/out_{image_num}.png
mtgame-cdn.mindtickle.com,1282969819443079556/user/4b70ec1dc731b94a/1595908122244_4b70ec1dc731b94a_filesample_1MBdocx.docx/imagified/out_{image_num}.png,mt-picasso-asia-singapore,1282969818431751597444555/1282969819443079556/CATALOGUE210201133327593953422/out_{image_num}.png
mtgame-cdn.mindtickle.com,1282969819443079556/user/4b70ec1dc731b94a/1595908144490_4b70ec1dc731b94a_SamplePPTFile_500kbppt.ppt/imagified/out_{image_num}.png,mt-picasso-asia-singapore,1282969818431751597444555/1282969819443079556/CATALOGUE210201133327594656275/out_{image_num}.png
mtgame-cdn.mindtickle.com,1282969819443079556/user/4b70ec1dc731b94a/1595908154357_4b70ec1dc731b94a_samplepptxpptx.pptx/imagified/out_{image_num}.png,mt-picasso-asia-singapore,1282969818431751597444555/1282969819443079556/CATALOGUE21020113332759512310/out_{image_num}.png
mtgame-cdn.mindtickle.com,1282969819443079556/user/4b70ec1dc731b94a/1595908174694_4b70ec1dc731b94a_SampleXLSFile_19kbxls.xls/imagified/out_{image_num}.png,mt-picasso-asia-singapore,1282969818431751597444555/1282969819443079556/CATALOGUE210201133327792114478/out_{image_num}.png
mtgame-cdn.mindtickle.com,1282969819443079556/user/4b710f476ddc58ac/1596424643186_4b710f476ddc58ac_majorpdf.pdf/imagified/out_{image_num}.png,mt-picasso-asia-singapore,1282969818431751597444555/1282969819443079556/CATALOGUE21020113332779489420/out_{image_num}.png
mtgame-cdn.mindtickle.com,1282969819443079556/user/4b70ec1dc731b94a/1596887422562_4b70ec1dc731b94a_samplepptxpptx.pptx/imagified/out_{image_num}.png,mt-picasso-asia-singapore,1282969818431751597444555/1282969819443079556/CATALOGUE210201133328854985476/out_{image_num}.png
mtgame-cdn.mindtickle.com,1282969819443079556/user/4b70ec1dc731b94a/1596891466391_4b70ec1dc731b94a_samplepptxpptx.pptx/imagified/out_{image_num}.png,mt-picasso-asia-singapore,1282969818431751597444555/1282969819443079556/CATALOGUE210201133328856551352/out_{image_num}.png
mtgame-cdn.mindtickle.com,1282969819443079556/user/4b70ec1dc731b94a/1597043809897_4b70ec1dc731b94a_majorpdf.pdf/imagified/out_{image_num}.png,mt-picasso-asia-singapore,1282969818431751597444555/1282969819443079556/CATALOGUE210201133329057097193/out_{image_num}.png
mtgame-cdn.mindtickle.com,1282969819443079556/user/4b70ec1dc731b94a/1597049029924_4b70ec1dc731b94a_majorpdf.pdf/imagified/out_{image_num}.png,mt-picasso-asia-singapore,1282969818431751597444555/1282969819443079556/CATALOGUE210201133329057800330/out_{image_num}.png
mtgame-cdn.mindtickle.com,1282969819443079556/user/4b70ec1dc731b94a/1597130291462_4b70ec1dc731b94a_CandidateHallTicket2pdf.pdf/imagified/out_{image_num}.png,mt-picasso-asia-singapore,1282969818431751597444555/1282969819443079556/CATALOGUE21020113332933828132/out_{image_num}.png
mtgame-cdn.mindtickle.com,1282969819443079556/user/4b70ec1dc731b94a/1597130359534_4b70ec1dc731b94a_InvoiceOD109560653177831000pdf.pdf/imagified/out_{image_num}.png,mt-picasso-asia-singapore,1282969818431751597444555/1282969819443079556/CATALOGUE210201133329338673469/out_{image_num}.png
mtgame-cdn.mindtickle.com,1282969819443079556/user/4b70ec1dc731b94a/1597573733779_4b70ec1dc731b94a_SamplePDFFile_5mbpdf.pdf/imagified/out_{image_num}.png,mt-picasso-asia-singapore,1282969818431751597444555/1282969819443079556/CATALOGUE210201133329339306124/out_{image_num}.png
