"{""id"": ""1359747935363211680"", ""orgId"": ""1211537031289653682"", ""companyId"": ""1211537031860607006"", ""picasso_media"": {""id"": ""1359747935363211680"", ""orgId"": ""1211537031289653682"", ""companyId"": ""1211537031860607006"", ""tenantId"": ""1211537031289653682"", ""authorizer"": ""4b2b8126b3925e29"", ""globalContextId"": ""1359747935363211680"", ""infraMediaId"": ""AUDIO210211144304030620401"", ""requestSource"": ""content-engine-migration"", ""type"": ""AUDIO"", ""name"": ""ff-16b-2c-44100hz.aac""}, ""representation_media"": [{""id"": ""R-MP3-1359747935363211680"", ""orgId"": ""1211537031289653682"", ""companyId"": ""1211537031860607006"", ""tenantId"": ""1211537031289653682"", ""authorizer"": ""4b2b8126b3925e29"", ""globalContextId"": ""R-MP3-1359747935363211680"", ""representationName"": ""MP3"", ""sourceType"": ""sourceType"", ""mediaId"": ""1359747935363211680""}], ""representation_properties_media"": [{""id"": ""R-MP3-1359747935363211680-210211144315511627-285"", ""orgId"": ""1211537031289653682"", ""companyId"": ""1211537031860607006"", ""tenantId"": ""1211537031289653682"", ""authorizer"": ""4b2b8126b3925e29"", ""globalContextId"": ""R-MP3-1359747935363211680-210211144315511627-285"", ""representationId"": ""R-MP3-1359747935363211680"", ""infraMediaId"": ""AUDIO21021114430403066517"", ""division"": ""MP3""}]}"
"{""id"": ""1359748084006851950"", ""orgId"": ""1211537031289653682"", ""companyId"": ""1211537031860607006"", ""picasso_media"": {""id"": ""1359748084006851950"", ""orgId"": ""1211537031289653682"", ""companyId"": ""1211537031860607006"", ""tenantId"": ""1211537031289653682"", ""authorizer"": ""4b2b8126b3925e29"", ""globalContextId"": ""1359748084006851950"", ""infraMediaId"": ""AUDIO210211144304030840333"", ""requestSource"": ""content-engine-migration"", ""type"": ""AUDIO"", ""name"": ""sample1.m4a""}, ""representation_media"": [{""id"": ""R-MP3-1359748084006851950"", ""orgId"": ""1211537031289653682"", ""companyId"": ""1211537031860607006"", ""tenantId"": ""1211537031289653682"", ""authorizer"": ""4b2b8126b3925e29"", ""globalContextId"": ""R-MP3-1359748084006851950"", ""representationName"": ""MP3"", ""sourceType"": ""sourceType"", ""mediaId"": ""1359748084006851950""}], ""representation_properties_media"": [{""id"": ""R-MP3-1359748084006851950-210211144315511929-335"", ""orgId"": ""1211537031289653682"", ""companyId"": ""1211537031860607006"", ""tenantId"": ""1211537031289653682"", ""authorizer"": ""4b2b8126b3925e29"", ""globalContextId"": ""R-MP3-1359748084006851950-210211144315511929-335"", ""representationId"": ""R-MP3-1359748084006851950"", ""infraMediaId"": ""AUDIO21021114430403088929"", ""division"": ""MP3""}]}"
"{""id"": ""1359748224022599988"", ""orgId"": ""1211537031289653682"", ""companyId"": ""1211537031860607006"", ""picasso_media"": {""id"": ""1359748224022599988"", ""orgId"": ""1211537031289653682"", ""companyId"": ""1211537031860607006"", ""tenantId"": ""1211537031289653682"", ""authorizer"": ""4b2b8126b3925e29"", ""globalContextId"": ""1359748224022599988"", ""infraMediaId"": ""AUDIO210211144304031042260"", ""requestSource"": ""content-engine-migration"", ""type"": ""AUDIO"", ""name"": ""file_example_OOG_1MG.ogg""}, ""representation_media"": [{""id"": ""R-MP3-1359748224022599988"", ""orgId"": ""1211537031289653682"", ""companyId"": ""1211537031860607006"", ""tenantId"": ""1211537031289653682"", ""authorizer"": ""4b2b8126b3925e29"", ""globalContextId"": ""R-MP3-1359748224022599988"", ""representationName"": ""MP3"", ""sourceType"": ""sourceType"", ""mediaId"": ""1359748224022599988""}], ""representation_properties_media"": [{""id"": ""R-MP3-1359748224022599988-210211144315512096-439"", ""orgId"": ""1211537031289653682"", ""companyId"": ""1211537031860607006"", ""tenantId"": ""1211537031289653682"", ""authorizer"": ""4b2b8126b3925e29"", ""globalContextId"": ""R-MP3-1359748224022599988-210211144315512096-439"", ""representationId"": ""R-MP3-1359748224022599988"", ""infraMediaId"": ""AUDIO210211144304031089218"", ""division"": ""MP3""}]}"
"{""id"": ""1359748384441108928"", ""orgId"": ""1211537031289653682"", ""companyId"": ""1211537031860607006"", ""picasso_media"": {""id"": ""1359748384441108928"", ""orgId"": ""1211537031289653682"", ""companyId"": ""1211537031860607006"", ""tenantId"": ""1211537031289653682"", ""authorizer"": ""4b2b8126b3925e29"", ""globalContextId"": ""1359748384441108928"", ""infraMediaId"": ""AUDIO21021114430403130985"", ""requestSource"": ""content-engine-migration"", ""type"": ""AUDIO"", ""name"": ""sample1.oga""}, ""representation_media"": [{""id"": ""R-MP3-1359748384441108928"", ""orgId"": ""1211537031289653682"", ""companyId"": ""1211537031860607006"", ""tenantId"": ""1211537031289653682"", ""authorizer"": ""4b2b8126b3925e29"", ""globalContextId"": ""R-MP3-1359748384441108928"", ""representationName"": ""MP3"", ""sourceType"": ""sourceType"", ""mediaId"": ""1359748384441108928""}], ""representation_properties_media"": [{""id"": ""R-MP3-1359748384441108928-210211144315512243-452"", ""orgId"": ""1211537031289653682"", ""companyId"": ""1211537031860607006"", ""tenantId"": ""1211537031289653682"", ""authorizer"": ""4b2b8126b3925e29"", ""globalContextId"": ""R-MP3-1359748384441108928-210211144315512243-452"", ""representationId"": ""R-MP3-1359748384441108928"", ""infraMediaId"": ""AUDIO21021114430403135854"", ""division"": ""MP3""}]}"
"{""id"": ""1359748499574458337"", ""orgId"": ""1211537031289653682"", ""companyId"": ""1211537031860607006"", ""picasso_media"": {""id"": ""1359748499574458337"", ""orgId"": ""1211537031289653682"", ""companyId"": ""1211537031860607006"", ""tenantId"": ""1211537031289653682"", ""authorizer"": ""4b2b8126b3925e29"", ""globalContextId"": ""1359748499574458337"", ""infraMediaId"": ""AUDIO21021114430403153774"", ""requestSource"": ""content-engine-migration"", ""type"": ""AUDIO"", ""name"": ""file_example_WAV_1MG.wav""}, ""representation_media"": [{""id"": ""R-MP3-1359748499574458337"", ""orgId"": ""1211537031289653682"", ""companyId"": ""1211537031860607006"", ""tenantId"": ""1211537031289653682"", ""authorizer"": ""4b2b8126b3925e29"", ""globalContextId"": ""R-MP3-1359748499574458337"", ""representationName"": ""MP3"", ""sourceType"": ""sourceType"", ""mediaId"": ""1359748499574458337""}], ""representation_properties_media"": [{""id"": ""R-MP3-1359748499574458337-210211144315512388-155"", ""orgId"": ""1211537031289653682"", ""companyId"": ""1211537031860607006"", ""tenantId"": ""1211537031289653682"", ""authorizer"": ""4b2b8126b3925e29"", ""globalContextId"": ""R-MP3-1359748499574458337-210211144315512388-155"", ""representationId"": ""R-MP3-1359748499574458337"", ""infraMediaId"": ""AUDIO210211144304031586185"", ""division"": ""MP3""}]}"
"{""id"": ""1359748611910378151"", ""orgId"": ""1211537031289653682"", ""companyId"": ""1211537031860607006"", ""picasso_media"": {""id"": ""1359748611910378151"", ""orgId"": ""1211537031289653682"", ""companyId"": ""1211537031860607006"", ""tenantId"": ""1211537031289653682"", ""authorizer"": ""4b2b8126b3925e29"", ""globalContextId"": ""1359748611910378151"", ""infraMediaId"": ""DOCUMENT21021114430430498111"", ""requestSource"": ""content-engine-migration"", ""type"": ""DOCUMENT_PDF"", ""name"": ""file-example_PDF_1MB.pdf""}, ""representation_media"": [{""id"": ""R-PDF-1359748611910378151"", ""orgId"": ""1211537031289653682"", ""companyId"": ""1211537031860607006"", ""tenantId"": ""1211537031289653682"", ""authorizer"": ""4b2b8126b3925e29"", ""globalContextId"": ""R-PDF-1359748611910378151"", ""representationName"": ""PDF"", ""sourceType"": ""sourceType"", ""mediaId"": ""1359748611910378151""}, {""id"": ""R-IMAGE-1359748611910378151"", ""orgId"": ""1211537031289653682"", ""companyId"": ""1211537031860607006"", ""tenantId"": ""1211537031289653682"", ""authorizer"": ""4b2b8126b3925e29"", ""globalContextId"": ""R-IMAGE-1359748611910378151"", ""representationName"": ""IMAGE"", ""sourceType"": ""sourceType"", ""mediaId"": ""1359748611910378151""}], ""representation_properties_media"": [{""id"": ""R-PDF-1359748611910378151-210211144315735930-103"", ""orgId"": ""1211537031289653682"", ""companyId"": ""1211537031860607006"", ""tenantId"": ""1211537031289653682"", ""authorizer"": ""4b2b8126b3925e29"", ""globalContextId"": ""R-PDF-1359748611910378151-210211144315735930-103"", ""representationId"": ""R-PDF-1359748611910378151"", ""infraMediaId"": ""DOCUMENT210211144304305066477"", ""division"": ""PDF""}, {""id"": ""R-IMAGE-1359748611910378151-210211144315735997-257"", ""orgId"": ""1211537031289653682"", ""companyId"": ""1211537031860607006"", ""tenantId"": ""1211537031289653682"", ""authorizer"": ""4b2b8126b3925e29"", ""globalContextId"": ""R-IMAGE-1359748611910378151-210211144315735997-257"", ""representationId"": ""R-IMAGE-1359748611910378151"", ""infraMediaId"": ""CATALOGUE210211144304305114251"", ""division"": ""IMAGE""}]}"
"{""id"": ""1359748724187533166"", ""orgId"": ""1211537031289653682"", ""companyId"": ""1211537031860607006"", ""picasso_media"": {""id"": ""1359748724187533166"", ""orgId"": ""1211537031289653682"", ""companyId"": ""1211537031860607006"", ""tenantId"": ""1211537031289653682"", ""authorizer"": ""4b2b8126b3925e29"", ""globalContextId"": ""1359748724187533166"", ""infraMediaId"": ""DOCUMENT21021114430430535630"", ""requestSource"": ""content-engine-migration"", ""type"": ""DOCUMENT_WORD"", ""name"": ""sample.doc""}, ""representation_media"": [{""id"": ""R-PDF-1359748724187533166"", ""orgId"": ""1211537031289653682"", ""companyId"": ""1211537031860607006"", ""tenantId"": ""1211537031289653682"", ""authorizer"": ""4b2b8126b3925e29"", ""globalContextId"": ""R-PDF-1359748724187533166"", ""representationName"": ""PDF"", ""sourceType"": ""sourceType"", ""mediaId"": ""1359748724187533166""}, {""id"": ""R-IMAGE-1359748724187533166"", ""orgId"": ""1211537031289653682"", ""companyId"": ""1211537031860607006"", ""tenantId"": ""1211537031289653682"", ""authorizer"": ""4b2b8126b3925e29"", ""globalContextId"": ""R-IMAGE-1359748724187533166"", ""representationName"": ""IMAGE"", ""sourceType"": ""sourceType"", ""mediaId"": ""1359748724187533166""}], ""representation_properties_media"": [{""id"": ""R-PDF-1359748724187533166-210211144315736179-32"", ""orgId"": ""1211537031289653682"", ""companyId"": ""1211537031860607006"", ""tenantId"": ""1211537031289653682"", ""authorizer"": ""4b2b8126b3925e29"", ""globalContextId"": ""R-PDF-1359748724187533166-210211144315736179-32"", ""representationId"": ""R-PDF-1359748724187533166"", ""infraMediaId"": ""DOCUMENT210211144304305409151"", ""division"": ""PDF""}, {""id"": ""R-IMAGE-1359748724187533166-210211144315736227-461"", ""orgId"": ""1211537031289653682"", ""companyId"": ""1211537031860607006"", ""tenantId"": ""1211537031289653682"", ""authorizer"": ""4b2b8126b3925e29"", ""globalContextId"": ""R-IMAGE-1359748724187533166-210211144315736227-461"", ""representationId"": ""R-IMAGE-1359748724187533166"", ""infraMediaId"": ""CATALOGUE210211144304305453204"", ""division"": ""IMAGE""}]}"
"{""id"": ""1359748888964546750"", ""orgId"": ""1211537031289653682"", ""companyId"": ""1211537031860607006"", ""picasso_media"": {""id"": ""1359748888964546750"", ""orgId"": ""1211537031289653682"", ""companyId"": ""1211537031860607006"", ""tenantId"": ""1211537031289653682"", ""authorizer"": ""4b2b8126b3925e29"", ""globalContextId"": ""1359748888964546750"", ""infraMediaId"": ""DOCUMENT210211144304305662177"", ""requestSource"": ""content-engine-migration"", ""type"": ""DOCUMENT_WORD"", ""name"": ""Creative Project Presentation Template.docx""}, ""representation_media"": [{""id"": ""R-PDF-1359748888964546750"", ""orgId"": ""1211537031289653682"", ""companyId"": ""1211537031860607006"", ""tenantId"": ""1211537031289653682"", ""authorizer"": ""4b2b8126b3925e29"", ""globalContextId"": ""R-PDF-1359748888964546750"", ""representationName"": ""PDF"", ""sourceType"": ""sourceType"", ""mediaId"": ""1359748888964546750""}, {""id"": ""R-IMAGE-1359748888964546750"", ""orgId"": ""1211537031289653682"", ""companyId"": ""1211537031860607006"", ""tenantId"": ""1211537031289653682"", ""authorizer"": ""4b2b8126b3925e29"", ""globalContextId"": ""R-IMAGE-1359748888964546750"", ""representationName"": ""IMAGE"", ""sourceType"": ""sourceType"", ""mediaId"": ""1359748888964546750""}], ""representation_properties_media"": [{""id"": ""R-PDF-1359748888964546750-210211144315736404-488"", ""orgId"": ""1211537031289653682"", ""companyId"": ""1211537031860607006"", ""tenantId"": ""1211537031289653682"", ""authorizer"": ""4b2b8126b3925e29"", ""globalContextId"": ""R-PDF-1359748888964546750-210211144315736404-488"", ""representationId"": ""R-PDF-1359748888964546750"", ""infraMediaId"": ""DOCUMENT21021114430430571510"", ""division"": ""PDF""}, {""id"": ""R-IMAGE-1359748888964546750-210211144315736465-8"", ""orgId"": ""1211537031289653682"", ""companyId"": ""1211537031860607006"", ""tenantId"": ""1211537031289653682"", ""authorizer"": ""4b2b8126b3925e29"", ""globalContextId"": ""R-IMAGE-1359748888964546750-210211144315736465-8"", ""representationId"": ""R-IMAGE-1359748888964546750"", ""infraMediaId"": ""CATALOGUE210211144304305759459"", ""division"": ""IMAGE""}]}"
"{""id"": ""1359749086629613445"", ""orgId"": ""1211537031289653682"", ""companyId"": ""1211537031860607006"", ""picasso_media"": {""id"": ""1359749086629613445"", ""orgId"": ""1211537031289653682"", ""companyId"": ""1211537031860607006"", ""tenantId"": ""1211537031289653682"", ""authorizer"": ""4b2b8126b3925e29"", ""globalContextId"": ""1359749086629613445"", ""infraMediaId"": ""DOCUMENT210211144304305969113"", ""requestSource"": ""content-engine-migration"", ""type"": ""DOCUMENT_POWERPOINT"", ""name"": ""816.ppt""}, ""representation_media"": [{""id"": ""R-PDF-1359749086629613445"", ""orgId"": ""1211537031289653682"", ""companyId"": ""1211537031860607006"", ""tenantId"": ""1211537031289653682"", ""authorizer"": ""4b2b8126b3925e29"", ""globalContextId"": ""R-PDF-1359749086629613445"", ""representationName"": ""PDF"", ""sourceType"": ""sourceType"", ""mediaId"": ""1359749086629613445""}, {""id"": ""R-IMAGE-1359749086629613445"", ""orgId"": ""1211537031289653682"", ""companyId"": ""1211537031860607006"", ""tenantId"": ""1211537031289653682"", ""authorizer"": ""4b2b8126b3925e29"", ""globalContextId"": ""R-IMAGE-1359749086629613445"", ""representationName"": ""IMAGE"", ""sourceType"": ""sourceType"", ""mediaId"": ""1359749086629613445""}], ""representation_properties_media"": [{""id"": ""R-PDF-1359749086629613445-210211144315736682-473"", ""orgId"": ""1211537031289653682"", ""companyId"": ""1211537031860607006"", ""tenantId"": ""1211537031289653682"", ""authorizer"": ""4b2b8126b3925e29"", ""globalContextId"": ""R-PDF-1359749086629613445-210211144315736682-473"", ""representationId"": ""R-PDF-1359749086629613445"", ""infraMediaId"": ""DOCUMENT21021114430430602073"", ""division"": ""PDF""}, {""id"": ""R-IMAGE-1359749086629613445-210211144315736725-236"", ""orgId"": ""1211537031289653682"", ""companyId"": ""1211537031860607006"", ""tenantId"": ""1211537031289653682"", ""authorizer"": ""4b2b8126b3925e29"", ""globalContextId"": ""R-IMAGE-1359749086629613445-210211144315736725-236"", ""representationId"": ""R-IMAGE-1359749086629613445"", ""infraMediaId"": ""CATALOGUE210211144304306060112"", ""division"": ""IMAGE""}]}"
"{""id"": ""1359749221615972495"", ""orgId"": ""1211537031289653682"", ""companyId"": ""1211537031860607006"", ""picasso_media"": {""id"": ""1359749221615972495"", ""orgId"": ""1211537031289653682"", ""companyId"": ""1211537031860607006"", ""tenantId"": ""1211537031289653682"", ""authorizer"": ""4b2b8126b3925e29"", ""globalContextId"": ""1359749221615972495"", ""infraMediaId"": ""DOCUMENT210211144304306258444"", ""requestSource"": ""content-engine-migration"", ""type"": ""DOCUMENT_POWERPOINT"", ""name"": ""samplepptx.pptx""}, ""representation_media"": [{""id"": ""R-PDF-1359749221615972495"", ""orgId"": ""1211537031289653682"", ""companyId"": ""1211537031860607006"", ""tenantId"": ""1211537031289653682"", ""authorizer"": ""4b2b8126b3925e29"", ""globalContextId"": ""R-PDF-1359749221615972495"", ""representationName"": ""PDF"", ""sourceType"": ""sourceType"", ""mediaId"": ""1359749221615972495""}, {""id"": ""R-IMAGE-1359749221615972495"", ""orgId"": ""1211537031289653682"", ""companyId"": ""1211537031860607006"", ""tenantId"": ""1211537031289653682"", ""authorizer"": ""4b2b8126b3925e29"", ""globalContextId"": ""R-IMAGE-1359749221615972495"", ""representationName"": ""IMAGE"", ""sourceType"": ""sourceType"", ""mediaId"": ""1359749221615972495""}], ""representation_properties_media"": [{""id"": ""R-PDF-1359749221615972495-210211144315736886-76"", ""orgId"": ""1211537031289653682"", ""companyId"": ""1211537031860607006"", ""tenantId"": ""1211537031289653682"", ""authorizer"": ""4b2b8126b3925e29"", ""globalContextId"": ""R-PDF-1359749221615972495-210211144315736886-76"", ""representationId"": ""R-PDF-1359749221615972495"", ""infraMediaId"": ""DOCUMENT210211144304306312224"", ""division"": ""PDF""}, {""id"": ""R-IMAGE-1359749221615972495-210211144315736925-503"", ""orgId"": ""1211537031289653682"", ""companyId"": ""1211537031860607006"", ""tenantId"": ""1211537031289653682"", ""authorizer"": ""4b2b8126b3925e29"", ""globalContextId"": ""R-IMAGE-1359749221615972495-210211144315736925-503"", ""representationId"": ""R-IMAGE-1359749221615972495"", ""infraMediaId"": ""CATALOGUE210211144304306352273"", ""division"": ""IMAGE""}]}"
"{""id"": ""1359749359041368475"", ""orgId"": ""1211537031289653682"", ""companyId"": ""1211537031860607006"", ""picasso_media"": {""id"": ""1359749359041368475"", ""orgId"": ""1211537031289653682"", ""companyId"": ""1211537031860607006"", ""tenantId"": ""1211537031289653682"", ""authorizer"": ""4b2b8126b3925e29"", ""globalContextId"": ""1359749359041368475"", ""infraMediaId"": ""DOCUMENT210211144304306603454"", ""requestSource"": ""content-engine-migration"", ""type"": ""DOCUMENT_EXCEL"", ""name"": ""file_example_XLS_5000.xls""}, ""representation_media"": [{""id"": ""R-PDF-1359749359041368475"", ""orgId"": ""1211537031289653682"", ""companyId"": ""1211537031860607006"", ""tenantId"": ""1211537031289653682"", ""authorizer"": ""4b2b8126b3925e29"", ""globalContextId"": ""R-PDF-1359749359041368475"", ""representationName"": ""PDF"", ""sourceType"": ""sourceType"", ""mediaId"": ""1359749359041368475""}, {""id"": ""R-IMAGE-1359749359041368475"", ""orgId"": ""1211537031289653682"", ""companyId"": ""1211537031860607006"", ""tenantId"": ""1211537031289653682"", ""authorizer"": ""4b2b8126b3925e29"", ""globalContextId"": ""R-IMAGE-1359749359041368475"", ""representationName"": ""IMAGE"", ""sourceType"": ""sourceType"", ""mediaId"": ""1359749359041368475""}], ""representation_properties_media"": [{""id"": ""R-PDF-1359749359041368475-210211144315963096-503"", ""orgId"": ""1211537031289653682"", ""companyId"": ""1211537031860607006"", ""tenantId"": ""1211537031289653682"", ""authorizer"": ""4b2b8126b3925e29"", ""globalContextId"": ""R-PDF-1359749359041368475-210211144315963096-503"", ""representationId"": ""R-PDF-1359749359041368475"", ""infraMediaId"": ""DOCUMENT210211144304306659185"", ""division"": ""PDF""}, {""id"": ""R-IMAGE-1359749359041368475-210211144315963158-229"", ""orgId"": ""1211537031289653682"", ""companyId"": ""1211537031860607006"", ""tenantId"": ""1211537031289653682"", ""authorizer"": ""4b2b8126b3925e29"", ""globalContextId"": ""R-IMAGE-1359749359041368475-210211144315963158-229"", ""representationId"": ""R-IMAGE-1359749359041368475"", ""infraMediaId"": ""CATALOGUE210211144304306705498"", ""division"": ""IMAGE""}]}"
"{""id"": ""1359749725562211633"", ""orgId"": ""1211537031289653682"", ""companyId"": ""1211537031860607006"", ""picasso_media"": {""id"": ""1359749725562211633"", ""orgId"": ""1211537031289653682"", ""companyId"": ""1211537031860607006"", ""tenantId"": ""1211537031289653682"", ""authorizer"": ""4b2b8126b3925e29"", ""globalContextId"": ""1359749725562211633"", ""infraMediaId"": ""DOCUMENT210211144304306920260"", ""requestSource"": ""content-engine-migration"", ""type"": ""DOCUMENT_EXCEL"", ""name"": ""file_example_XLSX_5000.xlsx""}, ""representation_media"": [{""id"": ""R-PDF-1359749725562211633"", ""orgId"": ""1211537031289653682"", ""companyId"": ""1211537031860607006"", ""tenantId"": ""1211537031289653682"", ""authorizer"": ""4b2b8126b3925e29"", ""globalContextId"": ""R-PDF-1359749725562211633"", ""representationName"": ""PDF"", ""sourceType"": ""sourceType"", ""mediaId"": ""1359749725562211633""}], ""representation_properties_media"": [{""id"": ""R-PDF-1359749725562211633-210211144315963400-152"", ""orgId"": ""1211537031289653682"", ""companyId"": ""1211537031860607006"", ""tenantId"": ""1211537031289653682"", ""authorizer"": ""4b2b8126b3925e29"", ""globalContextId"": ""R-PDF-1359749725562211633-210211144315963400-152"", ""representationId"": ""R-PDF-1359749725562211633"", ""infraMediaId"": ""DOCUMENT21021114430430697168"", ""division"": ""PDF""}]}"
"{""id"": ""1359750784665762994"", ""orgId"": ""1211537031289653682"", ""companyId"": ""1211537031860607006"", ""picasso_media"": {""id"": ""1359750784665762994"", ""orgId"": ""1211537031289653682"", ""companyId"": ""1211537031860607006"", ""tenantId"": ""1211537031289653682"", ""authorizer"": ""4b2b8126b3925e29"", ""globalContextId"": ""1359750784665762994"", ""infraMediaId"": ""AUDIO210211144304307178362"", ""requestSource"": ""content-engine-migration"", ""type"": ""AUDIO"", ""name"": ""file_example_MP3_700KB.mp3""}, ""representation_media"": [{""id"": ""R-MP3-1359750784665762994"", ""orgId"": ""1211537031289653682"", ""companyId"": ""1211537031860607006"", ""tenantId"": ""1211537031289653682"", ""authorizer"": ""4b2b8126b3925e29"", ""globalContextId"": ""R-MP3-1359750784665762994"", ""representationName"": ""MP3"", ""sourceType"": ""sourceType"", ""mediaId"": ""1359750784665762994""}], ""representation_properties_media"": [{""id"": ""R-MP3-1359750784665762994-210211144315963551-72"", ""orgId"": ""1211537031289653682"", ""companyId"": ""1211537031860607006"", ""tenantId"": ""1211537031289653682"", ""authorizer"": ""4b2b8126b3925e29"", ""globalContextId"": ""R-MP3-1359750784665762994-210211144315963551-72"", ""representationId"": ""R-MP3-1359750784665762994"", ""infraMediaId"": ""AUDIO21021114430430723058"", ""division"": ""MP3""}]}"
"{""id"": ""1359752063764452301"", ""orgId"": ""1211537031289653682"", ""companyId"": ""1211537031860607006"", ""picasso_media"": {""id"": ""1359752063764452301"", ""orgId"": ""1211537031289653682"", ""companyId"": ""1211537031860607006"", ""tenantId"": ""1211537031289653682"", ""authorizer"": ""4b2b8126b3925e29"", ""globalContextId"": ""1359752063764452301"", ""infraMediaId"": ""AUDIO210211144304307406196"", ""requestSource"": ""content-engine-migration"", ""type"": ""AUDIO"", ""name"": ""file_example_MP3_700KB.mp3""}, ""representation_media"": [{""id"": ""R-MP3-1359752063764452301"", ""orgId"": ""1211537031289653682"", ""companyId"": ""1211537031860607006"", ""tenantId"": ""1211537031289653682"", ""authorizer"": ""4b2b8126b3925e29"", ""globalContextId"": ""R-MP3-1359752063764452301"", ""representationName"": ""MP3"", ""sourceType"": ""sourceType"", ""mediaId"": ""1359752063764452301""}], ""representation_properties_media"": [{""id"": ""R-MP3-1359752063764452301-210211144315963686-133"", ""orgId"": ""1211537031289653682"", ""companyId"": ""1211537031860607006"", ""tenantId"": ""1211537031289653682"", ""authorizer"": ""4b2b8126b3925e29"", ""globalContextId"": ""R-MP3-1359752063764452301-210211144315963686-133"", ""representationId"": ""R-MP3-1359752063764452301"", ""infraMediaId"": ""AUDIO210211144304307483160"", ""division"": ""MP3""}]}"
"{""id"": ""1359752664903303976"", ""orgId"": ""1211537031289653682"", ""companyId"": ""1211537031860607006"", ""picasso_media"": {""id"": ""1359752664903303976"", ""orgId"": ""1211537031289653682"", ""companyId"": ""1211537031860607006"", ""tenantId"": ""1211537031289653682"", ""authorizer"": ""4b2b8126b3925e29"", ""globalContextId"": ""1359752664903303976"", ""infraMediaId"": ""AUDIO210211144304307714254"", ""requestSource"": ""content-engine-migration"", ""type"": ""AUDIO"", ""name"": ""ff-16b-2c-44100hz.aac""}, ""representation_media"": [{""id"": ""R-MP3-1359752664903303976"", ""orgId"": ""1211537031289653682"", ""companyId"": ""1211537031860607006"", ""tenantId"": ""1211537031289653682"", ""authorizer"": ""4b2b8126b3925e29"", ""globalContextId"": ""R-MP3-1359752664903303976"", ""representationName"": ""MP3"", ""sourceType"": ""sourceType"", ""mediaId"": ""1359752664903303976""}], ""representation_properties_media"": [{""id"": ""R-MP3-1359752664903303976-210211144315963820-249"", ""orgId"": ""1211537031289653682"", ""companyId"": ""1211537031860607006"", ""tenantId"": ""1211537031289653682"", ""authorizer"": ""4b2b8126b3925e29"", ""globalContextId"": ""R-MP3-1359752664903303976-210211144315963820-249"", ""representationId"": ""R-MP3-1359752664903303976"", ""infraMediaId"": ""AUDIO21021114430430777073"", ""division"": ""MP3""}]}"
"{""id"": ""1359752830913945553"", ""orgId"": ""1211537031289653682"", ""companyId"": ""1211537031860607006"", ""picasso_media"": {""id"": ""1359752830913945553"", ""orgId"": ""1211537031289653682"", ""companyId"": ""1211537031860607006"", ""tenantId"": ""1211537031289653682"", ""authorizer"": ""4b2b8126b3925e29"", ""globalContextId"": ""1359752830913945553"", ""infraMediaId"": ""AUDIO210211144304714204335"", ""requestSource"": ""content-engine-migration"", ""type"": ""AUDIO"", ""name"": ""sample1.m4a""}, ""representation_media"": [{""id"": ""R-MP3-1359752830913945553"", ""orgId"": ""1211537031289653682"", ""companyId"": ""1211537031860607006"", ""tenantId"": ""1211537031289653682"", ""authorizer"": ""4b2b8126b3925e29"", ""globalContextId"": ""R-MP3-1359752830913945553"", ""representationName"": ""MP3"", ""sourceType"": ""sourceType"", ""mediaId"": ""1359752830913945553""}], ""representation_properties_media"": [{""id"": ""R-MP3-1359752830913945553-210211144316229122-261"", ""orgId"": ""1211537031289653682"", ""companyId"": ""1211537031860607006"", ""tenantId"": ""1211537031289653682"", ""authorizer"": ""4b2b8126b3925e29"", ""globalContextId"": ""R-MP3-1359752830913945553-210211144316229122-261"", ""representationId"": ""R-MP3-1359752830913945553"", ""infraMediaId"": ""AUDIO210211144304714415505"", ""division"": ""MP3""}]}"
"{""id"": ""1359752974321219224"", ""orgId"": ""1211537031289653682"", ""companyId"": ""1211537031860607006"", ""picasso_media"": {""id"": ""1359752974321219224"", ""orgId"": ""1211537031289653682"", ""companyId"": ""1211537031860607006"", ""tenantId"": ""1211537031289653682"", ""authorizer"": ""4b2b8126b3925e29"", ""globalContextId"": ""1359752974321219224"", ""infraMediaId"": ""AUDIO210211144304715105197"", ""requestSource"": ""content-engine-migration"", ""type"": ""AUDIO"", ""name"": ""file_example_OOG_1MG.ogg""}, ""representation_media"": [{""id"": ""R-MP3-1359752974321219224"", ""orgId"": ""1211537031289653682"", ""companyId"": ""1211537031860607006"", ""tenantId"": ""1211537031289653682"", ""authorizer"": ""4b2b8126b3925e29"", ""globalContextId"": ""R-MP3-1359752974321219224"", ""representationName"": ""MP3"", ""sourceType"": ""sourceType"", ""mediaId"": ""1359752974321219224""}], ""representation_properties_media"": [{""id"": ""R-MP3-1359752974321219224-210211144316229397-22"", ""orgId"": ""1211537031289653682"", ""companyId"": ""1211537031860607006"", ""tenantId"": ""1211537031289653682"", ""authorizer"": ""4b2b8126b3925e29"", ""globalContextId"": ""R-MP3-1359752974321219224-210211144316229397-22"", ""representationId"": ""R-MP3-1359752974321219224"", ""infraMediaId"": ""AUDIO210211144304715309415"", ""division"": ""MP3""}]}"
"{""id"": ""1359753192966807794"", ""orgId"": ""1211537031289653682"", ""companyId"": ""1211537031860607006"", ""picasso_media"": {""id"": ""1359753192966807794"", ""orgId"": ""1211537031289653682"", ""companyId"": ""1211537031860607006"", ""tenantId"": ""1211537031289653682"", ""authorizer"": ""4b2b8126b3925e29"", ""globalContextId"": ""1359753192966807794"", ""infraMediaId"": ""AUDIO210211144304715703450"", ""requestSource"": ""content-engine-migration"", ""type"": ""AUDIO"", ""name"": ""sample1.oga""}, ""representation_media"": [{""id"": ""R-MP3-1359753192966807794"", ""orgId"": ""1211537031289653682"", ""companyId"": ""1211537031860607006"", ""tenantId"": ""1211537031289653682"", ""authorizer"": ""4b2b8126b3925e29"", ""globalContextId"": ""R-MP3-1359753192966807794"", ""representationName"": ""MP3"", ""sourceType"": ""sourceType"", ""mediaId"": ""1359753192966807794""}], ""representation_properties_media"": [{""id"": ""R-MP3-1359753192966807794-210211144316229637-54"", ""orgId"": ""1211537031289653682"", ""companyId"": ""1211537031860607006"", ""tenantId"": ""1211537031289653682"", ""authorizer"": ""4b2b8126b3925e29"", ""globalContextId"": ""R-MP3-1359753192966807794-210211144316229637-54"", ""representationId"": ""R-MP3-1359753192966807794"", ""infraMediaId"": ""AUDIO210211144304715849482"", ""division"": ""MP3""}]}"
"{""id"": ""1359753335829084286"", ""orgId"": ""1211537031289653682"", ""companyId"": ""1211537031860607006"", ""picasso_media"": {""id"": ""1359753335829084286"", ""orgId"": ""1211537031289653682"", ""companyId"": ""1211537031860607006"", ""tenantId"": ""1211537031289653682"", ""authorizer"": ""4b2b8126b3925e29"", ""globalContextId"": ""1359753335829084286"", ""infraMediaId"": ""AUDIO21021114430471638056"", ""requestSource"": ""content-engine-migration"", ""type"": ""AUDIO"", ""name"": ""file_example_WAV_1MG.wav""}, ""representation_media"": [{""id"": ""R-MP3-1359753335829084286"", ""orgId"": ""1211537031289653682"", ""companyId"": ""1211537031860607006"", ""tenantId"": ""1211537031289653682"", ""authorizer"": ""4b2b8126b3925e29"", ""globalContextId"": ""R-MP3-1359753335829084286"", ""representationName"": ""MP3"", ""sourceType"": ""sourceType"", ""mediaId"": ""1359753335829084286""}], ""representation_properties_media"": [{""id"": ""R-MP3-1359753335829084286-210211144316229909-292"", ""orgId"": ""1211537031289653682"", ""companyId"": ""1211537031860607006"", ""tenantId"": ""1211537031289653682"", ""authorizer"": ""4b2b8126b3925e29"", ""globalContextId"": ""R-MP3-1359753335829084286-210211144316229909-292"", ""representationId"": ""R-MP3-1359753335829084286"", ""infraMediaId"": ""AUDIO21021114430471655039"", ""division"": ""MP3""}]}"
"{""id"": ""1359754092260578724"", ""orgId"": ""1211537031289653682"", ""companyId"": ""1211537031860607006"", ""picasso_media"": {""id"": ""1359754092260578724"", ""orgId"": ""1211537031289653682"", ""companyId"": ""1211537031860607006"", ""tenantId"": ""1211537031289653682"", ""authorizer"": ""4b2b8126b3925e29"", ""globalContextId"": ""1359754092260578724"", ""infraMediaId"": ""DOCUMENT210211144304717025185"", ""requestSource"": ""content-engine-migration"", ""type"": ""DOCUMENT_PDF"", ""name"": ""file-example_PDF_1MB.pdf""}, ""representation_media"": [{""id"": ""R-PDF-1359754092260578724"", ""orgId"": ""1211537031289653682"", ""companyId"": ""1211537031860607006"", ""tenantId"": ""1211537031289653682"", ""authorizer"": ""4b2b8126b3925e29"", ""globalContextId"": ""R-PDF-1359754092260578724"", ""representationName"": ""PDF"", ""sourceType"": ""sourceType"", ""mediaId"": ""1359754092260578724""}, {""id"": ""R-IMAGE-1359754092260578724"", ""orgId"": ""1211537031289653682"", ""companyId"": ""1211537031860607006"", ""tenantId"": ""1211537031289653682"", ""authorizer"": ""4b2b8126b3925e29"", ""globalContextId"": ""R-IMAGE-1359754092260578724"", ""representationName"": ""IMAGE"", ""sourceType"": ""sourceType"", ""mediaId"": ""1359754092260578724""}], ""representation_properties_media"": [{""id"": ""R-PDF-1359754092260578724-210211144316232352-259"", ""orgId"": ""1211537031289653682"", ""companyId"": ""1211537031860607006"", ""tenantId"": ""1211537031289653682"", ""authorizer"": ""4b2b8126b3925e29"", ""globalContextId"": ""R-PDF-1359754092260578724-210211144316232352-259"", ""representationId"": ""R-PDF-1359754092260578724"", ""infraMediaId"": ""DOCUMENT21021114430471709769"", ""division"": ""PDF""}, {""id"": ""R-IMAGE-1359754092260578724-210211144316232642-60"", ""orgId"": ""1211537031289653682"", ""companyId"": ""1211537031860607006"", ""tenantId"": ""1211537031289653682"", ""authorizer"": ""4b2b8126b3925e29"", ""globalContextId"": ""R-IMAGE-1359754092260578724-210211144316232642-60"", ""representationId"": ""R-IMAGE-1359754092260578724"", ""infraMediaId"": ""CATALOGUE210211144304717141201"", ""division"": ""IMAGE""}]}"
"{""id"": ""1359754212697701459"", ""orgId"": ""1211537031289653682"", ""companyId"": ""1211537031860607006"", ""picasso_media"": {""id"": ""1359754212697701459"", ""orgId"": ""1211537031289653682"", ""companyId"": ""1211537031860607006"", ""tenantId"": ""1211537031289653682"", ""authorizer"": ""4b2b8126b3925e29"", ""globalContextId"": ""1359754212697701459"", ""infraMediaId"": ""DOCUMENT210211144304717417277"", ""requestSource"": ""content-engine-migration"", ""type"": ""DOCUMENT_WORD"", ""name"": ""sample.doc""}, ""representation_media"": [{""id"": ""R-PDF-1359754212697701459"", ""orgId"": ""1211537031289653682"", ""companyId"": ""1211537031860607006"", ""tenantId"": ""1211537031289653682"", ""authorizer"": ""4b2b8126b3925e29"", ""globalContextId"": ""R-PDF-1359754212697701459"", ""representationName"": ""PDF"", ""sourceType"": ""sourceType"", ""mediaId"": ""1359754212697701459""}, {""id"": ""R-IMAGE-1359754212697701459"", ""orgId"": ""1211537031289653682"", ""companyId"": ""1211537031860607006"", ""tenantId"": ""1211537031289653682"", ""authorizer"": ""4b2b8126b3925e29"", ""globalContextId"": ""R-IMAGE-1359754212697701459"", ""representationName"": ""IMAGE"", ""sourceType"": ""sourceType"", ""mediaId"": ""1359754212697701459""}], ""representation_properties_media"": [{""id"": ""R-PDF-1359754212697701459-210211144316554482-384"", ""orgId"": ""1211537031289653682"", ""companyId"": ""1211537031860607006"", ""tenantId"": ""1211537031289653682"", ""authorizer"": ""4b2b8126b3925e29"", ""globalContextId"": ""R-PDF-1359754212697701459-210211144316554482-384"", ""representationId"": ""R-PDF-1359754212697701459"", ""infraMediaId"": ""DOCUMENT210211144304717476503"", ""division"": ""PDF""}, {""id"": ""R-IMAGE-1359754212697701459-210211144316554542-368"", ""orgId"": ""1211537031289653682"", ""companyId"": ""1211537031860607006"", ""tenantId"": ""1211537031289653682"", ""authorizer"": ""4b2b8126b3925e29"", ""globalContextId"": ""R-IMAGE-1359754212697701459-210211144316554542-368"", ""representationId"": ""R-IMAGE-1359754212697701459"", ""infraMediaId"": ""CATALOGUE210211144304717518123"", ""division"": ""IMAGE""}]}"
"{""id"": ""1359754333799963997"", ""orgId"": ""1211537031289653682"", ""companyId"": ""1211537031860607006"", ""picasso_media"": {""id"": ""1359754333799963997"", ""orgId"": ""1211537031289653682"", ""companyId"": ""1211537031860607006"", ""tenantId"": ""1211537031289653682"", ""authorizer"": ""4b2b8126b3925e29"", ""globalContextId"": ""1359754333799963997"", ""infraMediaId"": ""DOCUMENT210211144304717821221"", ""requestSource"": ""content-engine-migration"", ""type"": ""DOCUMENT_WORD"", ""name"": ""Creative Project Presentation Template.docx""}, ""representation_media"": [{""id"": ""R-PDF-1359754333799963997"", ""orgId"": ""1211537031289653682"", ""companyId"": ""1211537031860607006"", ""tenantId"": ""1211537031289653682"", ""authorizer"": ""4b2b8126b3925e29"", ""globalContextId"": ""R-PDF-1359754333799963997"", ""representationName"": ""PDF"", ""sourceType"": ""sourceType"", ""mediaId"": ""1359754333799963997""}, {""id"": ""R-IMAGE-1359754333799963997"", ""orgId"": ""1211537031289653682"", ""companyId"": ""1211537031860607006"", ""tenantId"": ""1211537031289653682"", ""authorizer"": ""4b2b8126b3925e29"", ""globalContextId"": ""R-IMAGE-1359754333799963997"", ""representationName"": ""IMAGE"", ""sourceType"": ""sourceType"", ""mediaId"": ""1359754333799963997""}], ""representation_properties_media"": [{""id"": ""R-PDF-1359754333799963997-210211144316554715-420"", ""orgId"": ""1211537031289653682"", ""companyId"": ""1211537031860607006"", ""tenantId"": ""1211537031289653682"", ""authorizer"": ""4b2b8126b3925e29"", ""globalContextId"": ""R-PDF-1359754333799963997-210211144316554715-420"", ""representationId"": ""R-PDF-1359754333799963997"", ""infraMediaId"": ""DOCUMENT210211144304717880335"", ""division"": ""PDF""}, {""id"": ""R-IMAGE-1359754333799963997-210211144316554752-505"", ""orgId"": ""1211537031289653682"", ""companyId"": ""1211537031860607006"", ""tenantId"": ""1211537031289653682"", ""authorizer"": ""4b2b8126b3925e29"", ""globalContextId"": ""R-IMAGE-1359754333799963997-210211144316554752-505"", ""representationId"": ""R-IMAGE-1359754333799963997"", ""infraMediaId"": ""CATALOGUE210211144304717922370"", ""division"": ""IMAGE""}]}"
"{""id"": ""1359754565962588378"", ""orgId"": ""1211537031289653682"", ""companyId"": ""1211537031860607006"", ""picasso_media"": {""id"": ""1359754565962588378"", ""orgId"": ""1211537031289653682"", ""companyId"": ""1211537031860607006"", ""tenantId"": ""1211537031289653682"", ""authorizer"": ""4b2b8126b3925e29"", ""globalContextId"": ""1359754565962588378"", ""infraMediaId"": ""DOCUMENT210211144304718143135"", ""requestSource"": ""content-engine-migration"", ""type"": ""DOCUMENT_POWERPOINT"", ""name"": ""816.ppt""}, ""representation_media"": [{""id"": ""R-PDF-1359754565962588378"", ""orgId"": ""1211537031289653682"", ""companyId"": ""1211537031860607006"", ""tenantId"": ""1211537031289653682"", ""authorizer"": ""4b2b8126b3925e29"", ""globalContextId"": ""R-PDF-1359754565962588378"", ""representationName"": ""PDF"", ""sourceType"": ""sourceType"", ""mediaId"": ""1359754565962588378""}, {""id"": ""R-IMAGE-1359754565962588378"", ""orgId"": ""1211537031289653682"", ""companyId"": ""1211537031860607006"", ""tenantId"": ""1211537031289653682"", ""authorizer"": ""4b2b8126b3925e29"", ""globalContextId"": ""R-IMAGE-1359754565962588378"", ""representationName"": ""IMAGE"", ""sourceType"": ""sourceType"", ""mediaId"": ""1359754565962588378""}], ""representation_properties_media"": [{""id"": ""R-PDF-1359754565962588378-210211144316554942-33"", ""orgId"": ""1211537031289653682"", ""companyId"": ""1211537031860607006"", ""tenantId"": ""1211537031289653682"", ""authorizer"": ""4b2b8126b3925e29"", ""globalContextId"": ""R-PDF-1359754565962588378-210211144316554942-33"", ""representationId"": ""R-PDF-1359754565962588378"", ""infraMediaId"": ""DOCUMENT210211144304718201323"", ""division"": ""PDF""}, {""id"": ""R-IMAGE-1359754565962588378-210211144316554977-213"", ""orgId"": ""1211537031289653682"", ""companyId"": ""1211537031860607006"", ""tenantId"": ""1211537031289653682"", ""authorizer"": ""4b2b8126b3925e29"", ""globalContextId"": ""R-IMAGE-1359754565962588378-210211144316554977-213"", ""representationId"": ""R-IMAGE-1359754565962588378"", ""infraMediaId"": ""CATALOGUE21021114430471824492"", ""division"": ""IMAGE""}]}"
"{""id"": ""1359754772615494145"", ""orgId"": ""1211537031289653682"", ""companyId"": ""1211537031860607006"", ""picasso_media"": {""id"": ""1359754772615494145"", ""orgId"": ""1211537031289653682"", ""companyId"": ""1211537031860607006"", ""tenantId"": ""1211537031289653682"", ""authorizer"": ""4b2b8126b3925e29"", ""globalContextId"": ""1359754772615494145"", ""infraMediaId"": ""DOCUMENT210211144304718454506"", ""requestSource"": ""content-engine-migration"", ""type"": ""DOCUMENT_POWERPOINT"", ""name"": ""samplepptx.pptx""}, ""representation_media"": [{""id"": ""R-PDF-1359754772615494145"", ""orgId"": ""1211537031289653682"", ""companyId"": ""1211537031860607006"", ""tenantId"": ""1211537031289653682"", ""authorizer"": ""4b2b8126b3925e29"", ""globalContextId"": ""R-PDF-1359754772615494145"", ""representationName"": ""PDF"", ""sourceType"": ""sourceType"", ""mediaId"": ""1359754772615494145""}, {""id"": ""R-IMAGE-1359754772615494145"", ""orgId"": ""1211537031289653682"", ""companyId"": ""1211537031860607006"", ""tenantId"": ""1211537031289653682"", ""authorizer"": ""4b2b8126b3925e29"", ""globalContextId"": ""R-IMAGE-1359754772615494145"", ""representationName"": ""IMAGE"", ""sourceType"": ""sourceType"", ""mediaId"": ""1359754772615494145""}], ""representation_properties_media"": [{""id"": ""R-PDF-1359754772615494145-210211144316555126-280"", ""orgId"": ""1211537031289653682"", ""companyId"": ""1211537031860607006"", ""tenantId"": ""1211537031289653682"", ""authorizer"": ""4b2b8126b3925e29"", ""globalContextId"": ""R-PDF-1359754772615494145-210211144316555126-280"", ""representationId"": ""R-PDF-1359754772615494145"", ""infraMediaId"": ""DOCUMENT210211144304718508394"", ""division"": ""PDF""}, {""id"": ""R-IMAGE-1359754772615494145-210211144316555161-446"", ""orgId"": ""1211537031289653682"", ""companyId"": ""1211537031860607006"", ""tenantId"": ""1211537031289653682"", ""authorizer"": ""4b2b8126b3925e29"", ""globalContextId"": ""R-IMAGE-1359754772615494145-210211144316555161-446"", ""representationId"": ""R-IMAGE-1359754772615494145"", ""infraMediaId"": ""CATALOGUE210211144304718550455"", ""division"": ""IMAGE""}]}"
"{""id"": ""1359754891691318311"", ""orgId"": ""1211537031289653682"", ""companyId"": ""1211537031860607006"", ""picasso_media"": {""id"": ""1359754891691318311"", ""orgId"": ""1211537031289653682"", ""companyId"": ""1211537031860607006"", ""tenantId"": ""1211537031289653682"", ""authorizer"": ""4b2b8126b3925e29"", ""globalContextId"": ""1359754891691318311"", ""infraMediaId"": ""DOCUMENT210211144304718754376"", ""requestSource"": ""content-engine-migration"", ""type"": ""DOCUMENT_EXCEL"", ""name"": ""file_example_XLS_5000.xls""}, ""representation_media"": [{""id"": ""R-PDF-1359754891691318311"", ""orgId"": ""1211537031289653682"", ""companyId"": ""1211537031860607006"", ""tenantId"": ""1211537031289653682"", ""authorizer"": ""4b2b8126b3925e29"", ""globalContextId"": ""R-PDF-1359754891691318311"", ""representationName"": ""PDF"", ""sourceType"": ""sourceType"", ""mediaId"": ""1359754891691318311""}, {""id"": ""R-IMAGE-1359754891691318311"", ""orgId"": ""1211537031289653682"", ""companyId"": ""1211537031860607006"", ""tenantId"": ""1211537031289653682"", ""authorizer"": ""4b2b8126b3925e29"", ""globalContextId"": ""R-IMAGE-1359754891691318311"", ""representationName"": ""IMAGE"", ""sourceType"": ""sourceType"", ""mediaId"": ""1359754891691318311""}], ""representation_properties_media"": [{""id"": ""R-PDF-1359754891691318311-210211144316555317-284"", ""orgId"": ""1211537031289653682"", ""companyId"": ""1211537031860607006"", ""tenantId"": ""1211537031289653682"", ""authorizer"": ""4b2b8126b3925e29"", ""globalContextId"": ""R-PDF-1359754891691318311-210211144316555317-284"", ""representationId"": ""R-PDF-1359754891691318311"", ""infraMediaId"": ""DOCUMENT210211144304718810445"", ""division"": ""PDF""}, {""id"": ""R-IMAGE-1359754891691318311-210211144316555352-374"", ""orgId"": ""1211537031289653682"", ""companyId"": ""1211537031860607006"", ""tenantId"": ""1211537031289653682"", ""authorizer"": ""4b2b8126b3925e29"", ""globalContextId"": ""R-IMAGE-1359754891691318311-210211144316555352-374"", ""representationId"": ""R-IMAGE-1359754891691318311"", ""infraMediaId"": ""CATALOGUE210211144304718852258"", ""division"": ""IMAGE""}]}"
"{""id"": ""1359755014161436291"", ""orgId"": ""1211537031289653682"", ""companyId"": ""1211537031860607006"", ""picasso_media"": {""id"": ""1359755014161436291"", ""orgId"": ""1211537031289653682"", ""companyId"": ""1211537031860607006"", ""tenantId"": ""1211537031289653682"", ""authorizer"": ""4b2b8126b3925e29"", ""globalContextId"": ""1359755014161436291"", ""infraMediaId"": ""DOCUMENT210211144304989476147"", ""requestSource"": ""content-engine-migration"", ""type"": ""DOCUMENT_EXCEL"", ""name"": ""file_example_XLSX_5000.xlsx""}, ""representation_media"": [{""id"": ""R-PDF-1359755014161436291"", ""orgId"": ""1211537031289653682"", ""companyId"": ""1211537031860607006"", ""tenantId"": ""1211537031289653682"", ""authorizer"": ""4b2b8126b3925e29"", ""globalContextId"": ""R-PDF-1359755014161436291"", ""representationName"": ""PDF"", ""sourceType"": ""sourceType"", ""mediaId"": ""1359755014161436291""}], ""representation_properties_media"": [{""id"": ""R-PDF-1359755014161436291-210211144316782093-362"", ""orgId"": ""1211537031289653682"", ""companyId"": ""1211537031860607006"", ""tenantId"": ""1211537031289653682"", ""authorizer"": ""4b2b8126b3925e29"", ""globalContextId"": ""R-PDF-1359755014161436291-210211144316782093-362"", ""representationId"": ""R-PDF-1359755014161436291"", ""infraMediaId"": ""DOCUMENT210211144304989574349"", ""division"": ""PDF""}]}"
"{""id"": ""1359755485316074373"", ""orgId"": ""1211537031289653682"", ""companyId"": ""1211537031860607006"", ""picasso_media"": {""id"": ""1359755485316074373"", ""orgId"": ""1211537031289653682"", ""companyId"": ""1211537031860607006"", ""tenantId"": ""1211537031289653682"", ""authorizer"": ""4b2b8126b3925e29"", ""globalContextId"": ""1359755485316074373"", ""infraMediaId"": ""AUDIO210211144304989785191"", ""requestSource"": ""content-engine-migration"", ""type"": ""AUDIO"", ""name"": ""file_example_MP3_700KB.mp3""}, ""representation_media"": [{""id"": ""R-MP3-1359755485316074373"", ""orgId"": ""1211537031289653682"", ""companyId"": ""1211537031860607006"", ""tenantId"": ""1211537031289653682"", ""authorizer"": ""4b2b8126b3925e29"", ""globalContextId"": ""R-MP3-1359755485316074373"", ""representationName"": ""MP3"", ""sourceType"": ""sourceType"", ""mediaId"": ""1359755485316074373""}], ""representation_properties_media"": [{""id"": ""R-MP3-1359755485316074373-210211144316782431-142"", ""orgId"": ""1211537031289653682"", ""companyId"": ""1211537031860607006"", ""tenantId"": ""1211537031289653682"", ""authorizer"": ""4b2b8126b3925e29"", ""globalContextId"": ""R-MP3-1359755485316074373-210211144316782431-142"", ""representationId"": ""R-MP3-1359755485316074373"", ""infraMediaId"": ""AUDIO210211144304989835364"", ""division"": ""MP3""}]}"
"{""id"": ""1359756504673334299"", ""orgId"": ""1211537031289653682"", ""companyId"": ""1211537031860607006"", ""picasso_media"": {""id"": ""1359756504673334299"", ""orgId"": ""1211537031289653682"", ""companyId"": ""1211537031860607006"", ""tenantId"": ""1211537031289653682"", ""authorizer"": ""4b2b8126b3925e29"", ""globalContextId"": ""1359756504673334299"", ""infraMediaId"": ""AUDIO210211144304989995239"", ""requestSource"": ""content-engine-migration"", ""type"": ""AUDIO"", ""name"": ""file_example_MP3_700KB.mp3""}, ""representation_media"": [{""id"": ""R-MP3-1359756504673334299"", ""orgId"": ""1211537031289653682"", ""companyId"": ""1211537031860607006"", ""tenantId"": ""1211537031289653682"", ""authorizer"": ""4b2b8126b3925e29"", ""globalContextId"": ""R-MP3-1359756504673334299"", ""representationName"": ""MP3"", ""sourceType"": ""sourceType"", ""mediaId"": ""1359756504673334299""}], ""representation_properties_media"": [{""id"": ""R-MP3-1359756504673334299-210211144316782740-369"", ""orgId"": ""1211537031289653682"", ""companyId"": ""1211537031860607006"", ""tenantId"": ""1211537031289653682"", ""authorizer"": ""4b2b8126b3925e29"", ""globalContextId"": ""R-MP3-1359756504673334299-210211144316782740-369"", ""representationId"": ""R-MP3-1359756504673334299"", ""infraMediaId"": ""AUDIO210211144304990042246"", ""division"": ""MP3""}]}"
"{""id"": ""1359756707784411936"", ""orgId"": ""1211537031289653682"", ""companyId"": ""1211537031860607006"", ""picasso_media"": {""id"": ""1359756707784411936"", ""orgId"": ""1211537031289653682"", ""companyId"": ""1211537031860607006"", ""tenantId"": ""1211537031289653682"", ""authorizer"": ""4b2b8126b3925e29"", ""globalContextId"": ""1359756707784411936"", ""infraMediaId"": ""AUDIO210211144304990196193"", ""requestSource"": ""content-engine-migration"", ""type"": ""AUDIO"", ""name"": ""ff-16b-2c-44100hz.aac""}, ""representation_media"": [{""id"": ""R-MP3-1359756707784411936"", ""orgId"": ""1211537031289653682"", ""companyId"": ""1211537031860607006"", ""tenantId"": ""1211537031289653682"", ""authorizer"": ""4b2b8126b3925e29"", ""globalContextId"": ""R-MP3-1359756707784411936"", ""representationName"": ""MP3"", ""sourceType"": ""sourceType"", ""mediaId"": ""1359756707784411936""}], ""representation_properties_media"": [{""id"": ""R-MP3-1359756707784411936-210211144316783011-88"", ""orgId"": ""1211537031289653682"", ""companyId"": ""1211537031860607006"", ""tenantId"": ""1211537031289653682"", ""authorizer"": ""4b2b8126b3925e29"", ""globalContextId"": ""R-MP3-1359756707784411936-210211144316783011-88"", ""representationId"": ""R-MP3-1359756707784411936"", ""infraMediaId"": ""AUDIO210211144304990242382"", ""division"": ""MP3""}]}"
"{""id"": ""1359756876210697802"", ""orgId"": ""1211537031289653682"", ""companyId"": ""1211537031860607006"", ""picasso_media"": {""id"": ""1359756876210697802"", ""orgId"": ""1211537031289653682"", ""companyId"": ""1211537031860607006"", ""tenantId"": ""1211537031289653682"", ""authorizer"": ""4b2b8126b3925e29"", ""globalContextId"": ""1359756876210697802"", ""infraMediaId"": ""AUDIO210211144304990415370"", ""requestSource"": ""content-engine-migration"", ""type"": ""AUDIO"", ""name"": ""sample1.m4a""}, ""representation_media"": [{""id"": ""R-MP3-1359756876210697802"", ""orgId"": ""1211537031289653682"", ""companyId"": ""1211537031860607006"", ""tenantId"": ""1211537031289653682"", ""authorizer"": ""4b2b8126b3925e29"", ""globalContextId"": ""R-MP3-1359756876210697802"", ""representationName"": ""MP3"", ""sourceType"": ""sourceType"", ""mediaId"": ""1359756876210697802""}], ""representation_properties_media"": [{""id"": ""R-MP3-1359756876210697802-210211144316783328-28"", ""orgId"": ""1211537031289653682"", ""companyId"": ""1211537031860607006"", ""tenantId"": ""1211537031289653682"", ""authorizer"": ""4b2b8126b3925e29"", ""globalContextId"": ""R-MP3-1359756876210697802-210211144316783328-28"", ""representationId"": ""R-MP3-1359756876210697802"", ""infraMediaId"": ""AUDIO21021114430499046321"", ""division"": ""MP3""}]}"
"{""id"": ""1359757017234484687"", ""orgId"": ""1211537031289653682"", ""companyId"": ""1211537031860607006"", ""picasso_media"": {""id"": ""1359757017234484687"", ""orgId"": ""1211537031289653682"", ""companyId"": ""1211537031860607006"", ""tenantId"": ""1211537031289653682"", ""authorizer"": ""4b2b8126b3925e29"", ""globalContextId"": ""1359757017234484687"", ""infraMediaId"": ""AUDIO210211144304990702206"", ""requestSource"": ""content-engine-migration"", ""type"": ""AUDIO"", ""name"": ""file_example_OOG_1MG.ogg""}, ""representation_media"": [{""id"": ""R-MP3-1359757017234484687"", ""orgId"": ""1211537031289653682"", ""companyId"": ""1211537031860607006"", ""tenantId"": ""1211537031289653682"", ""authorizer"": ""4b2b8126b3925e29"", ""globalContextId"": ""R-MP3-1359757017234484687"", ""representationName"": ""MP3"", ""sourceType"": ""sourceType"", ""mediaId"": ""1359757017234484687""}], ""representation_properties_media"": [{""id"": ""R-MP3-1359757017234484687-210211144317003830-103"", ""orgId"": ""1211537031289653682"", ""companyId"": ""1211537031860607006"", ""tenantId"": ""1211537031289653682"", ""authorizer"": ""4b2b8126b3925e29"", ""globalContextId"": ""R-MP3-1359757017234484687-210211144317003830-103"", ""representationId"": ""R-MP3-1359757017234484687"", ""infraMediaId"": ""AUDIO210211144304990753251"", ""division"": ""MP3""}]}"
"{""id"": ""1359757167628455649"", ""orgId"": ""1211537031289653682"", ""companyId"": ""1211537031860607006"", ""picasso_media"": {""id"": ""1359757167628455649"", ""orgId"": ""1211537031289653682"", ""companyId"": ""1211537031860607006"", ""tenantId"": ""1211537031289653682"", ""authorizer"": ""4b2b8126b3925e29"", ""globalContextId"": ""1359757167628455649"", ""infraMediaId"": ""AUDIO210211144304990918414"", ""requestSource"": ""content-engine-migration"", ""type"": ""AUDIO"", ""name"": ""sample1.oga""}, ""representation_media"": [{""id"": ""R-MP3-1359757167628455649"", ""orgId"": ""1211537031289653682"", ""companyId"": ""1211537031860607006"", ""tenantId"": ""1211537031289653682"", ""authorizer"": ""4b2b8126b3925e29"", ""globalContextId"": ""R-MP3-1359757167628455649"", ""representationName"": ""MP3"", ""sourceType"": ""sourceType"", ""mediaId"": ""1359757167628455649""}], ""representation_properties_media"": [{""id"": ""R-MP3-1359757167628455649-210211144317003994-121"", ""orgId"": ""1211537031289653682"", ""companyId"": ""1211537031860607006"", ""tenantId"": ""1211537031289653682"", ""authorizer"": ""4b2b8126b3925e29"", ""globalContextId"": ""R-MP3-1359757167628455649-210211144317003994-121"", ""representationId"": ""R-MP3-1359757167628455649"", ""infraMediaId"": ""AUDIO210211144304990966228"", ""division"": ""MP3""}]}"
"{""id"": ""1359757313753754929"", ""orgId"": ""1211537031289653682"", ""companyId"": ""1211537031860607006"", ""picasso_media"": {""id"": ""1359757313753754929"", ""orgId"": ""1211537031289653682"", ""companyId"": ""1211537031860607006"", ""tenantId"": ""1211537031289653682"", ""authorizer"": ""4b2b8126b3925e29"", ""globalContextId"": ""1359757313753754929"", ""infraMediaId"": ""AUDIO210211144304991131242"", ""requestSource"": ""content-engine-migration"", ""type"": ""AUDIO"", ""name"": ""file_example_WAV_1MG.wav""}, ""representation_media"": [{""id"": ""R-MP3-1359757313753754929"", ""orgId"": ""1211537031289653682"", ""companyId"": ""1211537031860607006"", ""tenantId"": ""1211537031289653682"", ""authorizer"": ""4b2b8126b3925e29"", ""globalContextId"": ""R-MP3-1359757313753754929"", ""representationName"": ""MP3"", ""sourceType"": ""sourceType"", ""mediaId"": ""1359757313753754929""}], ""representation_properties_media"": [{""id"": ""R-MP3-1359757313753754929-210211144317004120-11"", ""orgId"": ""1211537031289653682"", ""companyId"": ""1211537031860607006"", ""tenantId"": ""1211537031289653682"", ""authorizer"": ""4b2b8126b3925e29"", ""globalContextId"": ""R-MP3-1359757313753754929-210211144317004120-11"", ""representationId"": ""R-MP3-1359757313753754929"", ""infraMediaId"": ""AUDIO210211144304991180230"", ""division"": ""MP3""}]}"
"{""id"": ""1359757459755566528"", ""orgId"": ""1211537031289653682"", ""companyId"": ""1211537031860607006"", ""picasso_media"": {""id"": ""1359757459755566528"", ""orgId"": ""1211537031289653682"", ""companyId"": ""1211537031860607006"", ""tenantId"": ""1211537031289653682"", ""authorizer"": ""4b2b8126b3925e29"", ""globalContextId"": ""1359757459755566528"", ""infraMediaId"": ""DOCUMENT210211144304991370208"", ""requestSource"": ""content-engine-migration"", ""type"": ""DOCUMENT_PDF"", ""name"": ""file-example_PDF_1MB.pdf""}, ""representation_media"": [{""id"": ""R-PDF-1359757459755566528"", ""orgId"": ""1211537031289653682"", ""companyId"": ""1211537031860607006"", ""tenantId"": ""1211537031289653682"", ""authorizer"": ""4b2b8126b3925e29"", ""globalContextId"": ""R-PDF-1359757459755566528"", ""representationName"": ""PDF"", ""sourceType"": ""sourceType"", ""mediaId"": ""1359757459755566528""}, {""id"": ""R-IMAGE-1359757459755566528"", ""orgId"": ""1211537031289653682"", ""companyId"": ""1211537031860607006"", ""tenantId"": ""1211537031289653682"", ""authorizer"": ""4b2b8126b3925e29"", ""globalContextId"": ""R-IMAGE-1359757459755566528"", ""representationName"": ""IMAGE"", ""sourceType"": ""sourceType"", ""mediaId"": ""1359757459755566528""}], ""representation_properties_media"": [{""id"": ""R-PDF-1359757459755566528-210211144317004299-315"", ""orgId"": ""1211537031289653682"", ""companyId"": ""1211537031860607006"", ""tenantId"": ""1211537031289653682"", ""authorizer"": ""4b2b8126b3925e29"", ""globalContextId"": ""R-PDF-1359757459755566528-210211144317004299-315"", ""representationId"": ""R-PDF-1359757459755566528"", ""infraMediaId"": ""DOCUMENT210211144304991421510"", ""division"": ""PDF""}, {""id"": ""R-IMAGE-1359757459755566528-210211144317004334-83"", ""orgId"": ""1211537031289653682"", ""companyId"": ""1211537031860607006"", ""tenantId"": ""1211537031289653682"", ""authorizer"": ""4b2b8126b3925e29"", ""globalContextId"": ""R-IMAGE-1359757459755566528-210211144317004334-83"", ""representationId"": ""R-IMAGE-1359757459755566528"", ""infraMediaId"": ""CATALOGUE210211144304991462379"", ""division"": ""IMAGE""}]}"
"{""id"": ""1359757588335346837"", ""orgId"": ""1211537031289653682"", ""companyId"": ""1211537031860607006"", ""picasso_media"": {""id"": ""1359757588335346837"", ""orgId"": ""1211537031289653682"", ""companyId"": ""1211537031860607006"", ""tenantId"": ""1211537031289653682"", ""authorizer"": ""4b2b8126b3925e29"", ""globalContextId"": ""1359757588335346837"", ""infraMediaId"": ""DOCUMENT210211144304991660314"", ""requestSource"": ""content-engine-migration"", ""type"": ""DOCUMENT_WORD"", ""name"": ""sample.doc""}, ""representation_media"": [{""id"": ""R-PDF-1359757588335346837"", ""orgId"": ""1211537031289653682"", ""companyId"": ""1211537031860607006"", ""tenantId"": ""1211537031289653682"", ""authorizer"": ""4b2b8126b3925e29"", ""globalContextId"": ""R-PDF-1359757588335346837"", ""representationName"": ""PDF"", ""sourceType"": ""sourceType"", ""mediaId"": ""1359757588335346837""}, {""id"": ""R-IMAGE-1359757588335346837"", ""orgId"": ""1211537031289653682"", ""companyId"": ""1211537031860607006"", ""tenantId"": ""1211537031289653682"", ""authorizer"": ""4b2b8126b3925e29"", ""globalContextId"": ""R-IMAGE-1359757588335346837"", ""representationName"": ""IMAGE"", ""sourceType"": ""sourceType"", ""mediaId"": ""1359757588335346837""}], ""representation_properties_media"": [{""id"": ""R-PDF-1359757588335346837-210211144317004478-195"", ""orgId"": ""1211537031289653682"", ""companyId"": ""1211537031860607006"", ""tenantId"": ""1211537031289653682"", ""authorizer"": ""4b2b8126b3925e29"", ""globalContextId"": ""R-PDF-1359757588335346837-210211144317004478-195"", ""representationId"": ""R-PDF-1359757588335346837"", ""infraMediaId"": ""DOCUMENT210211144304991710278"", ""division"": ""PDF""}, {""id"": ""R-IMAGE-1359757588335346837-210211144317004511-19"", ""orgId"": ""1211537031289653682"", ""companyId"": ""1211537031860607006"", ""tenantId"": ""1211537031289653682"", ""authorizer"": ""4b2b8126b3925e29"", ""globalContextId"": ""R-IMAGE-1359757588335346837-210211144317004511-19"", ""representationId"": ""R-IMAGE-1359757588335346837"", ""infraMediaId"": ""CATALOGUE21021114430499174839"", ""division"": ""IMAGE""}]}"
"{""id"": ""1359757695844073638"", ""orgId"": ""1211537031289653682"", ""companyId"": ""1211537031860607006"", ""picasso_media"": {""id"": ""1359757695844073638"", ""orgId"": ""1211537031289653682"", ""companyId"": ""1211537031860607006"", ""tenantId"": ""1211537031289653682"", ""authorizer"": ""4b2b8126b3925e29"", ""globalContextId"": ""1359757695844073638"", ""infraMediaId"": ""DOCUMENT210211144305575565356"", ""requestSource"": ""content-engine-migration"", ""type"": ""DOCUMENT_WORD"", ""name"": ""Creative Project Presentation Template.docx""}, ""representation_media"": [{""id"": ""R-PDF-1359757695844073638"", ""orgId"": ""1211537031289653682"", ""companyId"": ""1211537031860607006"", ""tenantId"": ""1211537031289653682"", ""authorizer"": ""4b2b8126b3925e29"", ""globalContextId"": ""R-PDF-1359757695844073638"", ""representationName"": ""PDF"", ""sourceType"": ""sourceType"", ""mediaId"": ""1359757695844073638""}, {""id"": ""R-IMAGE-1359757695844073638"", ""orgId"": ""1211537031289653682"", ""companyId"": ""1211537031860607006"", ""tenantId"": ""1211537031289653682"", ""authorizer"": ""4b2b8126b3925e29"", ""globalContextId"": ""R-IMAGE-1359757695844073638"", ""representationName"": ""IMAGE"", ""sourceType"": ""sourceType"", ""mediaId"": ""1359757695844073638""}], ""representation_properties_media"": [{""id"": ""R-PDF-1359757695844073638-210211144317283836-24"", ""orgId"": ""1211537031289653682"", ""companyId"": ""1211537031860607006"", ""tenantId"": ""1211537031289653682"", ""authorizer"": ""4b2b8126b3925e29"", ""globalContextId"": ""R-PDF-1359757695844073638-210211144317283836-24"", ""representationId"": ""R-PDF-1359757695844073638"", ""infraMediaId"": ""DOCUMENT210211144305575671359"", ""division"": ""PDF""}, {""id"": ""R-IMAGE-1359757695844073638-210211144317283950-398"", ""orgId"": ""1211537031289653682"", ""companyId"": ""1211537031860607006"", ""tenantId"": ""1211537031289653682"", ""authorizer"": ""4b2b8126b3925e29"", ""globalContextId"": ""R-IMAGE-1359757695844073638-210211144317283950-398"", ""representationId"": ""R-IMAGE-1359757695844073638"", ""infraMediaId"": ""CATALOGUE21021114430557576479"", ""division"": ""IMAGE""}]}"
"{""id"": ""1359757838191097444"", ""orgId"": ""1211537031289653682"", ""companyId"": ""1211537031860607006"", ""picasso_media"": {""id"": ""1359757838191097444"", ""orgId"": ""1211537031289653682"", ""companyId"": ""1211537031860607006"", ""tenantId"": ""1211537031289653682"", ""authorizer"": ""4b2b8126b3925e29"", ""globalContextId"": ""1359757838191097444"", ""infraMediaId"": ""DOCUMENT210211144305576039461"", ""requestSource"": ""content-engine-migration"", ""type"": ""DOCUMENT_POWERPOINT"", ""name"": ""816.ppt""}, ""representation_media"": [{""id"": ""R-PDF-1359757838191097444"", ""orgId"": ""1211537031289653682"", ""companyId"": ""1211537031860607006"", ""tenantId"": ""1211537031289653682"", ""authorizer"": ""4b2b8126b3925e29"", ""globalContextId"": ""R-PDF-1359757838191097444"", ""representationName"": ""PDF"", ""sourceType"": ""sourceType"", ""mediaId"": ""1359757838191097444""}, {""id"": ""R-IMAGE-1359757838191097444"", ""orgId"": ""1211537031289653682"", ""companyId"": ""1211537031860607006"", ""tenantId"": ""1211537031289653682"", ""authorizer"": ""4b2b8126b3925e29"", ""globalContextId"": ""R-IMAGE-1359757838191097444"", ""representationName"": ""IMAGE"", ""sourceType"": ""sourceType"", ""mediaId"": ""1359757838191097444""}], ""representation_properties_media"": [{""id"": ""R-PDF-1359757838191097444-210211144317284287-395"", ""orgId"": ""1211537031289653682"", ""companyId"": ""1211537031860607006"", ""tenantId"": ""1211537031289653682"", ""authorizer"": ""4b2b8126b3925e29"", ""globalContextId"": ""R-PDF-1359757838191097444-210211144317284287-395"", ""representationId"": ""R-PDF-1359757838191097444"", ""infraMediaId"": ""DOCUMENT210211144305576092340"", ""division"": ""PDF""}, {""id"": ""R-IMAGE-1359757838191097444-210211144317284347-347"", ""orgId"": ""1211537031289653682"", ""companyId"": ""1211537031860607006"", ""tenantId"": ""1211537031289653682"", ""authorizer"": ""4b2b8126b3925e29"", ""globalContextId"": ""R-IMAGE-1359757838191097444-210211144317284347-347"", ""representationId"": ""R-IMAGE-1359757838191097444"", ""infraMediaId"": ""CATALOGUE210211144305576132246"", ""division"": ""IMAGE""}]}"
"{""id"": ""1359757963148774009"", ""orgId"": ""1211537031289653682"", ""companyId"": ""1211537031860607006"", ""picasso_media"": {""id"": ""1359757963148774009"", ""orgId"": ""1211537031289653682"", ""companyId"": ""1211537031860607006"", ""tenantId"": ""1211537031289653682"", ""authorizer"": ""4b2b8126b3925e29"", ""globalContextId"": ""1359757963148774009"", ""infraMediaId"": ""DOCUMENT21021114430557632394"", ""requestSource"": ""content-engine-migration"", ""type"": ""DOCUMENT_POWERPOINT"", ""name"": ""samplepptx.pptx""}, ""representation_media"": [{""id"": ""R-PDF-1359757963148774009"", ""orgId"": ""1211537031289653682"", ""companyId"": ""1211537031860607006"", ""tenantId"": ""1211537031289653682"", ""authorizer"": ""4b2b8126b3925e29"", ""globalContextId"": ""R-PDF-1359757963148774009"", ""representationName"": ""PDF"", ""sourceType"": ""sourceType"", ""mediaId"": ""1359757963148774009""}, {""id"": ""R-IMAGE-1359757963148774009"", ""orgId"": ""1211537031289653682"", ""companyId"": ""1211537031860607006"", ""tenantId"": ""1211537031289653682"", ""authorizer"": ""4b2b8126b3925e29"", ""globalContextId"": ""R-IMAGE-1359757963148774009"", ""representationName"": ""IMAGE"", ""sourceType"": ""sourceType"", ""mediaId"": ""1359757963148774009""}], ""representation_properties_media"": [{""id"": ""R-PDF-1359757963148774009-210211144317284540-16"", ""orgId"": ""1211537031289653682"", ""companyId"": ""1211537031860607006"", ""tenantId"": ""1211537031289653682"", ""authorizer"": ""4b2b8126b3925e29"", ""globalContextId"": ""R-PDF-1359757963148774009-210211144317284540-16"", ""representationId"": ""R-PDF-1359757963148774009"", ""infraMediaId"": ""DOCUMENT210211144305576372317"", ""division"": ""PDF""}, {""id"": ""R-IMAGE-1359757963148774009-210211144317284589-300"", ""orgId"": ""1211537031289653682"", ""companyId"": ""1211537031860607006"", ""tenantId"": ""1211537031289653682"", ""authorizer"": ""4b2b8126b3925e29"", ""globalContextId"": ""R-IMAGE-1359757963148774009-210211144317284589-300"", ""representationId"": ""R-IMAGE-1359757963148774009"", ""infraMediaId"": ""CATALOGUE210211144305576409196"", ""division"": ""IMAGE""}]}"
"{""id"": ""1359758087890340099"", ""orgId"": ""1211537031289653682"", ""companyId"": ""1211537031860607006"", ""picasso_media"": {""id"": ""1359758087890340099"", ""orgId"": ""1211537031289653682"", ""companyId"": ""1211537031860607006"", ""tenantId"": ""1211537031289653682"", ""authorizer"": ""4b2b8126b3925e29"", ""globalContextId"": ""1359758087890340099"", ""infraMediaId"": ""DOCUMENT210211144305576731351"", ""requestSource"": ""content-engine-migration"", ""type"": ""DOCUMENT_EXCEL"", ""name"": ""file_example_XLS_5000.xls""}, ""representation_media"": [{""id"": ""R-PDF-1359758087890340099"", ""orgId"": ""1211537031289653682"", ""companyId"": ""1211537031860607006"", ""tenantId"": ""1211537031289653682"", ""authorizer"": ""4b2b8126b3925e29"", ""globalContextId"": ""R-PDF-1359758087890340099"", ""representationName"": ""PDF"", ""sourceType"": ""sourceType"", ""mediaId"": ""1359758087890340099""}, {""id"": ""R-IMAGE-1359758087890340099"", ""orgId"": ""1211537031289653682"", ""companyId"": ""1211537031860607006"", ""tenantId"": ""1211537031289653682"", ""authorizer"": ""4b2b8126b3925e29"", ""globalContextId"": ""R-IMAGE-1359758087890340099"", ""representationName"": ""IMAGE"", ""sourceType"": ""sourceType"", ""mediaId"": ""1359758087890340099""}], ""representation_properties_media"": [{""id"": ""R-PDF-1359758087890340099-210211144317284765-26"", ""orgId"": ""1211537031289653682"", ""companyId"": ""1211537031860607006"", ""tenantId"": ""1211537031289653682"", ""authorizer"": ""4b2b8126b3925e29"", ""globalContextId"": ""R-PDF-1359758087890340099-210211144317284765-26"", ""representationId"": ""R-PDF-1359758087890340099"", ""infraMediaId"": ""DOCUMENT210211144305576785180"", ""division"": ""PDF""}, {""id"": ""R-IMAGE-1359758087890340099-210211144317284814-37"", ""orgId"": ""1211537031289653682"", ""companyId"": ""1211537031860607006"", ""tenantId"": ""1211537031289653682"", ""authorizer"": ""4b2b8126b3925e29"", ""globalContextId"": ""R-IMAGE-1359758087890340099-210211144317284814-37"", ""representationId"": ""R-IMAGE-1359758087890340099"", ""infraMediaId"": ""CATALOGUE210211144305576824336"", ""division"": ""IMAGE""}]}"
"{""id"": ""1359758210348381630"", ""orgId"": ""1211537031289653682"", ""companyId"": ""1211537031860607006"", ""picasso_media"": {""id"": ""1359758210348381630"", ""orgId"": ""1211537031289653682"", ""companyId"": ""1211537031860607006"", ""tenantId"": ""1211537031289653682"", ""authorizer"": ""4b2b8126b3925e29"", ""globalContextId"": ""1359758210348381630"", ""infraMediaId"": ""DOCUMENT210211144305577021390"", ""requestSource"": ""content-engine-migration"", ""type"": ""DOCUMENT_EXCEL"", ""name"": ""file_example_XLSX_5000.xlsx""}, ""representation_media"": [{""id"": ""R-PDF-1359758210348381630"", ""orgId"": ""1211537031289653682"", ""companyId"": ""1211537031860607006"", ""tenantId"": ""1211537031289653682"", ""authorizer"": ""4b2b8126b3925e29"", ""globalContextId"": ""R-PDF-1359758210348381630"", ""representationName"": ""PDF"", ""sourceType"": ""sourceType"", ""mediaId"": ""1359758210348381630""}, {""id"": ""R-IMAGE-1359758210348381630"", ""orgId"": ""1211537031289653682"", ""companyId"": ""1211537031860607006"", ""tenantId"": ""1211537031289653682"", ""authorizer"": ""4b2b8126b3925e29"", ""globalContextId"": ""R-IMAGE-1359758210348381630"", ""representationName"": ""IMAGE"", ""sourceType"": ""sourceType"", ""mediaId"": ""1359758210348381630""}], ""representation_properties_media"": [{""id"": ""R-PDF-1359758210348381630-210211144317285035-146"", ""orgId"": ""1211537031289653682"", ""companyId"": ""1211537031860607006"", ""tenantId"": ""1211537031289653682"", ""authorizer"": ""4b2b8126b3925e29"", ""globalContextId"": ""R-PDF-1359758210348381630-210211144317285035-146"", ""representationId"": ""R-PDF-1359758210348381630"", ""infraMediaId"": ""DOCUMENT210211144305577084282"", ""division"": ""PDF""}, {""id"": ""R-IMAGE-1359758210348381630-210211144317285078-186"", ""orgId"": ""1211537031289653682"", ""companyId"": ""1211537031860607006"", ""tenantId"": ""1211537031289653682"", ""authorizer"": ""4b2b8126b3925e29"", ""globalContextId"": ""R-IMAGE-1359758210348381630-210211144317285078-186"", ""representationId"": ""R-IMAGE-1359758210348381630"", ""infraMediaId"": ""CATALOGUE210211144305577135364"", ""division"": ""IMAGE""}]}"
"{""id"": ""1359758823084643616"", ""orgId"": ""1211537031289653682"", ""companyId"": ""1211537031860607006"", ""picasso_media"": {""id"": ""1359758823084643616"", ""orgId"": ""1211537031289653682"", ""companyId"": ""1211537031860607006"", ""tenantId"": ""1211537031289653682"", ""authorizer"": ""4b2b8126b3925e29"", ""globalContextId"": ""1359758823084643616"", ""infraMediaId"": ""AUDIO210211144305577365419"", ""requestSource"": ""content-engine-migration"", ""type"": ""AUDIO"", ""name"": ""file_example_MP3_700KB.mp3""}, ""representation_media"": [{""id"": ""R-MP3-1359758823084643616"", ""orgId"": ""1211537031289653682"", ""companyId"": ""1211537031860607006"", ""tenantId"": ""1211537031289653682"", ""authorizer"": ""4b2b8126b3925e29"", ""globalContextId"": ""R-MP3-1359758823084643616"", ""representationName"": ""MP3"", ""sourceType"": ""sourceType"", ""mediaId"": ""1359758823084643616""}], ""representation_properties_media"": [{""id"": ""R-MP3-1359758823084643616-210211144317530968-130"", ""orgId"": ""1211537031289653682"", ""companyId"": ""1211537031860607006"", ""tenantId"": ""1211537031289653682"", ""authorizer"": ""4b2b8126b3925e29"", ""globalContextId"": ""R-MP3-1359758823084643616-210211144317530968-130"", ""representationId"": ""R-MP3-1359758823084643616"", ""infraMediaId"": ""AUDIO210211144305577433381"", ""division"": ""MP3""}]}"
"{""id"": ""1359759104918480945"", ""orgId"": ""1211537031289653682"", ""companyId"": ""1211537031860607006"", ""picasso_media"": {""id"": ""1359759104918480945"", ""orgId"": ""1211537031289653682"", ""companyId"": ""1211537031860607006"", ""tenantId"": ""1211537031289653682"", ""authorizer"": ""4b2b8126b3925e29"", ""globalContextId"": ""1359759104918480945"", ""infraMediaId"": ""AUDIO210211144305577655387"", ""requestSource"": ""content-engine-migration"", ""type"": ""AUDIO"", ""name"": ""file_example_MP3_700KB.mp3""}, ""representation_media"": [{""id"": ""R-MP3-1359759104918480945"", ""orgId"": ""1211537031289653682"", ""companyId"": ""1211537031860607006"", ""tenantId"": ""1211537031289653682"", ""authorizer"": ""4b2b8126b3925e29"", ""globalContextId"": ""R-MP3-1359759104918480945"", ""representationName"": ""MP3"", ""sourceType"": ""sourceType"", ""mediaId"": ""1359759104918480945""}], ""representation_properties_media"": [{""id"": ""R-MP3-1359759104918480945-210211144317531148-314"", ""orgId"": ""1211537031289653682"", ""companyId"": ""1211537031860607006"", ""tenantId"": ""1211537031289653682"", ""authorizer"": ""4b2b8126b3925e29"", ""globalContextId"": ""R-MP3-1359759104918480945-210211144317531148-314"", ""representationId"": ""R-MP3-1359759104918480945"", ""infraMediaId"": ""AUDIO21021114430557770715"", ""division"": ""MP3""}]}"
"{""id"": ""1359759261667012646"", ""orgId"": ""1211537031289653682"", ""companyId"": ""1211537031860607006"", ""picasso_media"": {""id"": ""1359759261667012646"", ""orgId"": ""1211537031289653682"", ""companyId"": ""1211537031860607006"", ""tenantId"": ""1211537031289653682"", ""authorizer"": ""4b2b8126b3925e29"", ""globalContextId"": ""1359759261667012646"", ""infraMediaId"": ""AUDIO210211144305577942200"", ""requestSource"": ""content-engine-migration"", ""type"": ""AUDIO"", ""name"": ""ff-16b-2c-44100hz.aac""}, ""representation_media"": [{""id"": ""R-MP3-1359759261667012646"", ""orgId"": ""1211537031289653682"", ""companyId"": ""1211537031860607006"", ""tenantId"": ""1211537031289653682"", ""authorizer"": ""4b2b8126b3925e29"", ""globalContextId"": ""R-MP3-1359759261667012646"", ""representationName"": ""MP3"", ""sourceType"": ""sourceType"", ""mediaId"": ""1359759261667012646""}], ""representation_properties_media"": [{""id"": ""R-MP3-1359759261667012646-210211144317531338-162"", ""orgId"": ""1211537031289653682"", ""companyId"": ""1211537031860607006"", ""tenantId"": ""1211537031289653682"", ""authorizer"": ""4b2b8126b3925e29"", ""globalContextId"": ""R-MP3-1359759261667012646-210211144317531338-162"", ""representationId"": ""R-MP3-1359759261667012646"", ""infraMediaId"": ""AUDIO21021114430557804966"", ""division"": ""MP3""}]}"
"{""id"": ""1359759389816545795"", ""orgId"": ""1211537031289653682"", ""companyId"": ""1211537031860607006"", ""picasso_media"": {""id"": ""1359759389816545795"", ""orgId"": ""1211537031289653682"", ""companyId"": ""1211537031860607006"", ""tenantId"": ""1211537031289653682"", ""authorizer"": ""4b2b8126b3925e29"", ""globalContextId"": ""1359759389816545795"", ""infraMediaId"": ""AUDIO210211144305578283427"", ""requestSource"": ""content-engine-migration"", ""type"": ""AUDIO"", ""name"": ""sample1.m4a""}, ""representation_media"": [{""id"": ""R-MP3-1359759389816545795"", ""orgId"": ""1211537031289653682"", ""companyId"": ""1211537031860607006"", ""tenantId"": ""1211537031289653682"", ""authorizer"": ""4b2b8126b3925e29"", ""globalContextId"": ""R-MP3-1359759389816545795"", ""representationName"": ""MP3"", ""sourceType"": ""sourceType"", ""mediaId"": ""1359759389816545795""}], ""representation_properties_media"": [{""id"": ""R-MP3-1359759389816545795-210211144317531560-109"", ""orgId"": ""1211537031289653682"", ""companyId"": ""1211537031860607006"", ""tenantId"": ""1211537031289653682"", ""authorizer"": ""4b2b8126b3925e29"", ""globalContextId"": ""R-MP3-1359759389816545795-210211144317531560-109"", ""representationId"": ""R-MP3-1359759389816545795"", ""infraMediaId"": ""AUDIO210211144305578349205"", ""division"": ""MP3""}]}"
"{""id"": ""1359759577686798794"", ""orgId"": ""1211537031289653682"", ""companyId"": ""1211537031860607006"", ""picasso_media"": {""id"": ""1359759577686798794"", ""orgId"": ""1211537031289653682"", ""companyId"": ""1211537031860607006"", ""tenantId"": ""1211537031289653682"", ""authorizer"": ""4b2b8126b3925e29"", ""globalContextId"": ""1359759577686798794"", ""infraMediaId"": ""AUDIO210211144305578576428"", ""requestSource"": ""content-engine-migration"", ""type"": ""AUDIO"", ""name"": ""file_example_OOG_1MG.ogg""}, ""representation_media"": [{""id"": ""R-MP3-1359759577686798794"", ""orgId"": ""1211537031289653682"", ""companyId"": ""1211537031860607006"", ""tenantId"": ""1211537031289653682"", ""authorizer"": ""4b2b8126b3925e29"", ""globalContextId"": ""R-MP3-1359759577686798794"", ""representationName"": ""MP3"", ""sourceType"": ""sourceType"", ""mediaId"": ""1359759577686798794""}], ""representation_properties_media"": [{""id"": ""R-MP3-1359759577686798794-210211144317531693-290"", ""orgId"": ""1211537031289653682"", ""companyId"": ""1211537031860607006"", ""tenantId"": ""1211537031289653682"", ""authorizer"": ""4b2b8126b3925e29"", ""globalContextId"": ""R-MP3-1359759577686798794-210211144317531693-290"", ""representationId"": ""R-MP3-1359759577686798794"", ""infraMediaId"": ""AUDIO21021114430557864838"", ""division"": ""MP3""}]}"
"{""id"": ""1359759770336419937"", ""orgId"": ""1211537031289653682"", ""companyId"": ""1211537031860607006"", ""picasso_media"": {""id"": ""1359759770336419937"", ""orgId"": ""1211537031289653682"", ""companyId"": ""1211537031860607006"", ""tenantId"": ""1211537031289653682"", ""authorizer"": ""4b2b8126b3925e29"", ""globalContextId"": ""1359759770336419937"", ""infraMediaId"": ""AUDIO210211144306177404464"", ""requestSource"": ""content-engine-migration"", ""type"": ""AUDIO"", ""name"": ""sample1.oga""}, ""representation_media"": [{""id"": ""R-MP3-1359759770336419937"", ""orgId"": ""1211537031289653682"", ""companyId"": ""1211537031860607006"", ""tenantId"": ""1211537031289653682"", ""authorizer"": ""4b2b8126b3925e29"", ""globalContextId"": ""R-MP3-1359759770336419937"", ""representationName"": ""MP3"", ""sourceType"": ""sourceType"", ""mediaId"": ""1359759770336419937""}], ""representation_properties_media"": [{""id"": ""R-MP3-1359759770336419937-210211144317754474-259"", ""orgId"": ""1211537031289653682"", ""companyId"": ""1211537031860607006"", ""tenantId"": ""1211537031289653682"", ""authorizer"": ""4b2b8126b3925e29"", ""globalContextId"": ""R-MP3-1359759770336419937-210211144317754474-259"", ""representationId"": ""R-MP3-1359759770336419937"", ""infraMediaId"": ""AUDIO21021114430617758918"", ""division"": ""MP3""}]}"
"{""id"": ""1359759912177085222"", ""orgId"": ""1211537031289653682"", ""companyId"": ""1211537031860607006"", ""picasso_media"": {""id"": ""1359759912177085222"", ""orgId"": ""1211537031289653682"", ""companyId"": ""1211537031860607006"", ""tenantId"": ""1211537031289653682"", ""authorizer"": ""4b2b8126b3925e29"", ""globalContextId"": ""1359759912177085222"", ""infraMediaId"": ""AUDIO210211144306177992334"", ""requestSource"": ""content-engine-migration"", ""type"": ""AUDIO"", ""name"": ""file_example_WAV_1MG.wav""}, ""representation_media"": [{""id"": ""R-MP3-1359759912177085222"", ""orgId"": ""1211537031289653682"", ""companyId"": ""1211537031860607006"", ""tenantId"": ""1211537031289653682"", ""authorizer"": ""4b2b8126b3925e29"", ""globalContextId"": ""R-MP3-1359759912177085222"", ""representationName"": ""MP3"", ""sourceType"": ""sourceType"", ""mediaId"": ""1359759912177085222""}], ""representation_properties_media"": [{""id"": ""R-MP3-1359759912177085222-210211144317754776-183"", ""orgId"": ""1211537031289653682"", ""companyId"": ""1211537031860607006"", ""tenantId"": ""1211537031289653682"", ""authorizer"": ""4b2b8126b3925e29"", ""globalContextId"": ""R-MP3-1359759912177085222-210211144317754776-183"", ""representationId"": ""R-MP3-1359759912177085222"", ""infraMediaId"": ""AUDIO210211144306178072268"", ""division"": ""MP3""}]}"
"{""id"": ""1359760315940633437"", ""orgId"": ""1211537031289653682"", ""companyId"": ""1211537031860607006"", ""picasso_media"": {""id"": ""1359760315940633437"", ""orgId"": ""1211537031289653682"", ""companyId"": ""1211537031860607006"", ""tenantId"": ""1211537031289653682"", ""authorizer"": ""4b2b8126b3925e29"", ""globalContextId"": ""1359760315940633437"", ""infraMediaId"": ""DOCUMENT210211144306178388222"", ""requestSource"": ""content-engine-migration"", ""type"": ""DOCUMENT_PDF"", ""name"": ""file-example_PDF_1MB.pdf""}, ""representation_media"": [{""id"": ""R-PDF-1359760315940633437"", ""orgId"": ""1211537031289653682"", ""companyId"": ""1211537031860607006"", ""tenantId"": ""1211537031289653682"", ""authorizer"": ""4b2b8126b3925e29"", ""globalContextId"": ""R-PDF-1359760315940633437"", ""representationName"": ""PDF"", ""sourceType"": ""sourceType"", ""mediaId"": ""1359760315940633437""}, {""id"": ""R-IMAGE-1359760315940633437"", ""orgId"": ""1211537031289653682"", ""companyId"": ""1211537031860607006"", ""tenantId"": ""1211537031289653682"", ""authorizer"": ""4b2b8126b3925e29"", ""globalContextId"": ""R-IMAGE-1359760315940633437"", ""representationName"": ""IMAGE"", ""sourceType"": ""sourceType"", ""mediaId"": ""1359760315940633437""}], ""representation_properties_media"": [{""id"": ""R-PDF-1359760315940633437-210211144317755023-119"", ""orgId"": ""1211537031289653682"", ""companyId"": ""1211537031860607006"", ""tenantId"": ""1211537031289653682"", ""authorizer"": ""4b2b8126b3925e29"", ""globalContextId"": ""R-PDF-1359760315940633437-210211144317755023-119"", ""representationId"": ""R-PDF-1359760315940633437"", ""infraMediaId"": ""DOCUMENT210211144306178492465"", ""division"": ""PDF""}, {""id"": ""R-IMAGE-1359760315940633437-210211144317755066-392"", ""orgId"": ""1211537031289653682"", ""companyId"": ""1211537031860607006"", ""tenantId"": ""1211537031289653682"", ""authorizer"": ""4b2b8126b3925e29"", ""globalContextId"": ""R-IMAGE-1359760315940633437-210211144317755066-392"", ""representationId"": ""R-IMAGE-1359760315940633437"", ""infraMediaId"": ""CATALOGUE210211144306178634379"", ""division"": ""IMAGE""}]}"
"{""id"": ""1359760686960313204"", ""orgId"": ""1211537031289653682"", ""companyId"": ""1211537031860607006"", ""picasso_media"": {""id"": ""1359760686960313204"", ""orgId"": ""1211537031289653682"", ""companyId"": ""1211537031860607006"", ""tenantId"": ""1211537031289653682"", ""authorizer"": ""4b2b8126b3925e29"", ""globalContextId"": ""1359760686960313204"", ""infraMediaId"": ""DOCUMENT210211144306179197270"", ""requestSource"": ""content-engine-migration"", ""type"": ""DOCUMENT_WORD"", ""name"": ""sample.doc""}, ""representation_media"": [{""id"": ""R-PDF-1359760686960313204"", ""orgId"": ""1211537031289653682"", ""companyId"": ""1211537031860607006"", ""tenantId"": ""1211537031289653682"", ""authorizer"": ""4b2b8126b3925e29"", ""globalContextId"": ""R-PDF-1359760686960313204"", ""representationName"": ""PDF"", ""sourceType"": ""sourceType"", ""mediaId"": ""1359760686960313204""}, {""id"": ""R-IMAGE-1359760686960313204"", ""orgId"": ""1211537031289653682"", ""companyId"": ""1211537031860607006"", ""tenantId"": ""1211537031289653682"", ""authorizer"": ""4b2b8126b3925e29"", ""globalContextId"": ""R-IMAGE-1359760686960313204"", ""representationName"": ""IMAGE"", ""sourceType"": ""sourceType"", ""mediaId"": ""1359760686960313204""}], ""representation_properties_media"": [{""id"": ""R-PDF-1359760686960313204-210211144317755242-22"", ""orgId"": ""1211537031289653682"", ""companyId"": ""1211537031860607006"", ""tenantId"": ""1211537031289653682"", ""authorizer"": ""4b2b8126b3925e29"", ""globalContextId"": ""R-PDF-1359760686960313204-210211144317755242-22"", ""representationId"": ""R-PDF-1359760686960313204"", ""infraMediaId"": ""DOCUMENT210211144306179295328"", ""division"": ""PDF""}, {""id"": ""R-IMAGE-1359760686960313204-210211144317755282-427"", ""orgId"": ""1211537031289653682"", ""companyId"": ""1211537031860607006"", ""tenantId"": ""1211537031289653682"", ""authorizer"": ""4b2b8126b3925e29"", ""globalContextId"": ""R-IMAGE-1359760686960313204-210211144317755282-427"", ""representationId"": ""R-IMAGE-1359760686960313204"", ""infraMediaId"": ""CATALOGUE210211144306179344291"", ""division"": ""IMAGE""}]}"
"{""id"": ""1359760829212421896"", ""orgId"": ""1211537031289653682"", ""companyId"": ""1211537031860607006"", ""picasso_media"": {""id"": ""1359760829212421896"", ""orgId"": ""1211537031289653682"", ""companyId"": ""1211537031860607006"", ""tenantId"": ""1211537031289653682"", ""authorizer"": ""4b2b8126b3925e29"", ""globalContextId"": ""1359760829212421896"", ""infraMediaId"": ""DOCUMENT210211144306179588503"", ""requestSource"": ""content-engine-migration"", ""type"": ""DOCUMENT_WORD"", ""name"": ""Creative Project Presentation Template.docx""}, ""representation_media"": [{""id"": ""R-PDF-1359760829212421896"", ""orgId"": ""1211537031289653682"", ""companyId"": ""1211537031860607006"", ""tenantId"": ""1211537031289653682"", ""authorizer"": ""4b2b8126b3925e29"", ""globalContextId"": ""R-PDF-1359760829212421896"", ""representationName"": ""PDF"", ""sourceType"": ""sourceType"", ""mediaId"": ""1359760829212421896""}, {""id"": ""R-IMAGE-1359760829212421896"", ""orgId"": ""1211537031289653682"", ""companyId"": ""1211537031860607006"", ""tenantId"": ""1211537031289653682"", ""authorizer"": ""4b2b8126b3925e29"", ""globalContextId"": ""R-IMAGE-1359760829212421896"", ""representationName"": ""IMAGE"", ""sourceType"": ""sourceType"", ""mediaId"": ""1359760829212421896""}], ""representation_properties_media"": [{""id"": ""R-PDF-1359760829212421896-210211144317755445-17"", ""orgId"": ""1211537031289653682"", ""companyId"": ""1211537031860607006"", ""tenantId"": ""1211537031289653682"", ""authorizer"": ""4b2b8126b3925e29"", ""globalContextId"": ""R-PDF-1359760829212421896-210211144317755445-17"", ""representationId"": ""R-PDF-1359760829212421896"", ""infraMediaId"": ""DOCUMENT210211144306179650251"", ""division"": ""PDF""}, {""id"": ""R-IMAGE-1359760829212421896-210211144317755485-372"", ""orgId"": ""1211537031289653682"", ""companyId"": ""1211537031860607006"", ""tenantId"": ""1211537031289653682"", ""authorizer"": ""4b2b8126b3925e29"", ""globalContextId"": ""R-IMAGE-1359760829212421896-210211144317755485-372"", ""representationId"": ""R-IMAGE-1359760829212421896"", ""infraMediaId"": ""CATALOGUE210211144306179691353"", ""division"": ""IMAGE""}]}"
"{""id"": ""1359760952194855835"", ""orgId"": ""1211537031289653682"", ""companyId"": ""1211537031860607006"", ""picasso_media"": {""id"": ""1359760952194855835"", ""orgId"": ""1211537031289653682"", ""companyId"": ""1211537031860607006"", ""tenantId"": ""1211537031289653682"", ""authorizer"": ""4b2b8126b3925e29"", ""globalContextId"": ""1359760952194855835"", ""infraMediaId"": ""DOCUMENT21021114430617998119"", ""requestSource"": ""content-engine-migration"", ""type"": ""DOCUMENT_POWERPOINT"", ""name"": ""816.ppt""}, ""representation_media"": [{""id"": ""R-PDF-1359760952194855835"", ""orgId"": ""1211537031289653682"", ""companyId"": ""1211537031860607006"", ""tenantId"": ""1211537031289653682"", ""authorizer"": ""4b2b8126b3925e29"", ""globalContextId"": ""R-PDF-1359760952194855835"", ""representationName"": ""PDF"", ""sourceType"": ""sourceType"", ""mediaId"": ""1359760952194855835""}, {""id"": ""R-IMAGE-1359760952194855835"", ""orgId"": ""1211537031289653682"", ""companyId"": ""1211537031860607006"", ""tenantId"": ""1211537031289653682"", ""authorizer"": ""4b2b8126b3925e29"", ""globalContextId"": ""R-IMAGE-1359760952194855835"", ""representationName"": ""IMAGE"", ""sourceType"": ""sourceType"", ""mediaId"": ""1359760952194855835""}], ""representation_properties_media"": [{""id"": ""R-PDF-1359760952194855835-210211144318121117-315"", ""orgId"": ""1211537031289653682"", ""companyId"": ""1211537031860607006"", ""tenantId"": ""1211537031289653682"", ""authorizer"": ""4b2b8126b3925e29"", ""globalContextId"": ""R-PDF-1359760952194855835-210211144318121117-315"", ""representationId"": ""R-PDF-1359760952194855835"", ""infraMediaId"": ""DOCUMENT210211144306180069173"", ""division"": ""PDF""}, {""id"": ""R-IMAGE-1359760952194855835-210211144318121171-149"", ""orgId"": ""1211537031289653682"", ""companyId"": ""1211537031860607006"", ""tenantId"": ""1211537031289653682"", ""authorizer"": ""4b2b8126b3925e29"", ""globalContextId"": ""R-IMAGE-1359760952194855835-210211144318121171-149"", ""representationId"": ""R-IMAGE-1359760952194855835"", ""infraMediaId"": ""CATALOGUE210211144306180118128"", ""division"": ""IMAGE""}]}"
"{""id"": ""1359761072827215918"", ""orgId"": ""1211537031289653682"", ""companyId"": ""1211537031860607006"", ""picasso_media"": {""id"": ""1359761072827215918"", ""orgId"": ""1211537031289653682"", ""companyId"": ""1211537031860607006"", ""tenantId"": ""1211537031289653682"", ""authorizer"": ""4b2b8126b3925e29"", ""globalContextId"": ""1359761072827215918"", ""infraMediaId"": ""DOCUMENT21021114430618074183"", ""requestSource"": ""content-engine-migration"", ""type"": ""DOCUMENT_POWERPOINT"", ""name"": ""samplepptx.pptx""}, ""representation_media"": [{""id"": ""R-PDF-1359761072827215918"", ""orgId"": ""1211537031289653682"", ""companyId"": ""1211537031860607006"", ""tenantId"": ""1211537031289653682"", ""authorizer"": ""4b2b8126b3925e29"", ""globalContextId"": ""R-PDF-1359761072827215918"", ""representationName"": ""PDF"", ""sourceType"": ""sourceType"", ""mediaId"": ""1359761072827215918""}, {""id"": ""R-IMAGE-1359761072827215918"", ""orgId"": ""1211537031289653682"", ""companyId"": ""1211537031860607006"", ""tenantId"": ""1211537031289653682"", ""authorizer"": ""4b2b8126b3925e29"", ""globalContextId"": ""R-IMAGE-1359761072827215918"", ""representationName"": ""IMAGE"", ""sourceType"": ""sourceType"", ""mediaId"": ""1359761072827215918""}], ""representation_properties_media"": [{""id"": ""R-PDF-1359761072827215918-210211144318121348-77"", ""orgId"": ""1211537031289653682"", ""companyId"": ""1211537031860607006"", ""tenantId"": ""1211537031289653682"", ""authorizer"": ""4b2b8126b3925e29"", ""globalContextId"": ""R-PDF-1359761072827215918-210211144318121348-77"", ""representationId"": ""R-PDF-1359761072827215918"", ""infraMediaId"": ""DOCUMENT21021114430618114873"", ""division"": ""PDF""}, {""id"": ""R-IMAGE-1359761072827215918-210211144318121385-216"", ""orgId"": ""1211537031289653682"", ""companyId"": ""1211537031860607006"", ""tenantId"": ""1211537031289653682"", ""authorizer"": ""4b2b8126b3925e29"", ""globalContextId"": ""R-IMAGE-1359761072827215918-210211144318121385-216"", ""representationId"": ""R-IMAGE-1359761072827215918"", ""infraMediaId"": ""CATALOGUE210211144306181335316"", ""division"": ""IMAGE""}]}"
"{""id"": ""1359761191108421032"", ""orgId"": ""1211537031289653682"", ""companyId"": ""1211537031860607006"", ""picasso_media"": {""id"": ""1359761191108421032"", ""orgId"": ""1211537031289653682"", ""companyId"": ""1211537031860607006"", ""tenantId"": ""1211537031289653682"", ""authorizer"": ""4b2b8126b3925e29"", ""globalContextId"": ""1359761191108421032"", ""infraMediaId"": ""DOCUMENT21021114430618217959"", ""requestSource"": ""content-engine-migration"", ""type"": ""DOCUMENT_EXCEL"", ""name"": ""file_example_XLS_5000.xls""}, ""representation_media"": [{""id"": ""R-PDF-1359761191108421032"", ""orgId"": ""1211537031289653682"", ""companyId"": ""1211537031860607006"", ""tenantId"": ""1211537031289653682"", ""authorizer"": ""4b2b8126b3925e29"", ""globalContextId"": ""R-PDF-1359761191108421032"", ""representationName"": ""PDF"", ""sourceType"": ""sourceType"", ""mediaId"": ""1359761191108421032""}, {""id"": ""R-IMAGE-1359761191108421032"", ""orgId"": ""1211537031289653682"", ""companyId"": ""1211537031860607006"", ""tenantId"": ""1211537031289653682"", ""authorizer"": ""4b2b8126b3925e29"", ""globalContextId"": ""R-IMAGE-1359761191108421032"", ""representationName"": ""IMAGE"", ""sourceType"": ""sourceType"", ""mediaId"": ""1359761191108421032""}], ""representation_properties_media"": [{""id"": ""R-PDF-1359761191108421032-210211144318121533-345"", ""orgId"": ""1211537031289653682"", ""companyId"": ""1211537031860607006"", ""tenantId"": ""1211537031289653682"", ""authorizer"": ""4b2b8126b3925e29"", ""globalContextId"": ""R-PDF-1359761191108421032-210211144318121533-345"", ""representationId"": ""R-PDF-1359761191108421032"", ""infraMediaId"": ""DOCUMENT210211144306182433188"", ""division"": ""PDF""}, {""id"": ""R-IMAGE-1359761191108421032-210211144318121567-326"", ""orgId"": ""1211537031289653682"", ""companyId"": ""1211537031860607006"", ""tenantId"": ""1211537031289653682"", ""authorizer"": ""4b2b8126b3925e29"", ""globalContextId"": ""R-IMAGE-1359761191108421032-210211144318121567-326"", ""representationId"": ""R-IMAGE-1359761191108421032"", ""infraMediaId"": ""CATALOGUE21021114430618252477"", ""division"": ""IMAGE""}]}"
"{""id"": ""1359761317360738415"", ""orgId"": ""1211537031289653682"", ""companyId"": ""1211537031860607006"", ""picasso_media"": {""id"": ""1359761317360738415"", ""orgId"": ""1211537031289653682"", ""companyId"": ""1211537031860607006"", ""tenantId"": ""1211537031289653682"", ""authorizer"": ""4b2b8126b3925e29"", ""globalContextId"": ""1359761317360738415"", ""infraMediaId"": ""DOCUMENT210211144306183119241"", ""requestSource"": ""content-engine-migration"", ""type"": ""DOCUMENT_EXCEL"", ""name"": ""file_example_XLSX_5000.xlsx""}, ""representation_media"": [{""id"": ""R-PDF-1359761317360738415"", ""orgId"": ""1211537031289653682"", ""companyId"": ""1211537031860607006"", ""tenantId"": ""1211537031289653682"", ""authorizer"": ""4b2b8126b3925e29"", ""globalContextId"": ""R-PDF-1359761317360738415"", ""representationName"": ""PDF"", ""sourceType"": ""sourceType"", ""mediaId"": ""1359761317360738415""}, {""id"": ""R-IMAGE-1359761317360738415"", ""orgId"": ""1211537031289653682"", ""companyId"": ""1211537031860607006"", ""tenantId"": ""1211537031289653682"", ""authorizer"": ""4b2b8126b3925e29"", ""globalContextId"": ""R-IMAGE-1359761317360738415"", ""representationName"": ""IMAGE"", ""sourceType"": ""sourceType"", ""mediaId"": ""1359761317360738415""}], ""representation_properties_media"": [{""id"": ""R-PDF-1359761317360738415-210211144318121734-85"", ""orgId"": ""1211537031289653682"", ""companyId"": ""1211537031860607006"", ""tenantId"": ""1211537031289653682"", ""authorizer"": ""4b2b8126b3925e29"", ""globalContextId"": ""R-PDF-1359761317360738415-210211144318121734-85"", ""representationId"": ""R-PDF-1359761317360738415"", ""infraMediaId"": ""DOCUMENT210211144306183324274"", ""division"": ""PDF""}, {""id"": ""R-IMAGE-1359761317360738415-210211144318121770-266"", ""orgId"": ""1211537031289653682"", ""companyId"": ""1211537031860607006"", ""tenantId"": ""1211537031289653682"", ""authorizer"": ""4b2b8126b3925e29"", ""globalContextId"": ""R-IMAGE-1359761317360738415-210211144318121770-266"", ""representationId"": ""R-IMAGE-1359761317360738415"", ""infraMediaId"": ""CATALOGUE210211144306183416370"", ""division"": ""IMAGE""}]}"
