mtgame-cdn.mindtickle.com,1325703240109091977/1609926424130sample_mp3.mp3,mt-picasso-asia-singapore,1325703235261686415/1325703240109091977/AUDIO210201113621200636120/1609926424130sample_mp3.mp3
mtstreaming-cdn.mindtickle.com,1325703240109091977/1609926424130sample_mp3.mp3/mp3/1.mp3,mt-picasso-asia-singapore,1325703235261686415/1325703240109091977/AUDIO210201113621200872102/1.mp3
mtgame-cdn.mindtickle.com,1325703240109091977/16106136368863PagePdf.pdf,mt-picasso-asia-singapore,1325703235261686415/1325703240109091977/DOCUMENT210201113621201462196/16106136368863PagePdf.pdf
mtdocs-box-processed,1349637571369412665/doc.pdf,mt-picasso-asia-singapore,1325703235261686415/1325703240109091977/DOCUMENT210201113621201635207/doc.pdf
mtdocs-box-processed,1349637571369412665/images/thumbnail-master-0.png,mt-picasso-asia-singapore,1325703235261686415/1325703240109091977/IMAGE210201113621201682171/thumbnail-master-0.png
mtgame-cdn.mindtickle.com,1325703240109091977/16106136368863PagePdf.pdf/imagified/box/out_1.png,mt-picasso-asia-singapore,1325703235261686415/1325703240109091977/CATALOGUE210201113621201786128/box/out_1.png
mtgame-cdn.mindtickle.com,1325703240109091977/16106136368863PagePdf.pdf/imagified/box/out_2.png,mt-picasso-asia-singapore,1325703235261686415/1325703240109091977/CATALOGUE210201113621201786128/box/out_2.png
mtgame-cdn.mindtickle.com,1325703240109091977/16106136368863PagePdf.pdf/imagified/box/out_3.png,mt-picasso-asia-singapore,1325703235261686415/1325703240109091977/CATALOGUE210201113621201786128/box/out_3.png
mtgame-cdn.mindtickle.com,1325703240109091977/16106136368863PagePdf.pdf/imagified/box/out_4.png,mt-picasso-asia-singapore,1325703235261686415/1325703240109091977/CATALOGUE210201113621201786128/box/out_4.png
mtgame-cdn.mindtickle.com,1325703240109091977/16106136368863PagePdf.pdf/imagified/filestack/out_1.png,mt-picasso-asia-singapore,1325703235261686415/1325703240109091977/CATALOGUE210201113621201786128/filestack/out_1.png
mtgame-cdn.mindtickle.com,1325703240109091977/16106136368863PagePdf.pdf/imagified/filestack/out_2.png,mt-picasso-asia-singapore,1325703235261686415/1325703240109091977/CATALOGUE210201113621201786128/filestack/out_2.png
mtgame-cdn.mindtickle.com,1325703240109091977/16106136368863PagePdf.pdf/imagified/filestack/out_3.png,mt-picasso-asia-singapore,1325703235261686415/1325703240109091977/CATALOGUE210201113621201786128/filestack/out_3.png
mtgame-cdn.mindtickle.com,1325703240109091977/16106136368863PagePdf.pdf/imagified/filestack/out_4.png,mt-picasso-asia-singapore,1325703235261686415/1325703240109091977/CATALOGUE210201113621201786128/filestack/out_4.png
mtgame-cdn.mindtickle.com,1325703240109091977/16106136368863PagePdf.pdf/imagified/out_1.png,mt-picasso-asia-singapore,1325703235261686415/1325703240109091977/CATALOGUE210201113621201786128/out_1.png
mtgame-cdn.mindtickle.com,1325703240109091977/16106136368863PagePdf.pdf/imagified/out_2.png,mt-picasso-asia-singapore,1325703235261686415/1325703240109091977/CATALOGUE210201113621201786128/out_2.png
mtgame-cdn.mindtickle.com,1325703240109091977/16106136368863PagePdf.pdf/imagified/out_3.png,mt-picasso-asia-singapore,1325703235261686415/1325703240109091977/CATALOGUE210201113621201786128/out_3.png
mtgame-cdn.mindtickle.com,1325703240109091977/16106136368863PagePdf.pdf/imagified/out_4.png,mt-picasso-asia-singapore,1325703235261686415/1325703240109091977/CATALOGUE210201113621201786128/out_4.png
mtgame-cdn.mindtickle.com,1325703240109091977/16106136368863PagePdf.pdf/imagified/out_{image_num}.png,mt-picasso-asia-singapore,1325703235261686415/1325703240109091977/CATALOGUE210201113621201786128/out_{image_num}.png
mtgame-cdn.mindtickle.com,1325703240109091977/1610342564010SamplePDFFile_5mb.pdf,mt-picasso-asia-singapore,1325703235261686415/1325703240109091977/DOCUMENT210201113621202250293/1610342564010SamplePDFFile_5mb.pdf
mtdocs-box-processed,1348500726591568019/doc.pdf,mt-picasso-asia-singapore,1325703235261686415/1325703240109091977/DOCUMENT210201113621202315252/doc.pdf
mtgame-cdn.mindtickle.com,1325703240109091977/1610342564010SamplePDFFile_5mb.pdf/imagified/filestack/out_1.png,mt-picasso-asia-singapore,1325703235261686415/1325703240109091977/CATALOGUE210201113621202405339/filestack/out_1.png
mtgame-cdn.mindtickle.com,1325703240109091977/1610342564010SamplePDFFile_5mb.pdf/imagified/filestack/out_10.png,mt-picasso-asia-singapore,1325703235261686415/1325703240109091977/CATALOGUE210201113621202405339/filestack/out_10.png
mtgame-cdn.mindtickle.com,1325703240109091977/1610342564010SamplePDFFile_5mb.pdf/imagified/filestack/out_11.png,mt-picasso-asia-singapore,1325703235261686415/1325703240109091977/CATALOGUE210201113621202405339/filestack/out_11.png
mtgame-cdn.mindtickle.com,1325703240109091977/1610342564010SamplePDFFile_5mb.pdf/imagified/filestack/out_12.png,mt-picasso-asia-singapore,1325703235261686415/1325703240109091977/CATALOGUE210201113621202405339/filestack/out_12.png
mtgame-cdn.mindtickle.com,1325703240109091977/1610342564010SamplePDFFile_5mb.pdf/imagified/filestack/out_2.png,mt-picasso-asia-singapore,1325703235261686415/1325703240109091977/CATALOGUE210201113621202405339/filestack/out_2.png
mtgame-cdn.mindtickle.com,1325703240109091977/1610342564010SamplePDFFile_5mb.pdf/imagified/filestack/out_3.png,mt-picasso-asia-singapore,1325703235261686415/1325703240109091977/CATALOGUE210201113621202405339/filestack/out_3.png
mtgame-cdn.mindtickle.com,1325703240109091977/1610342564010SamplePDFFile_5mb.pdf/imagified/filestack/out_4.png,mt-picasso-asia-singapore,1325703235261686415/1325703240109091977/CATALOGUE210201113621202405339/filestack/out_4.png
mtgame-cdn.mindtickle.com,1325703240109091977/1610342564010SamplePDFFile_5mb.pdf/imagified/filestack/out_5.png,mt-picasso-asia-singapore,1325703235261686415/1325703240109091977/CATALOGUE210201113621202405339/filestack/out_5.png
mtgame-cdn.mindtickle.com,1325703240109091977/1610342564010SamplePDFFile_5mb.pdf/imagified/filestack/out_6.png,mt-picasso-asia-singapore,1325703235261686415/1325703240109091977/CATALOGUE210201113621202405339/filestack/out_6.png
mtgame-cdn.mindtickle.com,1325703240109091977/1610342564010SamplePDFFile_5mb.pdf/imagified/filestack/out_7.png,mt-picasso-asia-singapore,1325703235261686415/1325703240109091977/CATALOGUE210201113621202405339/filestack/out_7.png
mtgame-cdn.mindtickle.com,1325703240109091977/1610342564010SamplePDFFile_5mb.pdf/imagified/filestack/out_8.png,mt-picasso-asia-singapore,1325703235261686415/1325703240109091977/CATALOGUE210201113621202405339/filestack/out_8.png
mtgame-cdn.mindtickle.com,1325703240109091977/1610342564010SamplePDFFile_5mb.pdf/imagified/filestack/out_9.png,mt-picasso-asia-singapore,1325703235261686415/1325703240109091977/CATALOGUE210201113621202405339/filestack/out_9.png
mtgame-cdn.mindtickle.com,1325703240109091977/1610342564010SamplePDFFile_5mb.pdf/imagified/out_1.png,mt-picasso-asia-singapore,1325703235261686415/1325703240109091977/CATALOGUE210201113621202405339/out_1.png
mtgame-cdn.mindtickle.com,1325703240109091977/1610342564010SamplePDFFile_5mb.pdf/imagified/out_10.png,mt-picasso-asia-singapore,1325703235261686415/1325703240109091977/CATALOGUE210201113621202405339/out_10.png
mtgame-cdn.mindtickle.com,1325703240109091977/1610342564010SamplePDFFile_5mb.pdf/imagified/out_11.png,mt-picasso-asia-singapore,1325703235261686415/1325703240109091977/CATALOGUE210201113621202405339/out_11.png
mtgame-cdn.mindtickle.com,1325703240109091977/1610342564010SamplePDFFile_5mb.pdf/imagified/out_12.png,mt-picasso-asia-singapore,1325703235261686415/1325703240109091977/CATALOGUE210201113621202405339/out_12.png
mtgame-cdn.mindtickle.com,1325703240109091977/1610342564010SamplePDFFile_5mb.pdf/imagified/out_2.png,mt-picasso-asia-singapore,1325703235261686415/1325703240109091977/CATALOGUE210201113621202405339/out_2.png
mtgame-cdn.mindtickle.com,1325703240109091977/1610342564010SamplePDFFile_5mb.pdf/imagified/out_3.png,mt-picasso-asia-singapore,1325703235261686415/1325703240109091977/CATALOGUE210201113621202405339/out_3.png
mtgame-cdn.mindtickle.com,1325703240109091977/1610342564010SamplePDFFile_5mb.pdf/imagified/out_4.png,mt-picasso-asia-singapore,1325703235261686415/1325703240109091977/CATALOGUE210201113621202405339/out_4.png
mtgame-cdn.mindtickle.com,1325703240109091977/1610342564010SamplePDFFile_5mb.pdf/imagified/out_5.png,mt-picasso-asia-singapore,1325703235261686415/1325703240109091977/CATALOGUE210201113621202405339/out_5.png
mtgame-cdn.mindtickle.com,1325703240109091977/1610342564010SamplePDFFile_5mb.pdf/imagified/out_6.png,mt-picasso-asia-singapore,1325703235261686415/1325703240109091977/CATALOGUE210201113621202405339/out_6.png
mtgame-cdn.mindtickle.com,1325703240109091977/1610342564010SamplePDFFile_5mb.pdf/imagified/out_7.png,mt-picasso-asia-singapore,1325703235261686415/1325703240109091977/CATALOGUE210201113621202405339/out_7.png
mtgame-cdn.mindtickle.com,1325703240109091977/1610342564010SamplePDFFile_5mb.pdf/imagified/out_8.png,mt-picasso-asia-singapore,1325703235261686415/1325703240109091977/CATALOGUE210201113621202405339/out_8.png
mtgame-cdn.mindtickle.com,1325703240109091977/1610342564010SamplePDFFile_5mb.pdf/imagified/out_9.png,mt-picasso-asia-singapore,1325703235261686415/1325703240109091977/CATALOGUE210201113621202405339/out_9.png
mtgame-cdn.mindtickle.com,1325703240109091977/1610342564010SamplePDFFile_5mb.pdf/imagified/out_{image_num}.png,mt-picasso-asia-singapore,1325703235261686415/1325703240109091977/CATALOGUE210201113621202405339/out_{image_num}.png
mtgame-cdn.mindtickle.com,1325703240109091977/1609926361927sample_pptx_file.pptx,mt-picasso-asia-singapore,1325703235261686415/1325703240109091977/DOCUMENT210201113621202864148/1609926361927sample_pptx_file.pptx
mtdocs-box-processed,1346754900981661328/doc.pdf,mt-picasso-asia-singapore,1325703235261686415/1325703240109091977/DOCUMENT210201113621202942509/doc.pdf
mtdocs-box-processed,1346754900981661328/images/thumbnail-master-0.png,mt-picasso-asia-singapore,1325703235261686415/1325703240109091977/IMAGE210201113621202996333/thumbnail-master-0.png
mtgame-cdn.mindtickle.com,1325703240109091977/1609926361927sample_pptx_file.pptx/imagified/filestack/out_1.png,mt-picasso-asia-singapore,1325703235261686415/1325703240109091977/CATALOGUE210201113621203060397/filestack/out_1.png
mtgame-cdn.mindtickle.com,1325703240109091977/1609926361927sample_pptx_file.pptx/imagified/filestack/out_2.png,mt-picasso-asia-singapore,1325703235261686415/1325703240109091977/CATALOGUE210201113621203060397/filestack/out_2.png
mtgame-cdn.mindtickle.com,1325703240109091977/1609926361927sample_pptx_file.pptx/imagified/filestack/out_3.png,mt-picasso-asia-singapore,1325703235261686415/1325703240109091977/CATALOGUE210201113621203060397/filestack/out_3.png
mtgame-cdn.mindtickle.com,1325703240109091977/1609926361927sample_pptx_file.pptx/imagified/filestack/out_4.png,mt-picasso-asia-singapore,1325703235261686415/1325703240109091977/CATALOGUE210201113621203060397/filestack/out_4.png
mtgame-cdn.mindtickle.com,1325703240109091977/1609926361927sample_pptx_file.pptx/imagified/filestack/out_5.png,mt-picasso-asia-singapore,1325703235261686415/1325703240109091977/CATALOGUE210201113621203060397/filestack/out_5.png
mtgame-cdn.mindtickle.com,1325703240109091977/1609926361927sample_pptx_file.pptx/imagified/filestack/out_6.png,mt-picasso-asia-singapore,1325703235261686415/1325703240109091977/CATALOGUE210201113621203060397/filestack/out_6.png
mtgame-cdn.mindtickle.com,1325703240109091977/1609926361927sample_pptx_file.pptx/imagified/out_1.png,mt-picasso-asia-singapore,1325703235261686415/1325703240109091977/CATALOGUE210201113621203060397/out_1.png
mtgame-cdn.mindtickle.com,1325703240109091977/1609926361927sample_pptx_file.pptx/imagified/out_2.png,mt-picasso-asia-singapore,1325703235261686415/1325703240109091977/CATALOGUE210201113621203060397/out_2.png
mtgame-cdn.mindtickle.com,1325703240109091977/1609926361927sample_pptx_file.pptx/imagified/out_3.png,mt-picasso-asia-singapore,1325703235261686415/1325703240109091977/CATALOGUE210201113621203060397/out_3.png
mtgame-cdn.mindtickle.com,1325703240109091977/1609926361927sample_pptx_file.pptx/imagified/out_4.png,mt-picasso-asia-singapore,1325703235261686415/1325703240109091977/CATALOGUE210201113621203060397/out_4.png
mtgame-cdn.mindtickle.com,1325703240109091977/1609926361927sample_pptx_file.pptx/imagified/out_5.png,mt-picasso-asia-singapore,1325703235261686415/1325703240109091977/CATALOGUE210201113621203060397/out_5.png
mtgame-cdn.mindtickle.com,1325703240109091977/1609926361927sample_pptx_file.pptx/imagified/out_6.png,mt-picasso-asia-singapore,1325703235261686415/1325703240109091977/CATALOGUE210201113621203060397/out_6.png
mtgame-cdn.mindtickle.com,1325703240109091977/1609926361927sample_pptx_file.pptx/imagified/out_{image_num}.png,mt-picasso-asia-singapore,1325703235261686415/1325703240109091977/CATALOGUE210201113621203060397/out_{image_num}.png
mtgame-cdn.mindtickle.com,1325703240109091977/1609926219945sample_mp3.mp3,mt-picasso-asia-singapore,1325703235261686415/1325703240109091977/AUDIO210201113621203573388/1609926219945sample_mp3.mp3
mtstreaming-cdn.mindtickle.com,1325703240109091977/1609926219945sample_mp3.mp3/mp3/1.mp3,mt-picasso-asia-singapore,1325703235261686415/1325703240109091977/AUDIO210201113621203648305/1.mp3
mtgame-cdn.mindtickle.com,1325703240109091977/user/4ca08ed5e337570c/VoiceOverSlideshow/1349553920972518958/1/audio/1610593910299.webm,mt-picasso-asia-singapore,1325703235261686415/1325703240109091977/AUDIO210201113621203922186/1610593910299.webm
mtstreaming-cdn.mindtickle.com,1325703240109091977/user/4ca08ed5e337570c/VoiceOverSlideshow/1349553920972518958/1/audio/1610593910299.webm/mp3/1.mp3,mt-picasso-asia-singapore,1325703235261686415/1325703240109091977/AUDIO210201113621203982486/1.mp3
mtgame-cdn.mindtickle.com,1325703240109091977/1610464740101NWP_Writing_Assignment_Framework_and_Overview.pdf,mt-picasso-asia-singapore,1325703235261686415/1325703240109091977/DOCUMENT210201113621204320209/1610464740101NWP_Writing_Assignment_Framework_and_Overview.pdf
mtdocs-box-processed,1349013867566915205/doc.pdf,mt-picasso-asia-singapore,1325703235261686415/1325703240109091977/DOCUMENT210201113621204383361/doc.pdf
mtdocs-box-processed,1349013867566915205/images/thumbnail-master-0.png,mt-picasso-asia-singapore,1325703235261686415/1325703240109091977/IMAGE210201113621204433469/thumbnail-master-0.png
mtgame-cdn.mindtickle.com,1325703240109091977/1610464092516DruvaPhoenixWhiteboardContestslidesTEST.pptx,mt-picasso-asia-singapore,1325703235261686415/1325703240109091977/DOCUMENT210201113621204839410/1610464092516DruvaPhoenixWhiteboardContestslidesTEST.pptx
mtdocs-box-processed,1349010584767592209/doc.pdf,mt-picasso-asia-singapore,1325703235261686415/1325703240109091977/DOCUMENT210201113621204916114/doc.pdf
mtdocs-box-processed,1349010584767592209/images/thumbnail-master-0.png,mt-picasso-asia-singapore,1325703235261686415/1325703240109091977/IMAGE210201113621204966440/thumbnail-master-0.png
mtgame-cdn.mindtickle.com,1325703240109091977/1610464092516DruvaPhoenixWhiteboardContestslidesTEST.pptx/imagified/filestack/out_1.png,mt-picasso-asia-singapore,1325703235261686415/1325703240109091977/CATALOGUE210201113621205019405/filestack/out_1.png
mtgame-cdn.mindtickle.com,1325703240109091977/1610464092516DruvaPhoenixWhiteboardContestslidesTEST.pptx/imagified/out_1.png,mt-picasso-asia-singapore,1325703235261686415/1325703240109091977/CATALOGUE210201113621205019405/out_1.png
mtgame-cdn.mindtickle.com,1325703240109091977/1610464092516DruvaPhoenixWhiteboardContestslidesTEST.pptx/imagified/out_{image_num}.png,mt-picasso-asia-singapore,1325703235261686415/1325703240109091977/CATALOGUE210201113621205019405/out_{image_num}.png
mtgame-cdn.mindtickle.com,1325703240109091977/1610467857034DruvaPhoenixWhiteboardPitchScoreSheetv3.xlsx,mt-picasso-asia-singapore,1325703235261686415/1325703240109091977/DOCUMENT21020111362120541972/1610467857034DruvaPhoenixWhiteboardPitchScoreSheetv3.xlsx
mtdocs-box-processed,1349026713371253640/doc.pdf,mt-picasso-asia-singapore,1325703235261686415/1325703240109091977/DOCUMENT210201113621205494227/doc.pdf
mtdocs-box-processed,1349026713371253640/images/thumbnail-master-0.png,mt-picasso-asia-singapore,1325703235261686415/1325703240109091977/IMAGE210201113621205541467/thumbnail-master-0.png
mtgame-cdn.mindtickle.com,1325703240109091977/1610467857034DruvaPhoenixWhiteboardPitchScoreSheetv3.xlsx/imagified/box/out_1.png,mt-picasso-asia-singapore,1325703235261686415/1325703240109091977/CATALOGUE210201113621205610263/box/out_1.png
mtgame-cdn.mindtickle.com,1325703240109091977/1610467857034DruvaPhoenixWhiteboardPitchScoreSheetv3.xlsx/imagified/box/out_10.png,mt-picasso-asia-singapore,1325703235261686415/1325703240109091977/CATALOGUE210201113621205610263/box/out_10.png
mtgame-cdn.mindtickle.com,1325703240109091977/1610467857034DruvaPhoenixWhiteboardPitchScoreSheetv3.xlsx/imagified/box/out_11.png,mt-picasso-asia-singapore,1325703235261686415/1325703240109091977/CATALOGUE210201113621205610263/box/out_11.png
mtgame-cdn.mindtickle.com,1325703240109091977/1610467857034DruvaPhoenixWhiteboardPitchScoreSheetv3.xlsx/imagified/box/out_12.png,mt-picasso-asia-singapore,1325703235261686415/1325703240109091977/CATALOGUE210201113621205610263/box/out_12.png
mtgame-cdn.mindtickle.com,1325703240109091977/1610467857034DruvaPhoenixWhiteboardPitchScoreSheetv3.xlsx/imagified/box/out_13.png,mt-picasso-asia-singapore,1325703235261686415/1325703240109091977/CATALOGUE210201113621205610263/box/out_13.png
mtgame-cdn.mindtickle.com,1325703240109091977/1610467857034DruvaPhoenixWhiteboardPitchScoreSheetv3.xlsx/imagified/box/out_14.png,mt-picasso-asia-singapore,1325703235261686415/1325703240109091977/CATALOGUE210201113621205610263/box/out_14.png
mtgame-cdn.mindtickle.com,1325703240109091977/1610467857034DruvaPhoenixWhiteboardPitchScoreSheetv3.xlsx/imagified/box/out_15.png,mt-picasso-asia-singapore,1325703235261686415/1325703240109091977/CATALOGUE210201113621205610263/box/out_15.png
mtgame-cdn.mindtickle.com,1325703240109091977/1610467857034DruvaPhoenixWhiteboardPitchScoreSheetv3.xlsx/imagified/box/out_16.png,mt-picasso-asia-singapore,1325703235261686415/1325703240109091977/CATALOGUE210201113621205610263/box/out_16.png
mtgame-cdn.mindtickle.com,1325703240109091977/1610467857034DruvaPhoenixWhiteboardPitchScoreSheetv3.xlsx/imagified/box/out_17.png,mt-picasso-asia-singapore,1325703235261686415/1325703240109091977/CATALOGUE210201113621205610263/box/out_17.png
mtgame-cdn.mindtickle.com,1325703240109091977/1610467857034DruvaPhoenixWhiteboardPitchScoreSheetv3.xlsx/imagified/box/out_18.png,mt-picasso-asia-singapore,1325703235261686415/1325703240109091977/CATALOGUE210201113621205610263/box/out_18.png
mtgame-cdn.mindtickle.com,1325703240109091977/1610467857034DruvaPhoenixWhiteboardPitchScoreSheetv3.xlsx/imagified/box/out_19.png,mt-picasso-asia-singapore,1325703235261686415/1325703240109091977/CATALOGUE210201113621205610263/box/out_19.png
mtgame-cdn.mindtickle.com,1325703240109091977/1610467857034DruvaPhoenixWhiteboardPitchScoreSheetv3.xlsx/imagified/box/out_2.png,mt-picasso-asia-singapore,1325703235261686415/1325703240109091977/CATALOGUE210201113621205610263/box/out_2.png
mtgame-cdn.mindtickle.com,1325703240109091977/1610467857034DruvaPhoenixWhiteboardPitchScoreSheetv3.xlsx/imagified/box/out_20.png,mt-picasso-asia-singapore,1325703235261686415/1325703240109091977/CATALOGUE210201113621205610263/box/out_20.png
mtgame-cdn.mindtickle.com,1325703240109091977/1610467857034DruvaPhoenixWhiteboardPitchScoreSheetv3.xlsx/imagified/box/out_21.png,mt-picasso-asia-singapore,1325703235261686415/1325703240109091977/CATALOGUE210201113621205610263/box/out_21.png
mtgame-cdn.mindtickle.com,1325703240109091977/1610467857034DruvaPhoenixWhiteboardPitchScoreSheetv3.xlsx/imagified/box/out_22.png,mt-picasso-asia-singapore,1325703235261686415/1325703240109091977/CATALOGUE210201113621205610263/box/out_22.png
mtgame-cdn.mindtickle.com,1325703240109091977/1610467857034DruvaPhoenixWhiteboardPitchScoreSheetv3.xlsx/imagified/box/out_23.png,mt-picasso-asia-singapore,1325703235261686415/1325703240109091977/CATALOGUE210201113621205610263/box/out_23.png
mtgame-cdn.mindtickle.com,1325703240109091977/1610467857034DruvaPhoenixWhiteboardPitchScoreSheetv3.xlsx/imagified/box/out_24.png,mt-picasso-asia-singapore,1325703235261686415/1325703240109091977/CATALOGUE210201113621205610263/box/out_24.png
mtgame-cdn.mindtickle.com,1325703240109091977/1610467857034DruvaPhoenixWhiteboardPitchScoreSheetv3.xlsx/imagified/box/out_25.png,mt-picasso-asia-singapore,1325703235261686415/1325703240109091977/CATALOGUE210201113621205610263/box/out_25.png
mtgame-cdn.mindtickle.com,1325703240109091977/1610467857034DruvaPhoenixWhiteboardPitchScoreSheetv3.xlsx/imagified/box/out_26.png,mt-picasso-asia-singapore,1325703235261686415/1325703240109091977/CATALOGUE210201113621205610263/box/out_26.png
mtgame-cdn.mindtickle.com,1325703240109091977/1610467857034DruvaPhoenixWhiteboardPitchScoreSheetv3.xlsx/imagified/box/out_27.png,mt-picasso-asia-singapore,1325703235261686415/1325703240109091977/CATALOGUE210201113621205610263/box/out_27.png
mtgame-cdn.mindtickle.com,1325703240109091977/1610467857034DruvaPhoenixWhiteboardPitchScoreSheetv3.xlsx/imagified/box/out_28.png,mt-picasso-asia-singapore,1325703235261686415/1325703240109091977/CATALOGUE210201113621205610263/box/out_28.png
mtgame-cdn.mindtickle.com,1325703240109091977/1610467857034DruvaPhoenixWhiteboardPitchScoreSheetv3.xlsx/imagified/box/out_3.png,mt-picasso-asia-singapore,1325703235261686415/1325703240109091977/CATALOGUE210201113621205610263/box/out_3.png
mtgame-cdn.mindtickle.com,1325703240109091977/1610467857034DruvaPhoenixWhiteboardPitchScoreSheetv3.xlsx/imagified/box/out_4.png,mt-picasso-asia-singapore,1325703235261686415/1325703240109091977/CATALOGUE210201113621205610263/box/out_4.png
mtgame-cdn.mindtickle.com,1325703240109091977/1610467857034DruvaPhoenixWhiteboardPitchScoreSheetv3.xlsx/imagified/box/out_5.png,mt-picasso-asia-singapore,1325703235261686415/1325703240109091977/CATALOGUE210201113621205610263/box/out_5.png
mtgame-cdn.mindtickle.com,1325703240109091977/1610467857034DruvaPhoenixWhiteboardPitchScoreSheetv3.xlsx/imagified/box/out_6.png,mt-picasso-asia-singapore,1325703235261686415/1325703240109091977/CATALOGUE210201113621205610263/box/out_6.png
mtgame-cdn.mindtickle.com,1325703240109091977/1610467857034DruvaPhoenixWhiteboardPitchScoreSheetv3.xlsx/imagified/box/out_7.png,mt-picasso-asia-singapore,1325703235261686415/1325703240109091977/CATALOGUE210201113621205610263/box/out_7.png
mtgame-cdn.mindtickle.com,1325703240109091977/1610467857034DruvaPhoenixWhiteboardPitchScoreSheetv3.xlsx/imagified/box/out_8.png,mt-picasso-asia-singapore,1325703235261686415/1325703240109091977/CATALOGUE210201113621205610263/box/out_8.png
mtgame-cdn.mindtickle.com,1325703240109091977/1610467857034DruvaPhoenixWhiteboardPitchScoreSheetv3.xlsx/imagified/box/out_9.png,mt-picasso-asia-singapore,1325703235261686415/1325703240109091977/CATALOGUE210201113621205610263/box/out_9.png
mtgame-cdn.mindtickle.com,1325703240109091977/1610467857034DruvaPhoenixWhiteboardPitchScoreSheetv3.xlsx/imagified/filestack/out_1.png,mt-picasso-asia-singapore,1325703235261686415/1325703240109091977/CATALOGUE210201113621205610263/filestack/out_1.png
mtgame-cdn.mindtickle.com,1325703240109091977/1610467857034DruvaPhoenixWhiteboardPitchScoreSheetv3.xlsx/imagified/filestack/out_10.png,mt-picasso-asia-singapore,1325703235261686415/1325703240109091977/CATALOGUE210201113621205610263/filestack/out_10.png
mtgame-cdn.mindtickle.com,1325703240109091977/1610467857034DruvaPhoenixWhiteboardPitchScoreSheetv3.xlsx/imagified/filestack/out_11.png,mt-picasso-asia-singapore,1325703235261686415/1325703240109091977/CATALOGUE210201113621205610263/filestack/out_11.png
mtgame-cdn.mindtickle.com,1325703240109091977/1610467857034DruvaPhoenixWhiteboardPitchScoreSheetv3.xlsx/imagified/filestack/out_12.png,mt-picasso-asia-singapore,1325703235261686415/1325703240109091977/CATALOGUE210201113621205610263/filestack/out_12.png
mtgame-cdn.mindtickle.com,1325703240109091977/1610467857034DruvaPhoenixWhiteboardPitchScoreSheetv3.xlsx/imagified/filestack/out_13.png,mt-picasso-asia-singapore,1325703235261686415/1325703240109091977/CATALOGUE210201113621205610263/filestack/out_13.png
mtgame-cdn.mindtickle.com,1325703240109091977/1610467857034DruvaPhoenixWhiteboardPitchScoreSheetv3.xlsx/imagified/filestack/out_14.png,mt-picasso-asia-singapore,1325703235261686415/1325703240109091977/CATALOGUE210201113621205610263/filestack/out_14.png
mtgame-cdn.mindtickle.com,1325703240109091977/1610467857034DruvaPhoenixWhiteboardPitchScoreSheetv3.xlsx/imagified/filestack/out_15.png,mt-picasso-asia-singapore,1325703235261686415/1325703240109091977/CATALOGUE210201113621205610263/filestack/out_15.png
mtgame-cdn.mindtickle.com,1325703240109091977/1610467857034DruvaPhoenixWhiteboardPitchScoreSheetv3.xlsx/imagified/filestack/out_16.png,mt-picasso-asia-singapore,1325703235261686415/1325703240109091977/CATALOGUE210201113621205610263/filestack/out_16.png
mtgame-cdn.mindtickle.com,1325703240109091977/1610467857034DruvaPhoenixWhiteboardPitchScoreSheetv3.xlsx/imagified/filestack/out_17.png,mt-picasso-asia-singapore,1325703235261686415/1325703240109091977/CATALOGUE210201113621205610263/filestack/out_17.png
mtgame-cdn.mindtickle.com,1325703240109091977/1610467857034DruvaPhoenixWhiteboardPitchScoreSheetv3.xlsx/imagified/filestack/out_18.png,mt-picasso-asia-singapore,1325703235261686415/1325703240109091977/CATALOGUE210201113621205610263/filestack/out_18.png
mtgame-cdn.mindtickle.com,1325703240109091977/1610467857034DruvaPhoenixWhiteboardPitchScoreSheetv3.xlsx/imagified/filestack/out_19.png,mt-picasso-asia-singapore,1325703235261686415/1325703240109091977/CATALOGUE210201113621205610263/filestack/out_19.png
mtgame-cdn.mindtickle.com,1325703240109091977/1610467857034DruvaPhoenixWhiteboardPitchScoreSheetv3.xlsx/imagified/filestack/out_2.png,mt-picasso-asia-singapore,1325703235261686415/1325703240109091977/CATALOGUE210201113621205610263/filestack/out_2.png
mtgame-cdn.mindtickle.com,1325703240109091977/1610467857034DruvaPhoenixWhiteboardPitchScoreSheetv3.xlsx/imagified/filestack/out_20.png,mt-picasso-asia-singapore,1325703235261686415/1325703240109091977/CATALOGUE210201113621205610263/filestack/out_20.png
mtgame-cdn.mindtickle.com,1325703240109091977/1610467857034DruvaPhoenixWhiteboardPitchScoreSheetv3.xlsx/imagified/filestack/out_21.png,mt-picasso-asia-singapore,1325703235261686415/1325703240109091977/CATALOGUE210201113621205610263/filestack/out_21.png
mtgame-cdn.mindtickle.com,1325703240109091977/1610467857034DruvaPhoenixWhiteboardPitchScoreSheetv3.xlsx/imagified/filestack/out_22.png,mt-picasso-asia-singapore,1325703235261686415/1325703240109091977/CATALOGUE210201113621205610263/filestack/out_22.png
mtgame-cdn.mindtickle.com,1325703240109091977/1610467857034DruvaPhoenixWhiteboardPitchScoreSheetv3.xlsx/imagified/filestack/out_23.png,mt-picasso-asia-singapore,1325703235261686415/1325703240109091977/CATALOGUE210201113621205610263/filestack/out_23.png
mtgame-cdn.mindtickle.com,1325703240109091977/1610467857034DruvaPhoenixWhiteboardPitchScoreSheetv3.xlsx/imagified/filestack/out_24.png,mt-picasso-asia-singapore,1325703235261686415/1325703240109091977/CATALOGUE210201113621205610263/filestack/out_24.png
mtgame-cdn.mindtickle.com,1325703240109091977/1610467857034DruvaPhoenixWhiteboardPitchScoreSheetv3.xlsx/imagified/filestack/out_25.png,mt-picasso-asia-singapore,1325703235261686415/1325703240109091977/CATALOGUE210201113621205610263/filestack/out_25.png
mtgame-cdn.mindtickle.com,1325703240109091977/1610467857034DruvaPhoenixWhiteboardPitchScoreSheetv3.xlsx/imagified/filestack/out_26.png,mt-picasso-asia-singapore,1325703235261686415/1325703240109091977/CATALOGUE210201113621205610263/filestack/out_26.png
mtgame-cdn.mindtickle.com,1325703240109091977/1610467857034DruvaPhoenixWhiteboardPitchScoreSheetv3.xlsx/imagified/filestack/out_27.png,mt-picasso-asia-singapore,1325703235261686415/1325703240109091977/CATALOGUE210201113621205610263/filestack/out_27.png
mtgame-cdn.mindtickle.com,1325703240109091977/1610467857034DruvaPhoenixWhiteboardPitchScoreSheetv3.xlsx/imagified/filestack/out_28.png,mt-picasso-asia-singapore,1325703235261686415/1325703240109091977/CATALOGUE210201113621205610263/filestack/out_28.png
mtgame-cdn.mindtickle.com,1325703240109091977/1610467857034DruvaPhoenixWhiteboardPitchScoreSheetv3.xlsx/imagified/filestack/out_29.png,mt-picasso-asia-singapore,1325703235261686415/1325703240109091977/CATALOGUE210201113621205610263/filestack/out_29.png
mtgame-cdn.mindtickle.com,1325703240109091977/1610467857034DruvaPhoenixWhiteboardPitchScoreSheetv3.xlsx/imagified/filestack/out_3.png,mt-picasso-asia-singapore,1325703235261686415/1325703240109091977/CATALOGUE210201113621205610263/filestack/out_3.png
mtgame-cdn.mindtickle.com,1325703240109091977/1610467857034DruvaPhoenixWhiteboardPitchScoreSheetv3.xlsx/imagified/filestack/out_30.png,mt-picasso-asia-singapore,1325703235261686415/1325703240109091977/CATALOGUE210201113621205610263/filestack/out_30.png
mtgame-cdn.mindtickle.com,1325703240109091977/1610467857034DruvaPhoenixWhiteboardPitchScoreSheetv3.xlsx/imagified/filestack/out_31.png,mt-picasso-asia-singapore,1325703235261686415/1325703240109091977/CATALOGUE210201113621205610263/filestack/out_31.png
mtgame-cdn.mindtickle.com,1325703240109091977/1610467857034DruvaPhoenixWhiteboardPitchScoreSheetv3.xlsx/imagified/filestack/out_32.png,mt-picasso-asia-singapore,1325703235261686415/1325703240109091977/CATALOGUE210201113621205610263/filestack/out_32.png
mtgame-cdn.mindtickle.com,1325703240109091977/1610467857034DruvaPhoenixWhiteboardPitchScoreSheetv3.xlsx/imagified/filestack/out_33.png,mt-picasso-asia-singapore,1325703235261686415/1325703240109091977/CATALOGUE210201113621205610263/filestack/out_33.png
mtgame-cdn.mindtickle.com,1325703240109091977/1610467857034DruvaPhoenixWhiteboardPitchScoreSheetv3.xlsx/imagified/filestack/out_34.png,mt-picasso-asia-singapore,1325703235261686415/1325703240109091977/CATALOGUE210201113621205610263/filestack/out_34.png
mtgame-cdn.mindtickle.com,1325703240109091977/1610467857034DruvaPhoenixWhiteboardPitchScoreSheetv3.xlsx/imagified/filestack/out_35.png,mt-picasso-asia-singapore,1325703235261686415/1325703240109091977/CATALOGUE210201113621205610263/filestack/out_35.png
mtgame-cdn.mindtickle.com,1325703240109091977/1610467857034DruvaPhoenixWhiteboardPitchScoreSheetv3.xlsx/imagified/filestack/out_36.png,mt-picasso-asia-singapore,1325703235261686415/1325703240109091977/CATALOGUE210201113621205610263/filestack/out_36.png
mtgame-cdn.mindtickle.com,1325703240109091977/1610467857034DruvaPhoenixWhiteboardPitchScoreSheetv3.xlsx/imagified/filestack/out_37.png,mt-picasso-asia-singapore,1325703235261686415/1325703240109091977/CATALOGUE210201113621205610263/filestack/out_37.png
mtgame-cdn.mindtickle.com,1325703240109091977/1610467857034DruvaPhoenixWhiteboardPitchScoreSheetv3.xlsx/imagified/filestack/out_38.png,mt-picasso-asia-singapore,1325703235261686415/1325703240109091977/CATALOGUE210201113621205610263/filestack/out_38.png
mtgame-cdn.mindtickle.com,1325703240109091977/1610467857034DruvaPhoenixWhiteboardPitchScoreSheetv3.xlsx/imagified/filestack/out_39.png,mt-picasso-asia-singapore,1325703235261686415/1325703240109091977/CATALOGUE210201113621205610263/filestack/out_39.png
mtgame-cdn.mindtickle.com,1325703240109091977/1610467857034DruvaPhoenixWhiteboardPitchScoreSheetv3.xlsx/imagified/filestack/out_4.png,mt-picasso-asia-singapore,1325703235261686415/1325703240109091977/CATALOGUE210201113621205610263/filestack/out_4.png
mtgame-cdn.mindtickle.com,1325703240109091977/1610467857034DruvaPhoenixWhiteboardPitchScoreSheetv3.xlsx/imagified/filestack/out_40.png,mt-picasso-asia-singapore,1325703235261686415/1325703240109091977/CATALOGUE210201113621205610263/filestack/out_40.png
mtgame-cdn.mindtickle.com,1325703240109091977/1610467857034DruvaPhoenixWhiteboardPitchScoreSheetv3.xlsx/imagified/filestack/out_41.png,mt-picasso-asia-singapore,1325703235261686415/1325703240109091977/CATALOGUE210201113621205610263/filestack/out_41.png
mtgame-cdn.mindtickle.com,1325703240109091977/1610467857034DruvaPhoenixWhiteboardPitchScoreSheetv3.xlsx/imagified/filestack/out_42.png,mt-picasso-asia-singapore,1325703235261686415/1325703240109091977/CATALOGUE210201113621205610263/filestack/out_42.png
mtgame-cdn.mindtickle.com,1325703240109091977/1610467857034DruvaPhoenixWhiteboardPitchScoreSheetv3.xlsx/imagified/filestack/out_43.png,mt-picasso-asia-singapore,1325703235261686415/1325703240109091977/CATALOGUE210201113621205610263/filestack/out_43.png
mtgame-cdn.mindtickle.com,1325703240109091977/1610467857034DruvaPhoenixWhiteboardPitchScoreSheetv3.xlsx/imagified/filestack/out_44.png,mt-picasso-asia-singapore,1325703235261686415/1325703240109091977/CATALOGUE210201113621205610263/filestack/out_44.png
mtgame-cdn.mindtickle.com,1325703240109091977/1610467857034DruvaPhoenixWhiteboardPitchScoreSheetv3.xlsx/imagified/filestack/out_45.png,mt-picasso-asia-singapore,1325703235261686415/1325703240109091977/CATALOGUE210201113621205610263/filestack/out_45.png
mtgame-cdn.mindtickle.com,1325703240109091977/1610467857034DruvaPhoenixWhiteboardPitchScoreSheetv3.xlsx/imagified/filestack/out_46.png,mt-picasso-asia-singapore,1325703235261686415/1325703240109091977/CATALOGUE210201113621205610263/filestack/out_46.png
mtgame-cdn.mindtickle.com,1325703240109091977/1610467857034DruvaPhoenixWhiteboardPitchScoreSheetv3.xlsx/imagified/filestack/out_47.png,mt-picasso-asia-singapore,1325703235261686415/1325703240109091977/CATALOGUE210201113621205610263/filestack/out_47.png
mtgame-cdn.mindtickle.com,1325703240109091977/1610467857034DruvaPhoenixWhiteboardPitchScoreSheetv3.xlsx/imagified/filestack/out_48.png,mt-picasso-asia-singapore,1325703235261686415/1325703240109091977/CATALOGUE210201113621205610263/filestack/out_48.png
mtgame-cdn.mindtickle.com,1325703240109091977/1610467857034DruvaPhoenixWhiteboardPitchScoreSheetv3.xlsx/imagified/filestack/out_49.png,mt-picasso-asia-singapore,1325703235261686415/1325703240109091977/CATALOGUE210201113621205610263/filestack/out_49.png
mtgame-cdn.mindtickle.com,1325703240109091977/1610467857034DruvaPhoenixWhiteboardPitchScoreSheetv3.xlsx/imagified/filestack/out_5.png,mt-picasso-asia-singapore,1325703235261686415/1325703240109091977/CATALOGUE210201113621205610263/filestack/out_5.png
mtgame-cdn.mindtickle.com,1325703240109091977/1610467857034DruvaPhoenixWhiteboardPitchScoreSheetv3.xlsx/imagified/filestack/out_50.png,mt-picasso-asia-singapore,1325703235261686415/1325703240109091977/CATALOGUE210201113621205610263/filestack/out_50.png
mtgame-cdn.mindtickle.com,1325703240109091977/1610467857034DruvaPhoenixWhiteboardPitchScoreSheetv3.xlsx/imagified/filestack/out_51.png,mt-picasso-asia-singapore,1325703235261686415/1325703240109091977/CATALOGUE210201113621205610263/filestack/out_51.png
mtgame-cdn.mindtickle.com,1325703240109091977/1610467857034DruvaPhoenixWhiteboardPitchScoreSheetv3.xlsx/imagified/filestack/out_52.png,mt-picasso-asia-singapore,1325703235261686415/1325703240109091977/CATALOGUE210201113621205610263/filestack/out_52.png
mtgame-cdn.mindtickle.com,1325703240109091977/1610467857034DruvaPhoenixWhiteboardPitchScoreSheetv3.xlsx/imagified/filestack/out_53.png,mt-picasso-asia-singapore,1325703235261686415/1325703240109091977/CATALOGUE210201113621205610263/filestack/out_53.png
mtgame-cdn.mindtickle.com,1325703240109091977/1610467857034DruvaPhoenixWhiteboardPitchScoreSheetv3.xlsx/imagified/filestack/out_54.png,mt-picasso-asia-singapore,1325703235261686415/1325703240109091977/CATALOGUE210201113621205610263/filestack/out_54.png
mtgame-cdn.mindtickle.com,1325703240109091977/1610467857034DruvaPhoenixWhiteboardPitchScoreSheetv3.xlsx/imagified/filestack/out_55.png,mt-picasso-asia-singapore,1325703235261686415/1325703240109091977/CATALOGUE210201113621205610263/filestack/out_55.png
mtgame-cdn.mindtickle.com,1325703240109091977/1610467857034DruvaPhoenixWhiteboardPitchScoreSheetv3.xlsx/imagified/filestack/out_56.png,mt-picasso-asia-singapore,1325703235261686415/1325703240109091977/CATALOGUE210201113621205610263/filestack/out_56.png
mtgame-cdn.mindtickle.com,1325703240109091977/1610467857034DruvaPhoenixWhiteboardPitchScoreSheetv3.xlsx/imagified/filestack/out_57.png,mt-picasso-asia-singapore,1325703235261686415/1325703240109091977/CATALOGUE210201113621205610263/filestack/out_57.png
mtgame-cdn.mindtickle.com,1325703240109091977/1610467857034DruvaPhoenixWhiteboardPitchScoreSheetv3.xlsx/imagified/filestack/out_58.png,mt-picasso-asia-singapore,1325703235261686415/1325703240109091977/CATALOGUE210201113621205610263/filestack/out_58.png
mtgame-cdn.mindtickle.com,1325703240109091977/1610467857034DruvaPhoenixWhiteboardPitchScoreSheetv3.xlsx/imagified/filestack/out_59.png,mt-picasso-asia-singapore,1325703235261686415/1325703240109091977/CATALOGUE210201113621205610263/filestack/out_59.png
mtgame-cdn.mindtickle.com,1325703240109091977/1610467857034DruvaPhoenixWhiteboardPitchScoreSheetv3.xlsx/imagified/filestack/out_6.png,mt-picasso-asia-singapore,1325703235261686415/1325703240109091977/CATALOGUE210201113621205610263/filestack/out_6.png
mtgame-cdn.mindtickle.com,1325703240109091977/1610467857034DruvaPhoenixWhiteboardPitchScoreSheetv3.xlsx/imagified/filestack/out_60.png,mt-picasso-asia-singapore,1325703235261686415/1325703240109091977/CATALOGUE210201113621205610263/filestack/out_60.png
mtgame-cdn.mindtickle.com,1325703240109091977/1610467857034DruvaPhoenixWhiteboardPitchScoreSheetv3.xlsx/imagified/filestack/out_61.png,mt-picasso-asia-singapore,1325703235261686415/1325703240109091977/CATALOGUE210201113621205610263/filestack/out_61.png
mtgame-cdn.mindtickle.com,1325703240109091977/1610467857034DruvaPhoenixWhiteboardPitchScoreSheetv3.xlsx/imagified/filestack/out_62.png,mt-picasso-asia-singapore,1325703235261686415/1325703240109091977/CATALOGUE210201113621205610263/filestack/out_62.png
mtgame-cdn.mindtickle.com,1325703240109091977/1610467857034DruvaPhoenixWhiteboardPitchScoreSheetv3.xlsx/imagified/filestack/out_63.png,mt-picasso-asia-singapore,1325703235261686415/1325703240109091977/CATALOGUE210201113621205610263/filestack/out_63.png
mtgame-cdn.mindtickle.com,1325703240109091977/1610467857034DruvaPhoenixWhiteboardPitchScoreSheetv3.xlsx/imagified/filestack/out_64.png,mt-picasso-asia-singapore,1325703235261686415/1325703240109091977/CATALOGUE210201113621205610263/filestack/out_64.png
mtgame-cdn.mindtickle.com,1325703240109091977/1610467857034DruvaPhoenixWhiteboardPitchScoreSheetv3.xlsx/imagified/filestack/out_65.png,mt-picasso-asia-singapore,1325703235261686415/1325703240109091977/CATALOGUE210201113621205610263/filestack/out_65.png
mtgame-cdn.mindtickle.com,1325703240109091977/1610467857034DruvaPhoenixWhiteboardPitchScoreSheetv3.xlsx/imagified/filestack/out_66.png,mt-picasso-asia-singapore,1325703235261686415/1325703240109091977/CATALOGUE210201113621205610263/filestack/out_66.png
mtgame-cdn.mindtickle.com,1325703240109091977/1610467857034DruvaPhoenixWhiteboardPitchScoreSheetv3.xlsx/imagified/filestack/out_67.png,mt-picasso-asia-singapore,1325703235261686415/1325703240109091977/CATALOGUE210201113621205610263/filestack/out_67.png
mtgame-cdn.mindtickle.com,1325703240109091977/1610467857034DruvaPhoenixWhiteboardPitchScoreSheetv3.xlsx/imagified/filestack/out_68.png,mt-picasso-asia-singapore,1325703235261686415/1325703240109091977/CATALOGUE210201113621205610263/filestack/out_68.png
mtgame-cdn.mindtickle.com,1325703240109091977/1610467857034DruvaPhoenixWhiteboardPitchScoreSheetv3.xlsx/imagified/filestack/out_69.png,mt-picasso-asia-singapore,1325703235261686415/1325703240109091977/CATALOGUE210201113621205610263/filestack/out_69.png
mtgame-cdn.mindtickle.com,1325703240109091977/1610467857034DruvaPhoenixWhiteboardPitchScoreSheetv3.xlsx/imagified/filestack/out_7.png,mt-picasso-asia-singapore,1325703235261686415/1325703240109091977/CATALOGUE210201113621205610263/filestack/out_7.png
mtgame-cdn.mindtickle.com,1325703240109091977/1610467857034DruvaPhoenixWhiteboardPitchScoreSheetv3.xlsx/imagified/filestack/out_70.png,mt-picasso-asia-singapore,1325703235261686415/1325703240109091977/CATALOGUE210201113621205610263/filestack/out_70.png
mtgame-cdn.mindtickle.com,1325703240109091977/1610467857034DruvaPhoenixWhiteboardPitchScoreSheetv3.xlsx/imagified/filestack/out_71.png,mt-picasso-asia-singapore,1325703235261686415/1325703240109091977/CATALOGUE210201113621205610263/filestack/out_71.png
mtgame-cdn.mindtickle.com,1325703240109091977/1610467857034DruvaPhoenixWhiteboardPitchScoreSheetv3.xlsx/imagified/filestack/out_72.png,mt-picasso-asia-singapore,1325703235261686415/1325703240109091977/CATALOGUE210201113621205610263/filestack/out_72.png
mtgame-cdn.mindtickle.com,1325703240109091977/1610467857034DruvaPhoenixWhiteboardPitchScoreSheetv3.xlsx/imagified/filestack/out_73.png,mt-picasso-asia-singapore,1325703235261686415/1325703240109091977/CATALOGUE210201113621205610263/filestack/out_73.png
mtgame-cdn.mindtickle.com,1325703240109091977/1610467857034DruvaPhoenixWhiteboardPitchScoreSheetv3.xlsx/imagified/filestack/out_74.png,mt-picasso-asia-singapore,1325703235261686415/1325703240109091977/CATALOGUE210201113621205610263/filestack/out_74.png
mtgame-cdn.mindtickle.com,1325703240109091977/1610467857034DruvaPhoenixWhiteboardPitchScoreSheetv3.xlsx/imagified/filestack/out_75.png,mt-picasso-asia-singapore,1325703235261686415/1325703240109091977/CATALOGUE210201113621205610263/filestack/out_75.png
mtgame-cdn.mindtickle.com,1325703240109091977/1610467857034DruvaPhoenixWhiteboardPitchScoreSheetv3.xlsx/imagified/filestack/out_76.png,mt-picasso-asia-singapore,1325703235261686415/1325703240109091977/CATALOGUE210201113621205610263/filestack/out_76.png
mtgame-cdn.mindtickle.com,1325703240109091977/1610467857034DruvaPhoenixWhiteboardPitchScoreSheetv3.xlsx/imagified/filestack/out_77.png,mt-picasso-asia-singapore,1325703235261686415/1325703240109091977/CATALOGUE210201113621205610263/filestack/out_77.png
mtgame-cdn.mindtickle.com,1325703240109091977/1610467857034DruvaPhoenixWhiteboardPitchScoreSheetv3.xlsx/imagified/filestack/out_78.png,mt-picasso-asia-singapore,1325703235261686415/1325703240109091977/CATALOGUE210201113621205610263/filestack/out_78.png
mtgame-cdn.mindtickle.com,1325703240109091977/1610467857034DruvaPhoenixWhiteboardPitchScoreSheetv3.xlsx/imagified/filestack/out_79.png,mt-picasso-asia-singapore,1325703235261686415/1325703240109091977/CATALOGUE210201113621205610263/filestack/out_79.png
mtgame-cdn.mindtickle.com,1325703240109091977/1610467857034DruvaPhoenixWhiteboardPitchScoreSheetv3.xlsx/imagified/filestack/out_8.png,mt-picasso-asia-singapore,1325703235261686415/1325703240109091977/CATALOGUE210201113621205610263/filestack/out_8.png
mtgame-cdn.mindtickle.com,1325703240109091977/1610467857034DruvaPhoenixWhiteboardPitchScoreSheetv3.xlsx/imagified/filestack/out_80.png,mt-picasso-asia-singapore,1325703235261686415/1325703240109091977/CATALOGUE210201113621205610263/filestack/out_80.png
mtgame-cdn.mindtickle.com,1325703240109091977/1610467857034DruvaPhoenixWhiteboardPitchScoreSheetv3.xlsx/imagified/filestack/out_9.png,mt-picasso-asia-singapore,1325703235261686415/1325703240109091977/CATALOGUE210201113621205610263/filestack/out_9.png
mtgame-cdn.mindtickle.com,1325703240109091977/1610467857034DruvaPhoenixWhiteboardPitchScoreSheetv3.xlsx/imagified/out_1.png,mt-picasso-asia-singapore,1325703235261686415/1325703240109091977/CATALOGUE210201113621205610263/out_1.png
mtgame-cdn.mindtickle.com,1325703240109091977/1610467857034DruvaPhoenixWhiteboardPitchScoreSheetv3.xlsx/imagified/out_10.png,mt-picasso-asia-singapore,1325703235261686415/1325703240109091977/CATALOGUE210201113621205610263/out_10.png
mtgame-cdn.mindtickle.com,1325703240109091977/1610467857034DruvaPhoenixWhiteboardPitchScoreSheetv3.xlsx/imagified/out_11.png,mt-picasso-asia-singapore,1325703235261686415/1325703240109091977/CATALOGUE210201113621205610263/out_11.png
mtgame-cdn.mindtickle.com,1325703240109091977/1610467857034DruvaPhoenixWhiteboardPitchScoreSheetv3.xlsx/imagified/out_12.png,mt-picasso-asia-singapore,1325703235261686415/1325703240109091977/CATALOGUE210201113621205610263/out_12.png
mtgame-cdn.mindtickle.com,1325703240109091977/1610467857034DruvaPhoenixWhiteboardPitchScoreSheetv3.xlsx/imagified/out_13.png,mt-picasso-asia-singapore,1325703235261686415/1325703240109091977/CATALOGUE210201113621205610263/out_13.png
mtgame-cdn.mindtickle.com,1325703240109091977/1610467857034DruvaPhoenixWhiteboardPitchScoreSheetv3.xlsx/imagified/out_14.png,mt-picasso-asia-singapore,1325703235261686415/1325703240109091977/CATALOGUE210201113621205610263/out_14.png
mtgame-cdn.mindtickle.com,1325703240109091977/1610467857034DruvaPhoenixWhiteboardPitchScoreSheetv3.xlsx/imagified/out_15.png,mt-picasso-asia-singapore,1325703235261686415/1325703240109091977/CATALOGUE210201113621205610263/out_15.png
mtgame-cdn.mindtickle.com,1325703240109091977/1610467857034DruvaPhoenixWhiteboardPitchScoreSheetv3.xlsx/imagified/out_16.png,mt-picasso-asia-singapore,1325703235261686415/1325703240109091977/CATALOGUE210201113621205610263/out_16.png
mtgame-cdn.mindtickle.com,1325703240109091977/1610467857034DruvaPhoenixWhiteboardPitchScoreSheetv3.xlsx/imagified/out_17.png,mt-picasso-asia-singapore,1325703235261686415/1325703240109091977/CATALOGUE210201113621205610263/out_17.png
mtgame-cdn.mindtickle.com,1325703240109091977/1610467857034DruvaPhoenixWhiteboardPitchScoreSheetv3.xlsx/imagified/out_18.png,mt-picasso-asia-singapore,1325703235261686415/1325703240109091977/CATALOGUE210201113621205610263/out_18.png
mtgame-cdn.mindtickle.com,1325703240109091977/1610467857034DruvaPhoenixWhiteboardPitchScoreSheetv3.xlsx/imagified/out_19.png,mt-picasso-asia-singapore,1325703235261686415/1325703240109091977/CATALOGUE210201113621205610263/out_19.png
mtgame-cdn.mindtickle.com,1325703240109091977/1610467857034DruvaPhoenixWhiteboardPitchScoreSheetv3.xlsx/imagified/out_2.png,mt-picasso-asia-singapore,1325703235261686415/1325703240109091977/CATALOGUE210201113621205610263/out_2.png
mtgame-cdn.mindtickle.com,1325703240109091977/1610467857034DruvaPhoenixWhiteboardPitchScoreSheetv3.xlsx/imagified/out_20.png,mt-picasso-asia-singapore,1325703235261686415/1325703240109091977/CATALOGUE210201113621205610263/out_20.png
mtgame-cdn.mindtickle.com,1325703240109091977/1610467857034DruvaPhoenixWhiteboardPitchScoreSheetv3.xlsx/imagified/out_21.png,mt-picasso-asia-singapore,1325703235261686415/1325703240109091977/CATALOGUE210201113621205610263/out_21.png
mtgame-cdn.mindtickle.com,1325703240109091977/1610467857034DruvaPhoenixWhiteboardPitchScoreSheetv3.xlsx/imagified/out_22.png,mt-picasso-asia-singapore,1325703235261686415/1325703240109091977/CATALOGUE210201113621205610263/out_22.png
mtgame-cdn.mindtickle.com,1325703240109091977/1610467857034DruvaPhoenixWhiteboardPitchScoreSheetv3.xlsx/imagified/out_23.png,mt-picasso-asia-singapore,1325703235261686415/1325703240109091977/CATALOGUE210201113621205610263/out_23.png
mtgame-cdn.mindtickle.com,1325703240109091977/1610467857034DruvaPhoenixWhiteboardPitchScoreSheetv3.xlsx/imagified/out_24.png,mt-picasso-asia-singapore,1325703235261686415/1325703240109091977/CATALOGUE210201113621205610263/out_24.png
mtgame-cdn.mindtickle.com,1325703240109091977/1610467857034DruvaPhoenixWhiteboardPitchScoreSheetv3.xlsx/imagified/out_25.png,mt-picasso-asia-singapore,1325703235261686415/1325703240109091977/CATALOGUE210201113621205610263/out_25.png
mtgame-cdn.mindtickle.com,1325703240109091977/1610467857034DruvaPhoenixWhiteboardPitchScoreSheetv3.xlsx/imagified/out_26.png,mt-picasso-asia-singapore,1325703235261686415/1325703240109091977/CATALOGUE210201113621205610263/out_26.png
mtgame-cdn.mindtickle.com,1325703240109091977/1610467857034DruvaPhoenixWhiteboardPitchScoreSheetv3.xlsx/imagified/out_27.png,mt-picasso-asia-singapore,1325703235261686415/1325703240109091977/CATALOGUE210201113621205610263/out_27.png
mtgame-cdn.mindtickle.com,1325703240109091977/1610467857034DruvaPhoenixWhiteboardPitchScoreSheetv3.xlsx/imagified/out_28.png,mt-picasso-asia-singapore,1325703235261686415/1325703240109091977/CATALOGUE210201113621205610263/out_28.png
mtgame-cdn.mindtickle.com,1325703240109091977/1610467857034DruvaPhoenixWhiteboardPitchScoreSheetv3.xlsx/imagified/out_3.png,mt-picasso-asia-singapore,1325703235261686415/1325703240109091977/CATALOGUE210201113621205610263/out_3.png
mtgame-cdn.mindtickle.com,1325703240109091977/1610467857034DruvaPhoenixWhiteboardPitchScoreSheetv3.xlsx/imagified/out_4.png,mt-picasso-asia-singapore,1325703235261686415/1325703240109091977/CATALOGUE210201113621205610263/out_4.png
mtgame-cdn.mindtickle.com,1325703240109091977/1610467857034DruvaPhoenixWhiteboardPitchScoreSheetv3.xlsx/imagified/out_5.png,mt-picasso-asia-singapore,1325703235261686415/1325703240109091977/CATALOGUE210201113621205610263/out_5.png
mtgame-cdn.mindtickle.com,1325703240109091977/1610467857034DruvaPhoenixWhiteboardPitchScoreSheetv3.xlsx/imagified/out_6.png,mt-picasso-asia-singapore,1325703235261686415/1325703240109091977/CATALOGUE210201113621205610263/out_6.png
mtgame-cdn.mindtickle.com,1325703240109091977/1610467857034DruvaPhoenixWhiteboardPitchScoreSheetv3.xlsx/imagified/out_7.png,mt-picasso-asia-singapore,1325703235261686415/1325703240109091977/CATALOGUE210201113621205610263/out_7.png
mtgame-cdn.mindtickle.com,1325703240109091977/1610467857034DruvaPhoenixWhiteboardPitchScoreSheetv3.xlsx/imagified/out_8.png,mt-picasso-asia-singapore,1325703235261686415/1325703240109091977/CATALOGUE210201113621205610263/out_8.png
mtgame-cdn.mindtickle.com,1325703240109091977/1610467857034DruvaPhoenixWhiteboardPitchScoreSheetv3.xlsx/imagified/out_9.png,mt-picasso-asia-singapore,1325703235261686415/1325703240109091977/CATALOGUE210201113621205610263/out_9.png
mtgame-cdn.mindtickle.com,1325703240109091977/1610467857034DruvaPhoenixWhiteboardPitchScoreSheetv3.xlsx/imagified/out_{image_num}.png,mt-picasso-asia-singapore,1325703235261686415/1325703240109091977/CATALOGUE210201113621205610263/out_{image_num}.png
mtgame-cdn.mindtickle.com,1325703240109091977/1609926415915sample_pptx_file.pptx,mt-picasso-asia-singapore,1325703235261686415/1325703240109091977/DOCUMENT210201113621206289462/1609926415915sample_pptx_file.pptx
mtdocs-box-processed,1346755123995399200/doc.pdf,mt-picasso-asia-singapore,1325703235261686415/1325703240109091977/DOCUMENT210201113621206450286/doc.pdf
mtdocs-box-processed,1346755123995399200/images/thumbnail-master-0.png,mt-picasso-asia-singapore,1325703235261686415/1325703240109091977/IMAGE210201113621206528345/thumbnail-master-0.png
mtgame-cdn.mindtickle.com,1325703240109091977/1609926415915sample_pptx_file.pptx/imagified/box/out_1.png,mt-picasso-asia-singapore,1325703235261686415/1325703240109091977/CATALOGUE210201113621206587270/box/out_1.png
mtgame-cdn.mindtickle.com,1325703240109091977/1609926415915sample_pptx_file.pptx/imagified/box/out_2.png,mt-picasso-asia-singapore,1325703235261686415/1325703240109091977/CATALOGUE210201113621206587270/box/out_2.png
mtgame-cdn.mindtickle.com,1325703240109091977/1609926415915sample_pptx_file.pptx/imagified/box/out_3.png,mt-picasso-asia-singapore,1325703235261686415/1325703240109091977/CATALOGUE210201113621206587270/box/out_3.png
mtgame-cdn.mindtickle.com,1325703240109091977/1609926415915sample_pptx_file.pptx/imagified/box/out_4.png,mt-picasso-asia-singapore,1325703235261686415/1325703240109091977/CATALOGUE210201113621206587270/box/out_4.png
mtgame-cdn.mindtickle.com,1325703240109091977/1609926415915sample_pptx_file.pptx/imagified/box/out_5.png,mt-picasso-asia-singapore,1325703235261686415/1325703240109091977/CATALOGUE210201113621206587270/box/out_5.png
mtgame-cdn.mindtickle.com,1325703240109091977/1609926415915sample_pptx_file.pptx/imagified/box/out_6.png,mt-picasso-asia-singapore,1325703235261686415/1325703240109091977/CATALOGUE210201113621206587270/box/out_6.png
mtgame-cdn.mindtickle.com,1325703240109091977/1609926415915sample_pptx_file.pptx/imagified/filestack/out_1.png,mt-picasso-asia-singapore,1325703235261686415/1325703240109091977/CATALOGUE210201113621206587270/filestack/out_1.png
mtgame-cdn.mindtickle.com,1325703240109091977/1609926415915sample_pptx_file.pptx/imagified/filestack/out_2.png,mt-picasso-asia-singapore,1325703235261686415/1325703240109091977/CATALOGUE210201113621206587270/filestack/out_2.png
mtgame-cdn.mindtickle.com,1325703240109091977/1609926415915sample_pptx_file.pptx/imagified/filestack/out_3.png,mt-picasso-asia-singapore,1325703235261686415/1325703240109091977/CATALOGUE210201113621206587270/filestack/out_3.png
mtgame-cdn.mindtickle.com,1325703240109091977/1609926415915sample_pptx_file.pptx/imagified/filestack/out_4.png,mt-picasso-asia-singapore,1325703235261686415/1325703240109091977/CATALOGUE210201113621206587270/filestack/out_4.png
mtgame-cdn.mindtickle.com,1325703240109091977/1609926415915sample_pptx_file.pptx/imagified/filestack/out_5.png,mt-picasso-asia-singapore,1325703235261686415/1325703240109091977/CATALOGUE210201113621206587270/filestack/out_5.png
mtgame-cdn.mindtickle.com,1325703240109091977/1609926415915sample_pptx_file.pptx/imagified/filestack/out_6.png,mt-picasso-asia-singapore,1325703235261686415/1325703240109091977/CATALOGUE210201113621206587270/filestack/out_6.png
mtgame-cdn.mindtickle.com,1325703240109091977/1609926415915sample_pptx_file.pptx/imagified/out_1.png,mt-picasso-asia-singapore,1325703235261686415/1325703240109091977/CATALOGUE210201113621206587270/out_1.png
mtgame-cdn.mindtickle.com,1325703240109091977/1609926415915sample_pptx_file.pptx/imagified/out_2.png,mt-picasso-asia-singapore,1325703235261686415/1325703240109091977/CATALOGUE210201113621206587270/out_2.png
mtgame-cdn.mindtickle.com,1325703240109091977/1609926415915sample_pptx_file.pptx/imagified/out_3.png,mt-picasso-asia-singapore,1325703235261686415/1325703240109091977/CATALOGUE210201113621206587270/out_3.png
mtgame-cdn.mindtickle.com,1325703240109091977/1609926415915sample_pptx_file.pptx/imagified/out_4.png,mt-picasso-asia-singapore,1325703235261686415/1325703240109091977/CATALOGUE210201113621206587270/out_4.png
mtgame-cdn.mindtickle.com,1325703240109091977/1609926415915sample_pptx_file.pptx/imagified/out_5.png,mt-picasso-asia-singapore,1325703235261686415/1325703240109091977/CATALOGUE210201113621206587270/out_5.png
mtgame-cdn.mindtickle.com,1325703240109091977/1609926415915sample_pptx_file.pptx/imagified/out_6.png,mt-picasso-asia-singapore,1325703235261686415/1325703240109091977/CATALOGUE210201113621206587270/out_6.png
mtgame-cdn.mindtickle.com,1325703240109091977/1609926415915sample_pptx_file.pptx/imagified/out_{image_num}.png,mt-picasso-asia-singapore,1325703235261686415/1325703240109091977/CATALOGUE210201113621206587270/out_{image_num}.png
mtgame-cdn.mindtickle.com,1325703240109091977/1609926237190sample_mp3.mp3,mt-picasso-asia-singapore,1325703235261686415/1325703240109091977/AUDIO21020111362140938250/1609926237190sample_mp3.mp3
mtstreaming-cdn.mindtickle.com,1325703240109091977/1609926237190sample_mp3.mp3/mp3/1.mp3,mt-picasso-asia-singapore,1325703235261686415/1325703240109091977/AUDIO210201113621409459131/1.mp3
mtgame-cdn.mindtickle.com,1325703240109091977/1610393044494sample_mp3.mp3,mt-picasso-asia-singapore,1325703235261686415/1325703240109091977/AUDIO210201113621409709340/1610393044494sample_mp3.mp3
mtstreaming-cdn.mindtickle.com,1325703240109091977/1610393044494sample_mp3.mp3/mp3/1.mp3,mt-picasso-asia-singapore,1325703235261686415/1325703240109091977/AUDIO21020111362140976091/1.mp3
mtgame-cdn.mindtickle.com,1325703240109091977/1609926205346sample_pptx_file.pptx,mt-picasso-asia-singapore,1325703235261686415/1325703240109091977/DOCUMENT210201113621409987360/1609926205346sample_pptx_file.pptx
mtdocs-box-processed,1346754253377005549/doc.pdf,mt-picasso-asia-singapore,1325703235261686415/1325703240109091977/DOCUMENT21020111362141003774/doc.pdf
mtdocs-box-processed,1346754253377005549/images/thumbnail-master-0.png,mt-picasso-asia-singapore,1325703235261686415/1325703240109091977/IMAGE210201113621410076303/thumbnail-master-0.png
mtgame-cdn.mindtickle.com,1325703240109091977/1609926205346sample_pptx_file.pptx/imagified/filestack/out_1.png,mt-picasso-asia-singapore,1325703235261686415/1325703240109091977/CATALOGUE2102011136214101188/filestack/out_1.png
mtgame-cdn.mindtickle.com,1325703240109091977/1609926205346sample_pptx_file.pptx/imagified/filestack/out_2.png,mt-picasso-asia-singapore,1325703235261686415/1325703240109091977/CATALOGUE2102011136214101188/filestack/out_2.png
mtgame-cdn.mindtickle.com,1325703240109091977/1609926205346sample_pptx_file.pptx/imagified/filestack/out_3.png,mt-picasso-asia-singapore,1325703235261686415/1325703240109091977/CATALOGUE2102011136214101188/filestack/out_3.png
mtgame-cdn.mindtickle.com,1325703240109091977/1609926205346sample_pptx_file.pptx/imagified/filestack/out_4.png,mt-picasso-asia-singapore,1325703235261686415/1325703240109091977/CATALOGUE2102011136214101188/filestack/out_4.png
mtgame-cdn.mindtickle.com,1325703240109091977/1609926205346sample_pptx_file.pptx/imagified/filestack/out_5.png,mt-picasso-asia-singapore,1325703235261686415/1325703240109091977/CATALOGUE2102011136214101188/filestack/out_5.png
mtgame-cdn.mindtickle.com,1325703240109091977/1609926205346sample_pptx_file.pptx/imagified/filestack/out_6.png,mt-picasso-asia-singapore,1325703235261686415/1325703240109091977/CATALOGUE2102011136214101188/filestack/out_6.png
mtgame-cdn.mindtickle.com,1325703240109091977/1609926205346sample_pptx_file.pptx/imagified/out_1.png,mt-picasso-asia-singapore,1325703235261686415/1325703240109091977/CATALOGUE2102011136214101188/out_1.png
mtgame-cdn.mindtickle.com,1325703240109091977/1609926205346sample_pptx_file.pptx/imagified/out_2.png,mt-picasso-asia-singapore,1325703235261686415/1325703240109091977/CATALOGUE2102011136214101188/out_2.png
mtgame-cdn.mindtickle.com,1325703240109091977/1609926205346sample_pptx_file.pptx/imagified/out_3.png,mt-picasso-asia-singapore,1325703235261686415/1325703240109091977/CATALOGUE2102011136214101188/out_3.png
mtgame-cdn.mindtickle.com,1325703240109091977/1609926205346sample_pptx_file.pptx/imagified/out_4.png,mt-picasso-asia-singapore,1325703235261686415/1325703240109091977/CATALOGUE2102011136214101188/out_4.png
mtgame-cdn.mindtickle.com,1325703240109091977/1609926205346sample_pptx_file.pptx/imagified/out_5.png,mt-picasso-asia-singapore,1325703235261686415/1325703240109091977/CATALOGUE2102011136214101188/out_5.png
mtgame-cdn.mindtickle.com,1325703240109091977/1609926205346sample_pptx_file.pptx/imagified/out_6.png,mt-picasso-asia-singapore,1325703235261686415/1325703240109091977/CATALOGUE2102011136214101188/out_6.png
mtgame-cdn.mindtickle.com,1325703240109091977/1609926205346sample_pptx_file.pptx/imagified/out_{image_num}.png,mt-picasso-asia-singapore,1325703235261686415/1325703240109091977/CATALOGUE2102011136214101188/out_{image_num}.png
mtgame-cdn.mindtickle.com,1325703240109091977/1610464996521DruvaPhoenixWhiteboardPitchScoreSheetv3.xlsx,mt-picasso-asia-singapore,1325703235261686415/1325703240109091977/DOCUMENT210201113621410440184/1610464996521DruvaPhoenixWhiteboardPitchScoreSheetv3.xlsx
mtdocs-box-processed,1349014634102004630/doc.pdf,mt-picasso-asia-singapore,1325703235261686415/1325703240109091977/DOCUMENT210201113621410493431/doc.pdf
mtdocs-box-processed,1349014634102004630/images/thumbnail-master-0.png,mt-picasso-asia-singapore,1325703235261686415/1325703240109091977/IMAGE210201113621410532491/thumbnail-master-0.png
mtgame-cdn.mindtickle.com,1325703240109091977/1610464996521DruvaPhoenixWhiteboardPitchScoreSheetv3.xlsx/imagified/box/out_1.png,mt-picasso-asia-singapore,1325703235261686415/1325703240109091977/CATALOGUE210201113621410574100/box/out_1.png
mtgame-cdn.mindtickle.com,1325703240109091977/1610464996521DruvaPhoenixWhiteboardPitchScoreSheetv3.xlsx/imagified/box/out_10.png,mt-picasso-asia-singapore,1325703235261686415/1325703240109091977/CATALOGUE210201113621410574100/box/out_10.png
mtgame-cdn.mindtickle.com,1325703240109091977/1610464996521DruvaPhoenixWhiteboardPitchScoreSheetv3.xlsx/imagified/box/out_11.png,mt-picasso-asia-singapore,1325703235261686415/1325703240109091977/CATALOGUE210201113621410574100/box/out_11.png
mtgame-cdn.mindtickle.com,1325703240109091977/1610464996521DruvaPhoenixWhiteboardPitchScoreSheetv3.xlsx/imagified/box/out_12.png,mt-picasso-asia-singapore,1325703235261686415/1325703240109091977/CATALOGUE210201113621410574100/box/out_12.png
mtgame-cdn.mindtickle.com,1325703240109091977/1610464996521DruvaPhoenixWhiteboardPitchScoreSheetv3.xlsx/imagified/box/out_13.png,mt-picasso-asia-singapore,1325703235261686415/1325703240109091977/CATALOGUE210201113621410574100/box/out_13.png
mtgame-cdn.mindtickle.com,1325703240109091977/1610464996521DruvaPhoenixWhiteboardPitchScoreSheetv3.xlsx/imagified/box/out_14.png,mt-picasso-asia-singapore,1325703235261686415/1325703240109091977/CATALOGUE210201113621410574100/box/out_14.png
mtgame-cdn.mindtickle.com,1325703240109091977/1610464996521DruvaPhoenixWhiteboardPitchScoreSheetv3.xlsx/imagified/box/out_15.png,mt-picasso-asia-singapore,1325703235261686415/1325703240109091977/CATALOGUE210201113621410574100/box/out_15.png
mtgame-cdn.mindtickle.com,1325703240109091977/1610464996521DruvaPhoenixWhiteboardPitchScoreSheetv3.xlsx/imagified/box/out_16.png,mt-picasso-asia-singapore,1325703235261686415/1325703240109091977/CATALOGUE210201113621410574100/box/out_16.png
mtgame-cdn.mindtickle.com,1325703240109091977/1610464996521DruvaPhoenixWhiteboardPitchScoreSheetv3.xlsx/imagified/box/out_17.png,mt-picasso-asia-singapore,1325703235261686415/1325703240109091977/CATALOGUE210201113621410574100/box/out_17.png
mtgame-cdn.mindtickle.com,1325703240109091977/1610464996521DruvaPhoenixWhiteboardPitchScoreSheetv3.xlsx/imagified/box/out_18.png,mt-picasso-asia-singapore,1325703235261686415/1325703240109091977/CATALOGUE210201113621410574100/box/out_18.png
mtgame-cdn.mindtickle.com,1325703240109091977/1610464996521DruvaPhoenixWhiteboardPitchScoreSheetv3.xlsx/imagified/box/out_19.png,mt-picasso-asia-singapore,1325703235261686415/1325703240109091977/CATALOGUE210201113621410574100/box/out_19.png
mtgame-cdn.mindtickle.com,1325703240109091977/1610464996521DruvaPhoenixWhiteboardPitchScoreSheetv3.xlsx/imagified/box/out_2.png,mt-picasso-asia-singapore,1325703235261686415/1325703240109091977/CATALOGUE210201113621410574100/box/out_2.png
mtgame-cdn.mindtickle.com,1325703240109091977/1610464996521DruvaPhoenixWhiteboardPitchScoreSheetv3.xlsx/imagified/box/out_20.png,mt-picasso-asia-singapore,1325703235261686415/1325703240109091977/CATALOGUE210201113621410574100/box/out_20.png
mtgame-cdn.mindtickle.com,1325703240109091977/1610464996521DruvaPhoenixWhiteboardPitchScoreSheetv3.xlsx/imagified/box/out_21.png,mt-picasso-asia-singapore,1325703235261686415/1325703240109091977/CATALOGUE210201113621410574100/box/out_21.png
mtgame-cdn.mindtickle.com,1325703240109091977/1610464996521DruvaPhoenixWhiteboardPitchScoreSheetv3.xlsx/imagified/box/out_22.png,mt-picasso-asia-singapore,1325703235261686415/1325703240109091977/CATALOGUE210201113621410574100/box/out_22.png
mtgame-cdn.mindtickle.com,1325703240109091977/1610464996521DruvaPhoenixWhiteboardPitchScoreSheetv3.xlsx/imagified/box/out_23.png,mt-picasso-asia-singapore,1325703235261686415/1325703240109091977/CATALOGUE210201113621410574100/box/out_23.png
mtgame-cdn.mindtickle.com,1325703240109091977/1610464996521DruvaPhoenixWhiteboardPitchScoreSheetv3.xlsx/imagified/box/out_24.png,mt-picasso-asia-singapore,1325703235261686415/1325703240109091977/CATALOGUE210201113621410574100/box/out_24.png
mtgame-cdn.mindtickle.com,1325703240109091977/1610464996521DruvaPhoenixWhiteboardPitchScoreSheetv3.xlsx/imagified/box/out_25.png,mt-picasso-asia-singapore,1325703235261686415/1325703240109091977/CATALOGUE210201113621410574100/box/out_25.png
mtgame-cdn.mindtickle.com,1325703240109091977/1610464996521DruvaPhoenixWhiteboardPitchScoreSheetv3.xlsx/imagified/box/out_26.png,mt-picasso-asia-singapore,1325703235261686415/1325703240109091977/CATALOGUE210201113621410574100/box/out_26.png
mtgame-cdn.mindtickle.com,1325703240109091977/1610464996521DruvaPhoenixWhiteboardPitchScoreSheetv3.xlsx/imagified/box/out_27.png,mt-picasso-asia-singapore,1325703235261686415/1325703240109091977/CATALOGUE210201113621410574100/box/out_27.png
mtgame-cdn.mindtickle.com,1325703240109091977/1610464996521DruvaPhoenixWhiteboardPitchScoreSheetv3.xlsx/imagified/box/out_28.png,mt-picasso-asia-singapore,1325703235261686415/1325703240109091977/CATALOGUE210201113621410574100/box/out_28.png
mtgame-cdn.mindtickle.com,1325703240109091977/1610464996521DruvaPhoenixWhiteboardPitchScoreSheetv3.xlsx/imagified/box/out_3.png,mt-picasso-asia-singapore,1325703235261686415/1325703240109091977/CATALOGUE210201113621410574100/box/out_3.png
mtgame-cdn.mindtickle.com,1325703240109091977/1610464996521DruvaPhoenixWhiteboardPitchScoreSheetv3.xlsx/imagified/box/out_4.png,mt-picasso-asia-singapore,1325703235261686415/1325703240109091977/CATALOGUE210201113621410574100/box/out_4.png
mtgame-cdn.mindtickle.com,1325703240109091977/1610464996521DruvaPhoenixWhiteboardPitchScoreSheetv3.xlsx/imagified/box/out_5.png,mt-picasso-asia-singapore,1325703235261686415/1325703240109091977/CATALOGUE210201113621410574100/box/out_5.png
mtgame-cdn.mindtickle.com,1325703240109091977/1610464996521DruvaPhoenixWhiteboardPitchScoreSheetv3.xlsx/imagified/box/out_6.png,mt-picasso-asia-singapore,1325703235261686415/1325703240109091977/CATALOGUE210201113621410574100/box/out_6.png
mtgame-cdn.mindtickle.com,1325703240109091977/1610464996521DruvaPhoenixWhiteboardPitchScoreSheetv3.xlsx/imagified/box/out_7.png,mt-picasso-asia-singapore,1325703235261686415/1325703240109091977/CATALOGUE210201113621410574100/box/out_7.png
mtgame-cdn.mindtickle.com,1325703240109091977/1610464996521DruvaPhoenixWhiteboardPitchScoreSheetv3.xlsx/imagified/box/out_8.png,mt-picasso-asia-singapore,1325703235261686415/1325703240109091977/CATALOGUE210201113621410574100/box/out_8.png
mtgame-cdn.mindtickle.com,1325703240109091977/1610464996521DruvaPhoenixWhiteboardPitchScoreSheetv3.xlsx/imagified/box/out_9.png,mt-picasso-asia-singapore,1325703235261686415/1325703240109091977/CATALOGUE210201113621410574100/box/out_9.png
mtgame-cdn.mindtickle.com,1325703240109091977/1610464996521DruvaPhoenixWhiteboardPitchScoreSheetv3.xlsx/imagified/out_1.png,mt-picasso-asia-singapore,1325703235261686415/1325703240109091977/CATALOGUE210201113621410574100/out_1.png
mtgame-cdn.mindtickle.com,1325703240109091977/1610464996521DruvaPhoenixWhiteboardPitchScoreSheetv3.xlsx/imagified/out_10.png,mt-picasso-asia-singapore,1325703235261686415/1325703240109091977/CATALOGUE210201113621410574100/out_10.png
mtgame-cdn.mindtickle.com,1325703240109091977/1610464996521DruvaPhoenixWhiteboardPitchScoreSheetv3.xlsx/imagified/out_11.png,mt-picasso-asia-singapore,1325703235261686415/1325703240109091977/CATALOGUE210201113621410574100/out_11.png
mtgame-cdn.mindtickle.com,1325703240109091977/1610464996521DruvaPhoenixWhiteboardPitchScoreSheetv3.xlsx/imagified/out_12.png,mt-picasso-asia-singapore,1325703235261686415/1325703240109091977/CATALOGUE210201113621410574100/out_12.png
mtgame-cdn.mindtickle.com,1325703240109091977/1610464996521DruvaPhoenixWhiteboardPitchScoreSheetv3.xlsx/imagified/out_13.png,mt-picasso-asia-singapore,1325703235261686415/1325703240109091977/CATALOGUE210201113621410574100/out_13.png
mtgame-cdn.mindtickle.com,1325703240109091977/1610464996521DruvaPhoenixWhiteboardPitchScoreSheetv3.xlsx/imagified/out_14.png,mt-picasso-asia-singapore,1325703235261686415/1325703240109091977/CATALOGUE210201113621410574100/out_14.png
mtgame-cdn.mindtickle.com,1325703240109091977/1610464996521DruvaPhoenixWhiteboardPitchScoreSheetv3.xlsx/imagified/out_15.png,mt-picasso-asia-singapore,1325703235261686415/1325703240109091977/CATALOGUE210201113621410574100/out_15.png
mtgame-cdn.mindtickle.com,1325703240109091977/1610464996521DruvaPhoenixWhiteboardPitchScoreSheetv3.xlsx/imagified/out_16.png,mt-picasso-asia-singapore,1325703235261686415/1325703240109091977/CATALOGUE210201113621410574100/out_16.png
mtgame-cdn.mindtickle.com,1325703240109091977/1610464996521DruvaPhoenixWhiteboardPitchScoreSheetv3.xlsx/imagified/out_17.png,mt-picasso-asia-singapore,1325703235261686415/1325703240109091977/CATALOGUE210201113621410574100/out_17.png
mtgame-cdn.mindtickle.com,1325703240109091977/1610464996521DruvaPhoenixWhiteboardPitchScoreSheetv3.xlsx/imagified/out_18.png,mt-picasso-asia-singapore,1325703235261686415/1325703240109091977/CATALOGUE210201113621410574100/out_18.png
mtgame-cdn.mindtickle.com,1325703240109091977/1610464996521DruvaPhoenixWhiteboardPitchScoreSheetv3.xlsx/imagified/out_19.png,mt-picasso-asia-singapore,1325703235261686415/1325703240109091977/CATALOGUE210201113621410574100/out_19.png
mtgame-cdn.mindtickle.com,1325703240109091977/1610464996521DruvaPhoenixWhiteboardPitchScoreSheetv3.xlsx/imagified/out_2.png,mt-picasso-asia-singapore,1325703235261686415/1325703240109091977/CATALOGUE210201113621410574100/out_2.png
mtgame-cdn.mindtickle.com,1325703240109091977/1610464996521DruvaPhoenixWhiteboardPitchScoreSheetv3.xlsx/imagified/out_20.png,mt-picasso-asia-singapore,1325703235261686415/1325703240109091977/CATALOGUE210201113621410574100/out_20.png
mtgame-cdn.mindtickle.com,1325703240109091977/1610464996521DruvaPhoenixWhiteboardPitchScoreSheetv3.xlsx/imagified/out_21.png,mt-picasso-asia-singapore,1325703235261686415/1325703240109091977/CATALOGUE210201113621410574100/out_21.png
mtgame-cdn.mindtickle.com,1325703240109091977/1610464996521DruvaPhoenixWhiteboardPitchScoreSheetv3.xlsx/imagified/out_22.png,mt-picasso-asia-singapore,1325703235261686415/1325703240109091977/CATALOGUE210201113621410574100/out_22.png
mtgame-cdn.mindtickle.com,1325703240109091977/1610464996521DruvaPhoenixWhiteboardPitchScoreSheetv3.xlsx/imagified/out_23.png,mt-picasso-asia-singapore,1325703235261686415/1325703240109091977/CATALOGUE210201113621410574100/out_23.png
mtgame-cdn.mindtickle.com,1325703240109091977/1610464996521DruvaPhoenixWhiteboardPitchScoreSheetv3.xlsx/imagified/out_24.png,mt-picasso-asia-singapore,1325703235261686415/1325703240109091977/CATALOGUE210201113621410574100/out_24.png
mtgame-cdn.mindtickle.com,1325703240109091977/1610464996521DruvaPhoenixWhiteboardPitchScoreSheetv3.xlsx/imagified/out_25.png,mt-picasso-asia-singapore,1325703235261686415/1325703240109091977/CATALOGUE210201113621410574100/out_25.png
mtgame-cdn.mindtickle.com,1325703240109091977/1610464996521DruvaPhoenixWhiteboardPitchScoreSheetv3.xlsx/imagified/out_26.png,mt-picasso-asia-singapore,1325703235261686415/1325703240109091977/CATALOGUE210201113621410574100/out_26.png
mtgame-cdn.mindtickle.com,1325703240109091977/1610464996521DruvaPhoenixWhiteboardPitchScoreSheetv3.xlsx/imagified/out_27.png,mt-picasso-asia-singapore,1325703235261686415/1325703240109091977/CATALOGUE210201113621410574100/out_27.png
mtgame-cdn.mindtickle.com,1325703240109091977/1610464996521DruvaPhoenixWhiteboardPitchScoreSheetv3.xlsx/imagified/out_28.png,mt-picasso-asia-singapore,1325703235261686415/1325703240109091977/CATALOGUE210201113621410574100/out_28.png
mtgame-cdn.mindtickle.com,1325703240109091977/1610464996521DruvaPhoenixWhiteboardPitchScoreSheetv3.xlsx/imagified/out_3.png,mt-picasso-asia-singapore,1325703235261686415/1325703240109091977/CATALOGUE210201113621410574100/out_3.png
mtgame-cdn.mindtickle.com,1325703240109091977/1610464996521DruvaPhoenixWhiteboardPitchScoreSheetv3.xlsx/imagified/out_4.png,mt-picasso-asia-singapore,1325703235261686415/1325703240109091977/CATALOGUE210201113621410574100/out_4.png
mtgame-cdn.mindtickle.com,1325703240109091977/1610464996521DruvaPhoenixWhiteboardPitchScoreSheetv3.xlsx/imagified/out_5.png,mt-picasso-asia-singapore,1325703235261686415/1325703240109091977/CATALOGUE210201113621410574100/out_5.png
mtgame-cdn.mindtickle.com,1325703240109091977/1610464996521DruvaPhoenixWhiteboardPitchScoreSheetv3.xlsx/imagified/out_6.png,mt-picasso-asia-singapore,1325703235261686415/1325703240109091977/CATALOGUE210201113621410574100/out_6.png
mtgame-cdn.mindtickle.com,1325703240109091977/1610464996521DruvaPhoenixWhiteboardPitchScoreSheetv3.xlsx/imagified/out_7.png,mt-picasso-asia-singapore,1325703235261686415/1325703240109091977/CATALOGUE210201113621410574100/out_7.png
mtgame-cdn.mindtickle.com,1325703240109091977/1610464996521DruvaPhoenixWhiteboardPitchScoreSheetv3.xlsx/imagified/out_8.png,mt-picasso-asia-singapore,1325703235261686415/1325703240109091977/CATALOGUE210201113621410574100/out_8.png
mtgame-cdn.mindtickle.com,1325703240109091977/1610464996521DruvaPhoenixWhiteboardPitchScoreSheetv3.xlsx/imagified/out_9.png,mt-picasso-asia-singapore,1325703235261686415/1325703240109091977/CATALOGUE210201113621410574100/out_9.png
mtgame-cdn.mindtickle.com,1325703240109091977/1610464996521DruvaPhoenixWhiteboardPitchScoreSheetv3.xlsx/imagified/out_{image_num}.png,mt-picasso-asia-singapore,1325703235261686415/1325703240109091977/CATALOGUE210201113621410574100/out_{image_num}.png
