"{""ce"": {""type"": 93, ""__last_updated_timestamp__"": 1579677182, ""status"": 2, ""title"": ""pdf-test.pdf"", ""uploadedById"": ""49755bb4a8b3255a"", ""uploadedAt"": 1579677182, ""companyId"": ""1211537031860607006"", ""size"": 20597, ""contentParts"": 0, ""original_path"": ""1211537031860607006/1579677169043pdftest.pdf"", ""providerSource"": ""_default"", ""providerSourceId"": null, ""uuid"": null, ""uuid_filestack"": null, ""imagifiedStatus"": ""IMAGIFIED_NOT_STARTED"", ""imagifiedStatusBox"": ""IMAGIFIED_NOT_STARTED"", ""imagifiedStatusFilestack"": ""IMAGIFIED_NOT_STARTED"", ""imagifyStatusLastUpdated"": 1579677170, ""docProcessor"": ""HYBRID"", ""boxStatus"": 2, ""filestackStatus"": 3, ""filestackContentParts"": null, ""boxContentParts"": null}, ""id"": ""1219880587022092990""}",STATUS - 2
"{""ce"": {""type"": 93, ""__last_updated_timestamp__"": 1579678990, ""status"": 2, ""title"": ""pdf-test.pdf"", ""uploadedById"": ""49755bb4a8b3255a"", ""uploadedAt"": 1579678990, ""companyId"": ""1211537031860607006"", ""size"": 20597, ""contentParts"": 0, ""original_path"": ""1211537031860607006/1579678976434pdftest.pdf"", ""providerSource"": ""_default"", ""providerSourceId"": null, ""uuid"": null, ""uuid_filestack"": null, ""imagifiedStatus"": ""IMAGIFIED_NOT_STARTED"", ""imagifiedStatusBox"": ""IMAGIFIED_NOT_STARTED"", ""imagifiedStatusFilestack"": ""IMAGIFIED_NOT_STARTED"", ""imagifyStatusLastUpdated"": 1579678978, ""docProcessor"": ""HYBRID"", ""boxStatus"": 2, ""filestackStatus"": 3, ""filestackContentParts"": null, ""boxContentParts"": null}, ""id"": ""1219888170736837572""}",STATUS - 2
"{""ce"": {""type"": 93, ""__last_updated_timestamp__"": 1579679147, ""status"": 2, ""title"": ""pdf-test.pdf"", ""uploadedById"": ""49755bb4a8b3255a"", ""uploadedAt"": 1579679147, ""companyId"": ""1211537031860607006"", ""size"": 20597, ""contentParts"": 0, ""original_path"": ""1211537031860607006/1579679135254pdftest.pdf"", ""providerSource"": ""_default"", ""providerSourceId"": null, ""uuid"": null, ""uuid_filestack"": null, ""imagifiedStatus"": ""IMAGIFIED_NOT_STARTED"", ""imagifiedStatusBox"": ""IMAGIFIED_NOT_STARTED"", ""imagifiedStatusFilestack"": ""IMAGIFIED_NOT_STARTED"", ""imagifyStatusLastUpdated"": 1579679136, ""docProcessor"": ""HYBRID"", ""boxStatus"": 2, ""filestackStatus"": 3, ""filestackContentParts"": null, ""boxContentParts"": null}, ""id"": ""1219888832366458264""}",STATUS - 2
"{""ce"": {""type"": 93, ""__last_updated_timestamp__"": 1579679726, ""status"": 2, ""title"": ""pdf-test.pdf"", ""uploadedById"": ""49755bb4a8b3255a"", ""uploadedAt"": 1579679726, ""companyId"": ""1211537031860607006"", ""size"": 20597, ""contentParts"": 0, ""original_path"": ""1211537031860607006/1579679714230pdftest.pdf"", ""providerSource"": ""_default"", ""providerSourceId"": null, ""uuid"": null, ""uuid_filestack"": null, ""imagifiedStatus"": ""IMAGIFIED_NOT_STARTED"", ""imagifiedStatusBox"": ""IMAGIFIED_NOT_STARTED"", ""imagifiedStatusFilestack"": ""IMAGIFIED_NOT_STARTED"", ""imagifyStatusLastUpdated"": 1579679715, ""docProcessor"": ""HYBRID"", ""boxStatus"": 2, ""filestackStatus"": 3, ""filestackContentParts"": null, ""boxContentParts"": null}, ""id"": ""1219891260844769073""}",STATUS - 2
"{""ce"": {""type"": 93, ""__last_updated_timestamp__"": 1579679867, ""status"": 2, ""title"": ""pdf-test.pdf"", ""uploadedById"": ""49755bb4a8b3255a"", ""uploadedAt"": 1579679867, ""companyId"": ""1211537031860607006"", ""size"": 20597, ""contentParts"": 0, ""original_path"": ""1211537031860607006/1579679855517pdftest.pdf"", ""providerSource"": ""_default"", ""providerSourceId"": null, ""uuid"": null, ""uuid_filestack"": null, ""imagifiedStatus"": ""IMAGIFIED_NOT_STARTED"", ""imagifiedStatusBox"": ""IMAGIFIED_NOT_STARTED"", ""imagifiedStatusFilestack"": ""IMAGIFIED_NOT_STARTED"", ""imagifyStatusLastUpdated"": 1579679856, ""docProcessor"": ""HYBRID"", ""boxStatus"": 2, ""filestackStatus"": 3, ""filestackContentParts"": null, ""boxContentParts"": null}, ""id"": ""1219891851357216702""}",STATUS - 2
"{""ce"": {""type"": 93, ""__last_updated_timestamp__"": 1579681573, ""status"": 2, ""title"": ""pdf-test.pdf"", ""uploadedById"": ""49755bb4a8b3255a"", ""uploadedAt"": 1579681573, ""companyId"": ""1211537031860607006"", ""size"": 20597, ""contentParts"": 0, ""original_path"": ""1211537031860607006/1579681561047pdftest.pdf"", ""providerSource"": ""_default"", ""providerSourceId"": null, ""uuid"": null, ""uuid_filestack"": null, ""imagifiedStatus"": ""IMAGIFIED_NOT_STARTED"", ""imagifiedStatusBox"": ""IMAGIFIED_NOT_STARTED"", ""imagifiedStatusFilestack"": ""IMAGIFIED_NOT_STARTED"", ""imagifyStatusLastUpdated"": 1579681562, ""docProcessor"": ""HYBRID"", ""boxStatus"": 2, ""filestackStatus"": 3, ""filestackContentParts"": null, ""boxContentParts"": null}, ""id"": ""1219899005731974669""}",STATUS - 2
"{""ce"": {""type"": 93, ""__last_updated_timestamp__"": 1579683864, ""status"": 2, ""title"": ""pdf-test.pdf"", ""uploadedById"": ""49755bb4a8b3255a"", ""uploadedAt"": 1579683864, ""companyId"": ""1211537031860607006"", ""size"": 20597, ""contentParts"": 0, ""original_path"": ""1211537031860607006/1579683852743pdftest.pdf"", ""providerSource"": ""_default"", ""providerSourceId"": null, ""uuid"": null, ""uuid_filestack"": null, ""imagifiedStatus"": ""IMAGIFIED_NOT_STARTED"", ""imagifiedStatusBox"": ""IMAGIFIED_NOT_STARTED"", ""imagifiedStatusFilestack"": ""IMAGIFIED_NOT_STARTED"", ""imagifyStatusLastUpdated"": 1579683854, ""docProcessor"": ""HYBRID"", ""boxStatus"": 2, ""filestackStatus"": 3, ""filestackContentParts"": null, ""boxContentParts"": null}, ""id"": ""1219908618345063573""}",STATUS - 2
"{""ce"": {""type"": 93, ""__last_updated_timestamp__"": 1579684145, ""status"": 2, ""title"": ""pdf-test.pdf"", ""uploadedById"": ""49755bb4a8b3255a"", ""uploadedAt"": 1579684145, ""companyId"": ""1211537031860607006"", ""size"": 20597, ""contentParts"": 0, ""original_path"": ""1211537031860607006/1579684131828pdftest.pdf"", ""providerSource"": ""_default"", ""providerSourceId"": null, ""uuid"": null, ""uuid_filestack"": null, ""imagifiedStatus"": ""IMAGIFIED_NOT_STARTED"", ""imagifiedStatusBox"": ""IMAGIFIED_NOT_STARTED"", ""imagifiedStatusFilestack"": ""IMAGIFIED_NOT_STARTED"", ""imagifyStatusLastUpdated"": 1579684133, ""docProcessor"": ""HYBRID"", ""boxStatus"": 2, ""filestackStatus"": 3, ""filestackContentParts"": null, ""boxContentParts"": null}, ""id"": ""1219909790538443303""}",STATUS - 2
"{""ce"": {""type"": 93, ""__last_updated_timestamp__"": 1579684215, ""status"": 2, ""title"": ""pdf-test.pdf"", ""uploadedById"": ""49755bb4a8b3255a"", ""uploadedAt"": 1579684215, ""companyId"": ""1211537031860607006"", ""size"": 20597, ""contentParts"": 0, ""original_path"": ""1211537031860607006/1579684202841pdftest.pdf"", ""providerSource"": ""_default"", ""providerSourceId"": null, ""uuid"": null, ""uuid_filestack"": null, ""imagifiedStatus"": ""IMAGIFIED_NOT_STARTED"", ""imagifiedStatusBox"": ""IMAGIFIED_NOT_STARTED"", ""imagifiedStatusFilestack"": ""IMAGIFIED_NOT_STARTED"", ""imagifyStatusLastUpdated"": 1579684204, ""docProcessor"": ""HYBRID"", ""boxStatus"": 2, ""filestackStatus"": 3, ""filestackContentParts"": null, ""boxContentParts"": null}, ""id"": ""1219910087046177632""}",STATUS - 2
"{""ce"": {""type"": 93, ""__last_updated_timestamp__"": 1579684980, ""status"": 2, ""title"": ""pdf-test.pdf"", ""uploadedById"": ""49755bb4a8b3255a"", ""uploadedAt"": 1579684980, ""companyId"": ""1211537031860607006"", ""size"": 20597, ""contentParts"": 0, ""original_path"": ""1211537031860607006/1579684967785pdftest.pdf"", ""providerSource"": ""_default"", ""providerSourceId"": null, ""uuid"": null, ""uuid_filestack"": null, ""imagifiedStatus"": ""IMAGIFIED_NOT_STARTED"", ""imagifiedStatusBox"": ""IMAGIFIED_NOT_STARTED"", ""imagifiedStatusFilestack"": ""IMAGIFIED_NOT_STARTED"", ""imagifyStatusLastUpdated"": 1579684969, ""docProcessor"": ""HYBRID"", ""boxStatus"": 2, ""filestackStatus"": 3, ""filestackContentParts"": null, ""boxContentParts"": null}, ""id"": ""1219913295262058028""}",STATUS - 2
"{""ce"": {""type"": 93, ""__last_updated_timestamp__"": 1579685346, ""status"": 2, ""title"": ""pdf-test.pdf"", ""uploadedById"": ""49755bb4a8b3255a"", ""uploadedAt"": 1579685346, ""companyId"": ""1211537031860607006"", ""size"": 20597, ""contentParts"": 0, ""original_path"": ""1211537031860607006/1579685333672pdftest.pdf"", ""providerSource"": ""_default"", ""providerSourceId"": null, ""uuid"": null, ""uuid_filestack"": null, ""imagifiedStatus"": ""IMAGIFIED_NOT_STARTED"", ""imagifiedStatusBox"": ""IMAGIFIED_NOT_STARTED"", ""imagifiedStatusFilestack"": ""IMAGIFIED_NOT_STARTED"", ""imagifyStatusLastUpdated"": 1579685335, ""docProcessor"": ""HYBRID"", ""boxStatus"": 2, ""filestackStatus"": 3, ""filestackContentParts"": null, ""boxContentParts"": null}, ""id"": ""1219914831175929463""}",STATUS - 2
"{""ce"": {""type"": 93, ""__last_updated_timestamp__"": 1579685594, ""status"": 2, ""title"": ""pdf-test.pdf"", ""uploadedById"": ""49755bb4a8b3255a"", ""uploadedAt"": 1579685594, ""companyId"": ""1211537031860607006"", ""size"": 20597, ""contentParts"": 0, ""original_path"": ""1211537031860607006/1579685582440pdftest.pdf"", ""providerSource"": ""_default"", ""providerSourceId"": null, ""uuid"": null, ""uuid_filestack"": null, ""imagifiedStatus"": ""IMAGIFIED_NOT_STARTED"", ""imagifiedStatusBox"": ""IMAGIFIED_NOT_STARTED"", ""imagifiedStatusFilestack"": ""IMAGIFIED_NOT_STARTED"", ""imagifyStatusLastUpdated"": 1579685583, ""docProcessor"": ""HYBRID"", ""boxStatus"": 2, ""filestackStatus"": 3, ""filestackContentParts"": null, ""boxContentParts"": null}, ""id"": ""1219915873402552905""}",STATUS - 2
"{""ce"": {""type"": 93, ""__last_updated_timestamp__"": 1579688068, ""status"": 2, ""title"": ""pdf-test.pdf"", ""uploadedById"": ""49755bb4a8b3255a"", ""uploadedAt"": 1579688068, ""companyId"": ""1211537031860607006"", ""size"": 20597, ""contentParts"": 0, ""original_path"": ""1211537031860607006/1579688053005pdftest.pdf"", ""providerSource"": ""_default"", ""providerSourceId"": null, ""uuid"": null, ""uuid_filestack"": null, ""imagifiedStatus"": ""IMAGIFIED_NOT_STARTED"", ""imagifiedStatusBox"": ""IMAGIFIED_NOT_STARTED"", ""imagifiedStatusFilestack"": ""IMAGIFIED_NOT_STARTED"", ""imagifyStatusLastUpdated"": 1579688057, ""docProcessor"": ""HYBRID"", ""boxStatus"": 2, ""filestackStatus"": 3, ""filestackContentParts"": null, ""boxContentParts"": null}, ""id"": ""1219926248100913720""}",STATUS - 2
"{""ce"": {""type"": 93, ""__last_updated_timestamp__"": 1579690026, ""status"": 2, ""title"": ""pdf-test.pdf"", ""uploadedById"": ""49755bb4a8b3255a"", ""uploadedAt"": 1579690026, ""companyId"": ""1211537031860607006"", ""size"": 20597, ""contentParts"": 0, ""original_path"": ""1211537031860607006/1579690013128pdftest.pdf"", ""providerSource"": ""_default"", ""providerSourceId"": null, ""uuid"": null, ""uuid_filestack"": null, ""imagifiedStatus"": ""IMAGIFIED_NOT_STARTED"", ""imagifiedStatusBox"": ""IMAGIFIED_NOT_STARTED"", ""imagifiedStatusFilestack"": ""IMAGIFIED_NOT_STARTED"", ""imagifyStatusLastUpdated"": 1579690015, ""docProcessor"": ""HYBRID"", ""boxStatus"": 2, ""filestackStatus"": 3, ""filestackContentParts"": null, ""boxContentParts"": null}, ""id"": ""1219934463255104202""}",STATUS - 2
"{""ce"": {""type"": 93, ""__last_updated_timestamp__"": 1579691244, ""status"": 2, ""title"": ""pdf-test.pdf"", ""uploadedById"": ""49755bb4a8b3255a"", ""uploadedAt"": 1579691244, ""companyId"": ""1211537031860607006"", ""size"": 20597, ""contentParts"": 0, ""original_path"": ""1211537031860607006/1579691231353pdftest.pdf"", ""providerSource"": ""_default"", ""providerSourceId"": null, ""uuid"": null, ""uuid_filestack"": null, ""imagifiedStatus"": ""IMAGIFIED_NOT_STARTED"", ""imagifiedStatusBox"": ""IMAGIFIED_NOT_STARTED"", ""imagifiedStatusFilestack"": ""IMAGIFIED_NOT_STARTED"", ""imagifyStatusLastUpdated"": 1579691233, ""docProcessor"": ""HYBRID"", ""boxStatus"": 2, ""filestackStatus"": 3, ""filestackContentParts"": null, ""boxContentParts"": null}, ""id"": ""1219939568783407648""}",STATUS - 2
"{""ce"": {""type"": 93, ""__last_updated_timestamp__"": 1579691386, ""status"": 2, ""title"": ""pdf-test.pdf"", ""uploadedById"": ""49755bb4a8b3255a"", ""uploadedAt"": 1579691386, ""companyId"": ""1211537031860607006"", ""size"": 20597, ""contentParts"": 0, ""original_path"": ""1211537031860607006/1579691373543pdftest.pdf"", ""providerSource"": ""_default"", ""providerSourceId"": null, ""uuid"": null, ""uuid_filestack"": null, ""imagifiedStatus"": ""IMAGIFIED_NOT_STARTED"", ""imagifiedStatusBox"": ""IMAGIFIED_NOT_STARTED"", ""imagifiedStatusFilestack"": ""IMAGIFIED_NOT_STARTED"", ""imagifyStatusLastUpdated"": 1579691375, ""docProcessor"": ""HYBRID"", ""boxStatus"": 2, ""filestackStatus"": 3, ""filestackContentParts"": null, ""boxContentParts"": null}, ""id"": ""1219940164301736332""}",STATUS - 2
"{""ce"": {""type"": 93, ""__last_updated_timestamp__"": 1579696588, ""status"": 2, ""title"": ""pdf-test.pdf"", ""uploadedById"": ""49755bb4a8b3255a"", ""uploadedAt"": 1579696588, ""companyId"": ""1211537031860607006"", ""size"": 20597, ""contentParts"": 0, ""original_path"": ""1211537031860607006/1579696576002pdftest.pdf"", ""providerSource"": ""_default"", ""providerSourceId"": null, ""uuid"": null, ""uuid_filestack"": null, ""imagifiedStatus"": ""IMAGIFIED_NOT_STARTED"", ""imagifiedStatusBox"": ""IMAGIFIED_NOT_STARTED"", ""imagifiedStatusFilestack"": ""IMAGIFIED_NOT_STARTED"", ""imagifyStatusLastUpdated"": 1579696577, ""docProcessor"": ""HYBRID"", ""boxStatus"": 2, ""filestackStatus"": 3, ""filestackContentParts"": null, ""boxContentParts"": null}, ""id"": ""1219961984597407727""}",STATUS - 2
"{""ce"": {""type"": 93, ""__last_updated_timestamp__"": 1579697786, ""status"": 2, ""title"": ""pdf-test.pdf"", ""uploadedById"": ""49755bb4a8b3255a"", ""uploadedAt"": 1579697786, ""companyId"": ""1211537031860607006"", ""size"": 20597, ""contentParts"": 0, ""original_path"": ""1211537031860607006/1579697773744pdftest.pdf"", ""providerSource"": ""_default"", ""providerSourceId"": null, ""uuid"": null, ""uuid_filestack"": null, ""imagifiedStatus"": ""IMAGIFIED_NOT_STARTED"", ""imagifiedStatusBox"": ""IMAGIFIED_NOT_STARTED"", ""imagifiedStatusFilestack"": ""IMAGIFIED_NOT_STARTED"", ""imagifyStatusLastUpdated"": 1579697775, ""docProcessor"": ""HYBRID"", ""boxStatus"": 2, ""filestackStatus"": 3, ""filestackContentParts"": null, ""boxContentParts"": null}, ""id"": ""1219967006949179505""}",STATUS - 2
"{""ce"": {""type"": 93, ""__last_updated_timestamp__"": 1579714318, ""status"": 31, ""title"": ""Untitled Document"", ""uploadedById"": null, ""uploadedAt"": 1579714264, ""companyId"": ""1211537031860607006"", ""size"": 0, ""contentParts"": 0, ""original_path"": ""1211537031860607006/notePdf/92233704571405113899a4409beconvertedPdf"", ""providerSource"": ""_default"", ""providerSourceId"": null, ""uuid"": null, ""uuid_filestack"": null, ""imagifiedStatus"": ""IMAGIFIED_NOT_STARTED"", ""imagifiedStatusBox"": ""IMAGIFIED_NOT_STARTED"", ""imagifiedStatusFilestack"": ""IMAGIFIED_NOT_STARTED"", ""imagifyStatusLastUpdated"": 1579714264, ""docProcessor"": ""HTML_PDF_LAMBDA"", ""boxStatus"": null, ""filestackStatus"": null, ""filestackContentParts"": null, ""boxContentParts"": null}, ""id"": ""1220036168563992069""}",STATUS - 31
"{""ce"": {""type"": 93, ""__last_updated_timestamp__"": 1580212413, ""status"": 31, ""title"": ""Untitled Document"", ""uploadedById"": null, ""uploadedAt"": 1580212225, ""companyId"": ""1211537031860607006"", ""size"": 0, ""contentParts"": 0, ""original_path"": ""1211537031860607006/notePdf/922337045664255054761b4501cconvertedPdf"", ""providerSource"": ""_default"", ""providerSourceId"": null, ""uuid"": null, ""uuid_filestack"": null, ""imagifiedStatus"": ""IMAGIFIED_NOT_STARTED"", ""imagifiedStatusBox"": ""IMAGIFIED_NOT_STARTED"", ""imagifiedStatusFilestack"": ""IMAGIFIED_NOT_STARTED"", ""imagifyStatusLastUpdated"": 1580212225, ""docProcessor"": ""HTML_PDF_LAMBDA"", ""boxStatus"": null, ""filestackStatus"": null, ""filestackContentParts"": null, ""boxContentParts"": null}, ""id"": ""1222124767717151434""}",STATUS - 31
"{""ce"": {""type"": 93, ""__last_updated_timestamp__"": 1580212770, ""status"": 31, ""title"": ""Untitled Document"", ""uploadedById"": null, ""uploadedAt"": 1580212746, ""companyId"": ""1211537031860607006"", ""size"": 0, ""contentParts"": 0, ""original_path"": ""1211537031860607006/notePdf/9223370456642029096ad85c9d3convertedPdf"", ""providerSource"": ""_default"", ""providerSourceId"": null, ""uuid"": null, ""uuid_filestack"": null, ""imagifiedStatus"": ""IMAGIFIED_NOT_STARTED"", ""imagifiedStatusBox"": ""IMAGIFIED_NOT_STARTED"", ""imagifiedStatusFilestack"": ""IMAGIFIED_NOT_STARTED"", ""imagifyStatusLastUpdated"": 1580212746, ""docProcessor"": ""HTML_PDF_LAMBDA"", ""boxStatus"": null, ""filestackStatus"": null, ""filestackContentParts"": null, ""boxContentParts"": null}, ""id"": ""1222126954837433560""}",STATUS - 31
"{""ce"": {""type"": 93, ""__last_updated_timestamp__"": 1580222101, ""status"": 31, ""title"": ""Untitled Document"", ""uploadedById"": null, ""uploadedAt"": 1580222029, ""companyId"": ""1211537031860607006"", ""size"": 0, ""contentParts"": 0, ""original_path"": ""1211537031860607006/notePdf/9223370456632746530d993e363convertedPdf"", ""providerSource"": ""_default"", ""providerSourceId"": null, ""uuid"": null, ""uuid_filestack"": null, ""imagifiedStatus"": ""IMAGIFIED_NOT_STARTED"", ""imagifiedStatusBox"": ""IMAGIFIED_NOT_STARTED"", ""imagifiedStatusFilestack"": ""IMAGIFIED_NOT_STARTED"", ""imagifyStatusLastUpdated"": 1580222029, ""docProcessor"": ""HTML_PDF_LAMBDA"", ""boxStatus"": null, ""filestackStatus"": null, ""filestackContentParts"": null, ""boxContentParts"": null}, ""id"": ""1222165888741986299""}",STATUS - 31
"{""ce"": {""type"": 90, ""__last_updated_timestamp__"": 1580285182, ""status"": 31, ""title"": ""Brainshark Screenshots_concat_audio.mp3"", ""uploadedById"": null, ""uploadedAt"": 1580285182, ""companyId"": ""1211537031860607006"", ""size"": 0, ""contentParts"": 1, ""original_path"": ""1211537031860607006/1222425525058889099/1580285182_BrainsharkScreenshots_concat_audio.mp3"", ""providerSource"": ""_default"", ""providerSourceId"": null, ""mp3Path"": null, ""streamPath"": null, ""hlsPath"": null, ""encodingMediaId"": null, ""transcodingSource"": null, ""contentPartsInMillis"": null, ""flacPath"": null, ""transcriptPath"": null, ""vttSubtitlePath"": null, ""transcriptionStatus"": ""NOT_STARTED""}, ""id"": ""1222430773995322395""}",STATUS - 31
"{""ce"": {""type"": 90, ""__last_updated_timestamp__"": 1580285930, ""status"": 31, ""title"": ""Brainshark Screenshots_concat_audio.mp3"", ""uploadedById"": null, ""uploadedAt"": 1580285930, ""companyId"": ""1211537031860607006"", ""size"": 0, ""contentParts"": 1, ""original_path"": ""1211537031860607006/1222425525058889099/1580285930_BrainsharkScreenshots_concat_audio.mp3"", ""providerSource"": ""_default"", ""providerSourceId"": null, ""mp3Path"": null, ""streamPath"": null, ""hlsPath"": null, ""encodingMediaId"": null, ""transcodingSource"": null, ""contentPartsInMillis"": null, ""flacPath"": null, ""transcriptPath"": null, ""vttSubtitlePath"": null, ""transcriptionStatus"": ""NOT_STARTED""}, ""id"": ""1222433907806196634""}",STATUS - 31
"{""ce"": {""type"": 93, ""__last_updated_timestamp__"": 1580880395, ""status"": 31, ""title"": null, ""uploadedById"": null, ""uploadedAt"": 1580880395, ""companyId"": ""1211537031860607006"", ""size"": 0, ""contentParts"": 0, ""original_path"": ""1211537031860607006/notePdf/92233704559743807528c1a81e2convertedPdf"", ""providerSource"": ""_default"", ""providerSourceId"": null, ""uuid"": null, ""uuid_filestack"": null, ""imagifiedStatus"": ""IMAGIFIED_NOT_STARTED"", ""imagifiedStatusBox"": ""IMAGIFIED_NOT_STARTED"", ""imagifiedStatusFilestack"": ""IMAGIFIED_NOT_STARTED"", ""imagifyStatusLastUpdated"": 1580880395, ""docProcessor"": ""HTML_PDF_LAMBDA"", ""boxStatus"": null, ""filestackStatus"": null, ""filestackContentParts"": null, ""boxContentParts"": null}, ""id"": ""1224927274960098567""}",STATUS - 31
"{""ce"": {""type"": 93, ""__last_updated_timestamp__"": 1581581506, ""status"": 31, ""title"": ""Untitled Document"", ""uploadedById"": null, ""uploadedAt"": 1581581137, ""companyId"": ""1211537031860607006"", ""size"": 0, ""contentParts"": 0, ""original_path"": ""1211537031860607006/notePdf/9223370455273638097eeaa09ecconvertedPdf"", ""providerSource"": ""_default"", ""providerSourceId"": null, ""uuid"": null, ""uuid_filestack"": null, ""imagifiedStatus"": ""IMAGIFIED_NOT_STARTED"", ""imagifiedStatusBox"": ""IMAGIFIED_NOT_STARTED"", ""imagifiedStatusFilestack"": ""IMAGIFIED_NOT_STARTED"", ""imagifyStatusLastUpdated"": 1581581137, ""docProcessor"": ""HTML_PDF_LAMBDA"", ""boxStatus"": null, ""filestackStatus"": null, ""filestackContentParts"": null, ""boxContentParts"": null}, ""id"": ""1227866402684653681""}",STATUS - 31
"{""ce"": {""type"": 93, ""__last_updated_timestamp__"": 1581581597, ""status"": 31, ""title"": ""Untitled Document"", ""uploadedById"": null, ""uploadedAt"": 1581581592, ""companyId"": ""1211537031860607006"", ""size"": 0, ""contentParts"": 0, ""original_path"": ""1211537031860607006/notePdf/9223370455273183470c6d34e1bconvertedPdf"", ""providerSource"": ""_default"", ""providerSourceId"": null, ""uuid"": null, ""uuid_filestack"": null, ""imagifiedStatus"": ""IMAGIFIED_NOT_STARTED"", ""imagifiedStatusBox"": ""IMAGIFIED_NOT_STARTED"", ""imagifiedStatusFilestack"": ""IMAGIFIED_NOT_STARTED"", ""imagifyStatusLastUpdated"": 1581581592, ""docProcessor"": ""HTML_PDF_LAMBDA"", ""boxStatus"": null, ""filestackStatus"": null, ""filestackContentParts"": null, ""boxContentParts"": null}, ""id"": ""1227868309523301327""}",STATUS - 31
"{""ce"": {""type"": 90, ""__last_updated_timestamp__"": 1581581733, ""status"": 31, ""title"": ""Brainshark Screenshots_concat_audio.mp3"", ""uploadedById"": null, ""uploadedAt"": 1581581733, ""companyId"": ""1211537031860607006"", ""size"": 0, ""contentParts"": 1, ""original_path"": ""1211537031860607006/1227868349103870325/1581581733_BrainsharkScreenshots_concat_audio.mp3"", ""providerSource"": ""_default"", ""providerSourceId"": null, ""mp3Path"": null, ""streamPath"": null, ""hlsPath"": null, ""encodingMediaId"": null, ""transcodingSource"": null, ""contentPartsInMillis"": null, ""flacPath"": null, ""transcriptPath"": null, ""vttSubtitlePath"": null, ""transcriptionStatus"": ""NOT_STARTED""}, ""id"": ""1227868900661170577""}",STATUS - 31
"{""ce"": {""type"": 90, ""__last_updated_timestamp__"": 1581581748, ""status"": 31, ""title"": ""Final Apple Presentation_concat_audio.mp3"", ""uploadedById"": null, ""uploadedAt"": 1581581748, ""companyId"": ""1211537031860607006"", ""size"": 0, ""contentParts"": 1, ""original_path"": ""1211537031860607006/1227866581379678683/1581581748_FinalApplePresentation_concat_audio.mp3"", ""providerSource"": ""_default"", ""providerSourceId"": null, ""mp3Path"": null, ""streamPath"": null, ""hlsPath"": null, ""encodingMediaId"": null, ""transcodingSource"": null, ""contentPartsInMillis"": null, ""flacPath"": null, ""transcriptPath"": null, ""vttSubtitlePath"": null, ""transcriptionStatus"": ""NOT_STARTED""}, ""id"": ""1227868964341895282""}",STATUS - 31
"{""ce"": {""type"": 93, ""__last_updated_timestamp__"": 1583913141, ""status"": 31, ""title"": ""Untitled Document"", ""uploadedById"": null, ""uploadedAt"": 1583913135, ""companyId"": ""1211537031860607006"", ""size"": 0, ""contentParts"": 0, ""original_path"": ""1211537031860607006/notePdf/9223370452941639849c45274bbconvertedPdf"", ""providerSource"": ""_default"", ""providerSourceId"": null, ""uuid"": null, ""uuid_filestack"": null, ""imagifiedStatus"": ""IMAGIFIED_NOT_STARTED"", ""imagifiedStatusBox"": ""IMAGIFIED_NOT_STARTED"", ""imagifiedStatusFilestack"": ""IMAGIFIED_NOT_STARTED"", ""imagifyStatusLastUpdated"": 1583913135, ""docProcessor"": ""HTML_PDF_LAMBDA"", ""boxStatus"": null, ""filestackStatus"": null, ""filestackContentParts"": null, ""boxContentParts"": null}, ""id"": ""1237647512264385098""}",STATUS - 31
"{""ce"": {""type"": 93, ""__last_updated_timestamp__"": 1583913875, ""status"": 31, ""title"": ""Untitled Document"", ""uploadedById"": null, ""uploadedAt"": 1583913867, ""companyId"": ""1211537031860607006"", ""size"": 0, ""contentParts"": 0, ""original_path"": ""1211537031860607006/notePdf/9223370452940908311610e7889convertedPdf"", ""providerSource"": ""_default"", ""providerSourceId"": null, ""uuid"": null, ""uuid_filestack"": null, ""imagifiedStatus"": ""IMAGIFIED_NOT_STARTED"", ""imagifiedStatusBox"": ""IMAGIFIED_NOT_STARTED"", ""imagifiedStatusFilestack"": ""IMAGIFIED_NOT_STARTED"", ""imagifyStatusLastUpdated"": 1583913867, ""docProcessor"": ""HTML_PDF_LAMBDA"", ""boxStatus"": null, ""filestackStatus"": null, ""filestackContentParts"": null, ""boxContentParts"": null}, ""id"": ""1237650580554775368""}",STATUS - 31
"{""ce"": {""type"": 93, ""__last_updated_timestamp__"": 1583913896, ""status"": 31, ""title"": null, ""uploadedById"": null, ""uploadedAt"": 1583913896, ""companyId"": ""1211537031860607006"", ""size"": 0, ""contentParts"": 0, ""original_path"": ""1211537031860607006/notePdf/9223370452940908311610e7889convertedPdf"", ""providerSource"": ""_default"", ""providerSourceId"": null, ""uuid"": null, ""uuid_filestack"": null, ""imagifiedStatus"": ""IMAGIFIED_NOT_STARTED"", ""imagifiedStatusBox"": ""IMAGIFIED_NOT_STARTED"", ""imagifiedStatusFilestack"": ""IMAGIFIED_NOT_STARTED"", ""imagifyStatusLastUpdated"": 1583913896, ""docProcessor"": ""HTML_PDF_LAMBDA"", ""boxStatus"": null, ""filestackStatus"": null, ""filestackContentParts"": null, ""boxContentParts"": null}, ""id"": ""1237650701382009856""}",STATUS - 31
"{""ce"": {""type"": 93, ""__last_updated_timestamp__"": 1583913916, ""status"": 31, ""title"": ""Untitled Document"", ""uploadedById"": null, ""uploadedAt"": 1583913912, ""companyId"": ""1211537031860607006"", ""size"": 0, ""contentParts"": 0, ""original_path"": ""1211537031860607006/notePdf/92233704529408629107f7f572cconvertedPdf"", ""providerSource"": ""_default"", ""providerSourceId"": null, ""uuid"": null, ""uuid_filestack"": null, ""imagifiedStatus"": ""IMAGIFIED_NOT_STARTED"", ""imagifiedStatusBox"": ""IMAGIFIED_NOT_STARTED"", ""imagifiedStatusFilestack"": ""IMAGIFIED_NOT_STARTED"", ""imagifyStatusLastUpdated"": 1583913912, ""docProcessor"": ""HTML_PDF_LAMBDA"", ""boxStatus"": null, ""filestackStatus"": null, ""filestackContentParts"": null, ""boxContentParts"": null}, ""id"": ""1237650770976947694""}",STATUS - 31
"{""ce"": {""type"": 93, ""__last_updated_timestamp__"": 1583913937, ""status"": 31, ""title"": null, ""uploadedById"": null, ""uploadedAt"": 1583913937, ""companyId"": ""1211537031860607006"", ""size"": 0, ""contentParts"": 0, ""original_path"": ""1211537031860607006/notePdf/92233704529408629107f7f572cconvertedPdf"", ""providerSource"": ""_default"", ""providerSourceId"": null, ""uuid"": null, ""uuid_filestack"": null, ""imagifiedStatus"": ""IMAGIFIED_NOT_STARTED"", ""imagifiedStatusBox"": ""IMAGIFIED_NOT_STARTED"", ""imagifiedStatusFilestack"": ""IMAGIFIED_NOT_STARTED"", ""imagifyStatusLastUpdated"": 1583913937, ""docProcessor"": ""HTML_PDF_LAMBDA"", ""boxStatus"": null, ""filestackStatus"": null, ""filestackContentParts"": null, ""boxContentParts"": null}, ""id"": ""1237650873243050430""}",STATUS - 31
"{""ce"": {""type"": 93, ""__last_updated_timestamp__"": 1583914044, ""status"": 31, ""title"": ""Untitled Document"", ""uploadedById"": null, ""uploadedAt"": 1583914042, ""companyId"": ""1211537031860607006"", ""size"": 0, ""contentParts"": 0, ""original_path"": ""1211537031860607006/notePdf/92233704529407336585bc15f84convertedPdf"", ""providerSource"": ""_default"", ""providerSourceId"": null, ""uuid"": null, ""uuid_filestack"": null, ""imagifiedStatus"": ""IMAGIFIED_NOT_STARTED"", ""imagifiedStatusBox"": ""IMAGIFIED_NOT_STARTED"", ""imagifiedStatusFilestack"": ""IMAGIFIED_NOT_STARTED"", ""imagifyStatusLastUpdated"": 1583914042, ""docProcessor"": ""HTML_PDF_LAMBDA"", ""boxStatus"": null, ""filestackStatus"": null, ""filestackContentParts"": null, ""boxContentParts"": null}, ""id"": ""1237651313098678563""}",STATUS - 31
"{""ce"": {""type"": 93, ""__last_updated_timestamp__"": 1583914065, ""status"": 31, ""title"": null, ""uploadedById"": null, ""uploadedAt"": 1583914065, ""companyId"": ""1211537031860607006"", ""size"": 0, ""contentParts"": 0, ""original_path"": ""1211537031860607006/notePdf/92233704529407336585bc15f84convertedPdf"", ""providerSource"": ""_default"", ""providerSourceId"": null, ""uuid"": null, ""uuid_filestack"": null, ""imagifiedStatus"": ""IMAGIFIED_NOT_STARTED"", ""imagifiedStatusBox"": ""IMAGIFIED_NOT_STARTED"", ""imagifiedStatusFilestack"": ""IMAGIFIED_NOT_STARTED"", ""imagifyStatusLastUpdated"": 1583914065, ""docProcessor"": ""HTML_PDF_LAMBDA"", ""boxStatus"": null, ""filestackStatus"": null, ""filestackContentParts"": null, ""boxContentParts"": null}, ""id"": ""1237651410407192831""}",STATUS - 31
"{""ce"": {""type"": 93, ""__last_updated_timestamp__"": 1583919626, ""status"": 2, ""title"": ""doc (1).pdf"", ""uploadedById"": ""49755bb4a8b3255a"", ""uploadedAt"": 1583919626, ""companyId"": ""1211537031860607006"", ""size"": 1002387, ""contentParts"": 0, ""original_path"": ""1211537031860607006/1583919616252doc1.pdf"", ""providerSource"": ""_default"", ""providerSourceId"": null, ""uuid"": null, ""uuid_filestack"": null, ""imagifiedStatus"": ""IMAGIFIED_NOT_STARTED"", ""imagifiedStatusBox"": ""IMAGIFIED_NOT_STARTED"", ""imagifiedStatusFilestack"": ""IMAGIFIED_NOT_STARTED"", ""imagifyStatusLastUpdated"": 1583919623, ""docProcessor"": ""HYBRID"", ""boxStatus"": 2, ""filestackStatus"": 2, ""filestackContentParts"": null, ""boxContentParts"": null}, ""id"": ""1237674722311973493""}",STATUS - 2
"{""ce"": {""type"": 93, ""__last_updated_timestamp__"": 1583919977, ""status"": 31, ""title"": ""Untitled Document"", ""uploadedById"": null, ""uploadedAt"": 1583919970, ""companyId"": ""1211537031860607006"", ""size"": 0, ""contentParts"": 0, ""original_path"": ""1211537031860607006/notePdf/9223370452934805247346b5d09convertedPdf"", ""providerSource"": ""_default"", ""providerSourceId"": null, ""uuid"": null, ""uuid_filestack"": null, ""imagifiedStatus"": ""IMAGIFIED_NOT_STARTED"", ""imagifiedStatusBox"": ""IMAGIFIED_NOT_STARTED"", ""imagifiedStatusFilestack"": ""IMAGIFIED_NOT_STARTED"", ""imagifyStatusLastUpdated"": 1583919970, ""docProcessor"": ""HTML_PDF_LAMBDA"", ""boxStatus"": null, ""filestackStatus"": null, ""filestackContentParts"": null, ""boxContentParts"": null}, ""id"": ""1237676178660129331""}",STATUS - 31
"{""ce"": {""type"": 93, ""__last_updated_timestamp__"": 1583919999, ""status"": 31, ""title"": null, ""uploadedById"": null, ""uploadedAt"": 1583919999, ""companyId"": ""1211537031860607006"", ""size"": 0, ""contentParts"": 0, ""original_path"": ""1211537031860607006/notePdf/9223370452934805247346b5d09convertedPdf"", ""providerSource"": ""_default"", ""providerSourceId"": null, ""uuid"": null, ""uuid_filestack"": null, ""imagifiedStatus"": ""IMAGIFIED_NOT_STARTED"", ""imagifiedStatusBox"": ""IMAGIFIED_NOT_STARTED"", ""imagifiedStatusFilestack"": ""IMAGIFIED_NOT_STARTED"", ""imagifyStatusLastUpdated"": 1583919999, ""docProcessor"": ""HTML_PDF_LAMBDA"", ""boxStatus"": null, ""filestackStatus"": null, ""filestackContentParts"": null, ""boxContentParts"": null}, ""id"": ""1237676297965556662""}",STATUS - 31
"{""ce"": {""type"": 93, ""__last_updated_timestamp__"": 1583920538, ""status"": 31, ""title"": ""Untitled Document"", ""uploadedById"": null, ""uploadedAt"": 1583920004, ""companyId"": ""1211537031860607006"", ""size"": 0, ""contentParts"": 0, ""original_path"": ""1211537031860607006/notePdf/92233704529347712755d738505convertedPdf"", ""providerSource"": ""_default"", ""providerSourceId"": null, ""uuid"": null, ""uuid_filestack"": null, ""imagifiedStatus"": ""IMAGIFIED_NOT_STARTED"", ""imagifiedStatusBox"": ""IMAGIFIED_NOT_STARTED"", ""imagifiedStatusFilestack"": ""IMAGIFIED_NOT_STARTED"", ""imagifyStatusLastUpdated"": 1583920004, ""docProcessor"": ""HTML_PDF_LAMBDA"", ""boxStatus"": null, ""filestackStatus"": null, ""filestackContentParts"": null, ""boxContentParts"": null}, ""id"": ""1237676321146978325""}",STATUS - 31
"{""ce"": {""type"": 93, ""__last_updated_timestamp__"": 1583920560, ""status"": 31, ""title"": null, ""uploadedById"": null, ""uploadedAt"": 1583920560, ""companyId"": ""1211537031860607006"", ""size"": 0, ""contentParts"": 0, ""original_path"": ""1211537031860607006/notePdf/92233704529347712755d738505convertedPdf"", ""providerSource"": ""_default"", ""providerSourceId"": null, ""uuid"": null, ""uuid_filestack"": null, ""imagifiedStatus"": ""IMAGIFIED_NOT_STARTED"", ""imagifiedStatusBox"": ""IMAGIFIED_NOT_STARTED"", ""imagifiedStatusFilestack"": ""IMAGIFIED_NOT_STARTED"", ""imagifyStatusLastUpdated"": 1583920560, ""docProcessor"": ""HTML_PDF_LAMBDA"", ""boxStatus"": null, ""filestackStatus"": null, ""filestackContentParts"": null, ""boxContentParts"": null}, ""id"": ""1237678654853376834""}",STATUS - 31
"{""ce"": {""type"": 93, ""__last_updated_timestamp__"": 1583920642, ""status"": 31, ""title"": ""Untitled Document"", ""uploadedById"": null, ""uploadedAt"": 1583920580, ""companyId"": ""1211537031860607006"", ""size"": 0, ""contentParts"": 0, ""original_path"": ""1211537031860607006/notePdf/92233704529341948810cd09ed7convertedPdf"", ""providerSource"": ""_default"", ""providerSourceId"": null, ""uuid"": null, ""uuid_filestack"": null, ""imagifiedStatus"": ""IMAGIFIED_NOT_STARTED"", ""imagifiedStatusBox"": ""IMAGIFIED_NOT_STARTED"", ""imagifiedStatusFilestack"": ""IMAGIFIED_NOT_STARTED"", ""imagifyStatusLastUpdated"": 1583920580, ""docProcessor"": ""HTML_PDF_LAMBDA"", ""boxStatus"": null, ""filestackStatus"": null, ""filestackContentParts"": null, ""boxContentParts"": null}, ""id"": ""1237678738720268026""}",STATUS - 31
"{""ce"": {""type"": 93, ""__last_updated_timestamp__"": 1583920663, ""status"": 31, ""title"": null, ""uploadedById"": null, ""uploadedAt"": 1583920663, ""companyId"": ""1211537031860607006"", ""size"": 0, ""contentParts"": 0, ""original_path"": ""1211537031860607006/notePdf/92233704529341948810cd09ed7convertedPdf"", ""providerSource"": ""_default"", ""providerSourceId"": null, ""uuid"": null, ""uuid_filestack"": null, ""imagifiedStatus"": ""IMAGIFIED_NOT_STARTED"", ""imagifiedStatusBox"": ""IMAGIFIED_NOT_STARTED"", ""imagifiedStatusFilestack"": ""IMAGIFIED_NOT_STARTED"", ""imagifyStatusLastUpdated"": 1583920663, ""docProcessor"": ""HTML_PDF_LAMBDA"", ""boxStatus"": null, ""filestackStatus"": null, ""filestackContentParts"": null, ""boxContentParts"": null}, ""id"": ""1237679083496798925""}",STATUS - 31
"{""ce"": {""type"": 93, ""__last_updated_timestamp__"": 1583925294, ""status"": 31, ""title"": ""Untitled Document"", ""uploadedById"": null, ""uploadedAt"": 1583920979, ""companyId"": ""1211537031860607006"", ""size"": 0, ""contentParts"": 0, ""original_path"": ""1211537031860607006/notePdf/922337045293379638845f6f8e4convertedPdf"", ""providerSource"": ""_default"", ""providerSourceId"": null, ""uuid"": null, ""uuid_filestack"": null, ""imagifiedStatus"": ""IMAGIFIED_NOT_STARTED"", ""imagifiedStatusBox"": ""IMAGIFIED_NOT_STARTED"", ""imagifiedStatusFilestack"": ""IMAGIFIED_NOT_STARTED"", ""imagifyStatusLastUpdated"": 1583920979, ""docProcessor"": ""HTML_PDF_LAMBDA"", ""boxStatus"": null, ""filestackStatus"": null, ""filestackContentParts"": null, ""boxContentParts"": null}, ""id"": ""1237680410123086661""}",STATUS - 31
"{""ce"": {""type"": 93, ""__last_updated_timestamp__"": 1583923036, ""status"": 31, ""title"": ""Untitled Document"", ""uploadedById"": null, ""uploadedAt"": 1583923030, ""companyId"": ""1211537031860607006"", ""size"": 0, ""contentParts"": 0, ""original_path"": ""1211537031860607006/notePdf/9223370452931745309ea5f6d1cconvertedPdf"", ""providerSource"": ""_default"", ""providerSourceId"": null, ""uuid"": null, ""uuid_filestack"": null, ""imagifiedStatus"": ""IMAGIFIED_NOT_STARTED"", ""imagifiedStatusBox"": ""IMAGIFIED_NOT_STARTED"", ""imagifiedStatusFilestack"": ""IMAGIFIED_NOT_STARTED"", ""imagifyStatusLastUpdated"": 1583923030, ""docProcessor"": ""HTML_PDF_LAMBDA"", ""boxStatus"": null, ""filestackStatus"": null, ""filestackContentParts"": null, ""boxContentParts"": null}, ""id"": ""1237689012971814199""}",STATUS - 31
"{""ce"": {""type"": 93, ""__last_updated_timestamp__"": 1583923058, ""status"": 31, ""title"": null, ""uploadedById"": null, ""uploadedAt"": 1583923058, ""companyId"": ""1211537031860607006"", ""size"": 0, ""contentParts"": 0, ""original_path"": ""1211537031860607006/notePdf/9223370452931745309ea5f6d1cconvertedPdf"", ""providerSource"": ""_default"", ""providerSourceId"": null, ""uuid"": null, ""uuid_filestack"": null, ""imagifiedStatus"": ""IMAGIFIED_NOT_STARTED"", ""imagifiedStatusBox"": ""IMAGIFIED_NOT_STARTED"", ""imagifiedStatusFilestack"": ""IMAGIFIED_NOT_STARTED"", ""imagifyStatusLastUpdated"": 1583923058, ""docProcessor"": ""HTML_PDF_LAMBDA"", ""boxStatus"": null, ""filestackStatus"": null, ""filestackContentParts"": null, ""boxContentParts"": null}, ""id"": ""1237689129516642428""}",STATUS - 31
"{""ce"": {""type"": 93, ""__last_updated_timestamp__"": 1583923085, ""status"": 31, ""title"": ""Untitled Document.pdf"", ""uploadedById"": null, ""uploadedAt"": 1583923085, ""companyId"": ""1211537031860607006"", ""size"": 0, ""contentParts"": 0, ""original_path"": ""1211537031860607006/notePdf/9223370452931690458493af276convertedPdf"", ""providerSource"": ""_default"", ""providerSourceId"": null, ""uuid"": null, ""uuid_filestack"": null, ""imagifiedStatus"": ""IMAGIFIED_NOT_STARTED"", ""imagifiedStatusBox"": ""IMAGIFIED_NOT_STARTED"", ""imagifiedStatusFilestack"": ""IMAGIFIED_NOT_STARTED"", ""imagifyStatusLastUpdated"": 1583923085, ""docProcessor"": ""HTML_PDF_LAMBDA"", ""boxStatus"": null, ""filestackStatus"": null, ""filestackContentParts"": null, ""boxContentParts"": null}, ""id"": ""1237689243030001336""}",STATUS - 31
"{""ce"": {""type"": 93, ""__last_updated_timestamp__"": 1583925316, ""status"": 31, ""title"": null, ""uploadedById"": null, ""uploadedAt"": 1583925316, ""companyId"": ""1211537031860607006"", ""size"": 0, ""contentParts"": 0, ""original_path"": ""1211537031860607006/notePdf/922337045293379638845f6f8e4convertedPdf"", ""providerSource"": ""_default"", ""providerSourceId"": null, ""uuid"": null, ""uuid_filestack"": null, ""imagifiedStatus"": ""IMAGIFIED_NOT_STARTED"", ""imagifiedStatusBox"": ""IMAGIFIED_NOT_STARTED"", ""imagifiedStatusFilestack"": ""IMAGIFIED_NOT_STARTED"", ""imagifyStatusLastUpdated"": 1583925316, ""docProcessor"": ""HTML_PDF_LAMBDA"", ""boxStatus"": null, ""filestackStatus"": null, ""filestackContentParts"": null, ""boxContentParts"": null}, ""id"": ""1237698600877321459""}",STATUS - 31
"{""ce"": {""type"": 93, ""__last_updated_timestamp__"": 1583926558, ""status"": 31, ""title"": ""Untitled Document"", ""uploadedById"": null, ""uploadedAt"": 1583925321, ""companyId"": ""1211537031860607006"", ""size"": 0, ""contentParts"": 0, ""original_path"": ""1211537031860607006/notePdf/9223370452929454230cf986ce0convertedPdf"", ""providerSource"": ""_default"", ""providerSourceId"": null, ""uuid"": null, ""uuid_filestack"": null, ""imagifiedStatus"": ""IMAGIFIED_NOT_STARTED"", ""imagifiedStatusBox"": ""IMAGIFIED_NOT_STARTED"", ""imagifiedStatusFilestack"": ""IMAGIFIED_NOT_STARTED"", ""imagifyStatusLastUpdated"": 1583925321, ""docProcessor"": ""HTML_PDF_LAMBDA"", ""boxStatus"": null, ""filestackStatus"": null, ""filestackContentParts"": null, ""boxContentParts"": null}, ""id"": ""1237698622448072699""}",STATUS - 31
"{""ce"": {""type"": 93, ""__last_updated_timestamp__"": 1583926579, ""status"": 31, ""title"": null, ""uploadedById"": null, ""uploadedAt"": 1583926579, ""companyId"": ""1211537031860607006"", ""size"": 0, ""contentParts"": 0, ""original_path"": ""1211537031860607006/notePdf/9223370452929454230cf986ce0convertedPdf"", ""providerSource"": ""_default"", ""providerSourceId"": null, ""uuid"": null, ""uuid_filestack"": null, ""imagifiedStatus"": ""IMAGIFIED_NOT_STARTED"", ""imagifiedStatusBox"": ""IMAGIFIED_NOT_STARTED"", ""imagifiedStatusFilestack"": ""IMAGIFIED_NOT_STARTED"", ""imagifyStatusLastUpdated"": 1583926579, ""docProcessor"": ""HTML_PDF_LAMBDA"", ""boxStatus"": null, ""filestackStatus"": null, ""filestackContentParts"": null, ""boxContentParts"": null}, ""id"": ""1237703898488548288""}",STATUS - 31
"{""ce"": {""type"": 94, ""__last_updated_timestamp__"": 1586177740, ""status"": 2, ""title"": ""Presentations-Tips.ppt"", ""uploadedById"": ""49755bb4a8b3255a"", ""uploadedAt"": 1586177737, ""companyId"": ""1211537031860607006"", ""size"": 146944, ""contentParts"": 0, ""original_path"": ""1211537031860607006/1586177730812PresentationsTips.ppt"", ""providerSource"": ""_default"", ""providerSourceId"": null, ""uuid"": null, ""uuid_filestack"": ""0"", ""imagifiedStatus"": ""IMAGIFIED_NOT_STARTED"", ""imagifiedStatusBox"": ""IMAGIFIED_NOT_STARTED"", ""imagifiedStatusFilestack"": ""IMAGIFIED_FAILED"", ""imagifyStatusLastUpdated"": 1586177734, ""docProcessor"": ""HYBRID"", ""boxStatus"": 2, ""filestackStatus"": 3, ""filestackContentParts"": null, ""boxContentParts"": null}, ""id"": ""1247145926160465394""}",STATUS - 2
"{""ce"": {""type"": 93, ""__last_updated_timestamp__"": 1593688136, ""status"": 2, ""title"": ""cleartax-invoice.pdf"", ""uploadedById"": ""49755bb4a8b3255a"", ""uploadedAt"": 1593688136, ""companyId"": ""1211537031860607006"", ""size"": 4686, ""contentParts"": 0, ""original_path"": ""1211537031860607006/1593688128962cleartaxinvoice.pdf"", ""providerSource"": ""_default"", ""providerSourceId"": null, ""mediaSource"": null, ""uuid"": null, ""uuid_filestack"": null, ""imagifiedStatus"": ""IMAGIFIED_NOT_STARTED"", ""imagifiedStatusBox"": ""IMAGIFIED_NOT_STARTED"", ""imagifiedStatusFilestack"": ""IMAGIFIED_NOT_STARTED"", ""imagifyStatusLastUpdated"": 1593688130, ""docProcessor"": ""HYBRID"", ""boxStatus"": 2, ""filestackStatus"": 2, ""filestackContentParts"": null, ""boxContentParts"": null}, ""id"": ""1278646812445840073""}",STATUS - 2
"{""ce"": {""filestackStatus"": null, ""filestackContentParts"": null, ""boxContentParts"": null, ""providerSourceId"": null, ""imagifiedStatusFilestack"": ""IMAGIFIED_NOT_STARTED"", ""type"": 93, ""title"": null, ""uuid"": null, ""imagifyStatusLastUpdated"": 1607939148, ""imagifiedStatusBox"": ""IMAGIFIED_NOT_STARTED"", ""boxStatus"": null, ""uploadedById"": null, ""companyId"": ""1211537031860607006"", ""providerSource"": ""_default"", ""size"": 0, ""imagifiedStatus"": ""IMAGIFIED_NOT_STARTED"", ""uploadedAt"": 1607939148, ""__last_updated_timestamp__"": 1607939148, ""original_path"": ""1211537031860607006/notePdf/9223370428915626890668afa26convertedPdf"", ""docProcessor"": ""HTML_PDF_LAMBDA"", ""mediaSource"": null, ""status"": 31, ""contentParts"": 0, ""uuid_filestack"": null}, ""id"": ""1338419914519433991""}",STATUS - 31
"{""ce"": {""filestackStatus"": null, ""filestackContentParts"": null, ""boxContentParts"": null, ""providerSourceId"": null, ""imagifiedStatusFilestack"": ""IMAGIFIED_NOT_STARTED"", ""type"": 93, ""title"": null, ""uuid"": null, ""imagifyStatusLastUpdated"": 1608021770, ""imagifiedStatusBox"": ""IMAGIFIED_NOT_STARTED"", ""boxStatus"": null, ""uploadedById"": null, ""companyId"": ""1211537031860607006"", ""providerSource"": ""_default"", ""size"": 0, ""imagifiedStatus"": ""IMAGIFIED_NOT_STARTED"", ""uploadedAt"": 1608021770, ""__last_updated_timestamp__"": 1608021770, ""original_path"": ""1211537031860607006/notePdf/9223370428833004822545c3b72convertedPdf"", ""docProcessor"": ""HTML_PDF_LAMBDA"", ""mediaSource"": null, ""status"": 31, ""contentParts"": 0, ""uuid_filestack"": null}, ""id"": ""1338766456589460161""}",STATUS - 31
"{""ce"": {""filestackStatus"": null, ""filestackContentParts"": null, ""boxContentParts"": null, ""providerSourceId"": null, ""imagifiedStatusFilestack"": ""IMAGIFIED_NOT_STARTED"", ""type"": 93, ""title"": null, ""uuid"": null, ""imagifyStatusLastUpdated"": 1608091985, ""imagifiedStatusBox"": ""IMAGIFIED_NOT_STARTED"", ""boxStatus"": null, ""uploadedById"": null, ""companyId"": ""1211537031860607006"", ""providerSource"": ""_default"", ""size"": 0, ""imagifiedStatus"": ""IMAGIFIED_NOT_STARTED"", ""uploadedAt"": 1608091985, ""__last_updated_timestamp__"": 1608091985, ""original_path"": ""1211537031860607006/notePdf/92233704287627904979cc4488econvertedPdf"", ""docProcessor"": ""HTML_PDF_LAMBDA"", ""mediaSource"": null, ""status"": 31, ""contentParts"": 0, ""uuid_filestack"": null}, ""id"": ""1339060956813579057""}",STATUS - 31
"{""ce"": {""filestackContentParts"": null, ""boxContentParts"": null, ""providerSourceId"": null, ""imagifiedStatusFilestack"": ""IMAGIFIED_NOT_STARTED"", ""type"": 93, ""title"": null, ""uuid"": null, ""imagifyStatusLastUpdated"": 1612770416, ""imagifiedStatusBox"": ""IMAGIFIED_NOT_STARTED"", ""providerSource"": ""_default"", ""distributionPathMap"": {}, ""imagificatitonBasePath"": null, ""__last_updated_timestamp__"": 1612770416, ""original_path"": ""1211537031860607006/notePdf/92233704240843591432173c3b5convertedPdf"", ""docProcessor"": ""HTML_PDF_LAMBDA"", ""contentParts"": 0, ""uuid_filestack"": null, ""filestackStatus"": null, ""boxStatus"": null, ""uploadedById"": null, ""companyId"": ""1211537031860607006"", ""size"": 0, ""imagifiedStatus"": ""IMAGIFIED_NOT_STARTED"", ""uploadedAt"": 1612770416, ""mediaSource"": null, ""status"": 31}, ""id"": ""1358683720151802593""}",STATUS - 31
"{""ce"": {""filestackContentParts"": null, ""boxContentParts"": null, ""providerSourceId"": null, ""imagifiedStatusFilestack"": ""IMAGIFIED_FAILED"", ""type"": 94, ""title"": ""pptx2.pptx"", ""uuid"": null, ""imagifyStatusLastUpdated"": 1612956230, ""imagifiedStatusBox"": ""IMAGIFIED_NOT_STARTED"", ""reflowPath"": null, ""reflowData"": null, ""providerSource"": ""_default"", ""distributionPathMap"": {}, ""imagificatitonBasePath"": null, ""__last_updated_timestamp__"": 1612956230, ""original_path"": ""1211537031860607006/1612956178015pptx2.pptx"", ""docProcessor"": ""HYBRID"", ""contentParts"": 0, ""uuid_filestack"": ""3ZetQPbYQ7iumjj5pAeP"", ""filestackStatus"": 3, ""boxStatus"": 2, ""uploadedById"": ""4b2b8126b3925e29"", ""companyId"": ""1211537031860607006"", ""size"": 6025341, ""imagifiedStatus"": ""IMAGIFIED_NOT_STARTED"", ""uploadedAt"": 1612956186, ""mediaSource"": null, ""status"": 2}, ""id"": ""1359462886826894851""}",STATUS - 2
