mtgame-cdn.mindtickle.com,1282969819443079556/user/4b70ec1dc731b94a/1594720377649_4b70ec1dc731b94a_SamplePPTFile_500kbppt.ppt,mt-picasso-asia-singapore,1282969818431751597444555/1282969819443079556/DOCUMENT21020113332625325692/1594720377649_4b70ec1dc731b94a_SamplePPTFile_500kbppt.ppt,An error occurred (404) when calling the HeadObject operation: Not Found
mtdocs-box-processed,1282976609833223363/doc.pdf,mt-picasso-asia-singapore,1282969818431751597444555/1282969819443079556/DOCUMENT210201133326253388297/doc.pdf,An error occurred (404) when calling the HeadObject operation: Not Found
mtdocs-box-processed,1282976609833223363/images/thumbnail-master-0.png,mt-picasso-asia-singapore,1282969818431751597444555/1282969819443079556/IMAGE210201133326253436177/thumbnail-master-0.png,An error occurred (404) when calling the HeadObject operation: Not Found
mtgame-cdn.mindtickle.com,1282969819443079556/user/4b70ec1dc731b94a/1594721073444_4b70ec1dc731b94a_HPCLearningCurriculum_Partner_July2020pdf.pdf,mt-picasso-asia-singapore,1282969818431751597444555/1282969819443079556/DOCUMENT210201133326253742240/1594721073444_4b70ec1dc731b94a_HPCLearningCurriculum_Partner_July2020pdf.pdf,An error occurred (404) when calling the HeadObject operation: Not Found
mtdocs-box-processed,1282979527443495833/doc.pdf,mt-picasso-asia-singapore,1282969818431751597444555/1282969819443079556/DOCUMENT210201133326253799318/doc.pdf,An error occurred (404) when calling the HeadObject operation: Not Found
mtdocs-box-processed,1282979527443495833/images/thumbnail-master-0.png,mt-picasso-asia-singapore,1282969818431751597444555/1282969819443079556/IMAGE210201133326253839426/thumbnail-master-0.png,An error occurred (404) when calling the HeadObject operation: Not Found
mtgame-cdn.mindtickle.com,1282969819443079556/user/4b70ec1dc731b94a/1594721207533_4b70ec1dc731b94a_SamplePPTFile_1000kbppt.ppt,mt-picasso-asia-singapore,1282969818431751597444555/1282969819443079556/DOCUMENT210201133326254136441/1594721207533_4b70ec1dc731b94a_SamplePPTFile_1000kbppt.ppt,An error occurred (404) when calling the HeadObject operation: Not Found
mtdocs-box-processed,1282980113902914848/doc.pdf,mt-picasso-asia-singapore,1282969818431751597444555/1282969819443079556/DOCUMENT21020113332625419553/doc.pdf,An error occurred (404) when calling the HeadObject operation: Not Found
mtdocs-box-processed,1282980113902914848/images/thumbnail-master-0.png,mt-picasso-asia-singapore,1282969818431751597444555/1282969819443079556/IMAGE210201133326254235349/thumbnail-master-0.png,An error occurred (404) when calling the HeadObject operation: Not Found
mtgame-cdn.mindtickle.com,1282969819443079556/user/4b70ec1dc731b94a/test_drafts_vos_cc/1/audio/1594723330937.webm,mt-picasso-asia-singapore,1282969818431751597444555/1282969819443079556/AUDIO210201133326254540275/1594723330937.webm,An error occurred (404) when calling the HeadObject operation: Not Found
mtstreaming-cdn.mindtickle.com,1282969819443079556/user/4b70ec1dc731b94a/test_drafts_vos_cc/1/audio/1594723330937.webm/mp3/1.mp3,mt-picasso-asia-singapore,1282969818431751597444555/1282969819443079556/AUDIO21020113332625460074/1.mp3,An error occurred (404) when calling the HeadObject operation: Not Found
mtgame-cdn.mindtickle.com,1282969819443079556/user/4b70ec1dc731b94a/test_drafts_vos_cc/2/audio/1594724150526.webm,mt-picasso-asia-singapore,1282969818431751597444555/1282969819443079556/AUDIO210201133326254810115/1594724150526.webm,An error occurred (404) when calling the HeadObject operation: Not Found
mtstreaming-cdn.mindtickle.com,1282969819443079556/user/4b70ec1dc731b94a/test_drafts_vos_cc/2/audio/1594724150526.webm/mp3/1.mp3,mt-picasso-asia-singapore,1282969818431751597444555/1282969819443079556/AUDIO210201133326254869385/1.mp3,An error occurred (404) when calling the HeadObject operation: Not Found
mtgame-cdn.mindtickle.com,1282969819443079556/user/4b70ec1dc731b94a/1594724336513_4b70ec1dc731b94a_majorpdf.pdf,mt-picasso-asia-singapore,1282969818431751597444555/1282969819443079556/DOCUMENT210201133326255054263/1594724336513_4b70ec1dc731b94a_majorpdf.pdf,An error occurred (404) when calling the HeadObject operation: Not Found
mtdocs-box-processed,1282993151068284402/doc.pdf,mt-picasso-asia-singapore,1282969818431751597444555/1282969819443079556/DOCUMENT210201133326255109227/doc.pdf,An error occurred (404) when calling the HeadObject operation: Not Found
mtdocs-box-processed,1282993151068284402/images/thumbnail-master-0.png,mt-picasso-asia-singapore,1282969818431751597444555/1282969819443079556/IMAGE210201133326255150453/thumbnail-master-0.png,An error occurred (404) when calling the HeadObject operation: Not Found
mtgame-cdn.mindtickle.com,1282969819443079556/user/4b70ec1dc731b94a/1594785915044_4b70ec1dc731b94a_majorpdf.pdf,mt-picasso-asia-singapore,1282969818431751597444555/1282969819443079556/DOCUMENT210201133326255448455/1594785915044_4b70ec1dc731b94a_majorpdf.pdf,An error occurred (404) when calling the HeadObject operation: Not Found
mtdocs-box-processed,1283251504744303514/doc.pdf,mt-picasso-asia-singapore,1282969818431751597444555/1282969819443079556/DOCUMENT210201133326255509382/doc.pdf,An error occurred (404) when calling the HeadObject operation: Not Found
mtdocs-box-processed,1283251504744303514/images/thumbnail-master-0.png,mt-picasso-asia-singapore,1282969818431751597444555/1282969819443079556/IMAGE21020113332625554923/thumbnail-master-0.png,An error occurred (404) when calling the HeadObject operation: Not Found
mtgame-cdn.mindtickle.com,1282969819443079556/user/4b70ec1dc731b94a/1594789394807_4b70ec1dc731b94a_file_example_WAV_1MGoga.oga,mt-picasso-asia-singapore,1282969818431751597444555/1282969819443079556/AUDIO21020113332625583274/1594789394807_4b70ec1dc731b94a_file_example_WAV_1MGoga.oga,An error occurred (404) when calling the HeadObject operation: Not Found
mtstreaming-cdn.mindtickle.com,1282969819443079556/user/4b70ec1dc731b94a/1594789394807_4b70ec1dc731b94a_file_example_WAV_1MGoga.oga/mp3/1.mp3,mt-picasso-asia-singapore,1282969818431751597444555/1282969819443079556/AUDIO210201133326255884264/1.mp3,An error occurred (404) when calling the HeadObject operation: Not Found
mtgame-cdn.mindtickle.com,1282969819443079556/310814303949200763/1594789473_BOS15thFirst_concat_audio.mp3,mt-picasso-asia-singapore,1282969818431751597444555/1282969819443079556/AUDIO210201133326256121279/1594789473_BOS15thFirst_concat_audio.mp3,An error occurred (404) when calling the HeadObject operation: Not Found
mtstreaming-cdn.mindtickle.com,1282969819443079556/310814303949200763/1594789473_BOS15thFirst_concat_audio.mp3/mp3/1.mp3,mt-picasso-asia-singapore,1282969818431751597444555/1282969819443079556/AUDIO210201133326256172349/1.mp3,An error occurred (404) when calling the HeadObject operation: Not Found
mtgame-cdn.mindtickle.com,1282969819443079556/user/4b70ec1dc731b94a/1594793412438_4b70ec1dc731b94a_g0fvpqxezeaac.aac,mt-picasso-asia-singapore,1282969818431751597444555/1282969819443079556/AUDIO210201133326256338116/1594793412438_4b70ec1dc731b94a_g0fvpqxezeaac.aac,An error occurred (404) when calling the HeadObject operation: Not Found
mtstreaming-cdn.mindtickle.com,1282969819443079556/user/4b70ec1dc731b94a/1594793412438_4b70ec1dc731b94a_g0fvpqxezeaac.aac/mp3/1.mp3,mt-picasso-asia-singapore,1282969818431751597444555/1282969819443079556/AUDIO210201133326256386147/1.mp3,An error occurred (404) when calling the HeadObject operation: Not Found
mtgame-cdn.mindtickle.com,1282969819443079556/user/4b70ec1dc731b94a/1594793591959_4b70ec1dc731b94a_sample2pdf.pdf,mt-picasso-asia-singapore,1282969818431751597444555/1282969819443079556/DOCUMENT210201133326570317448/1594793591959_4b70ec1dc731b94a_sample2pdf.pdf,An error occurred (404) when calling the HeadObject operation: Not Found
mtdocs-box-processed,1283283654560775586/doc.pdf,mt-picasso-asia-singapore,1282969818431751597444555/1282969819443079556/DOCUMENT210201133326570471451/doc.pdf,An error occurred (404) when calling the HeadObject operation: Not Found
mtdocs-box-processed,1283283654560775586/images/thumbnail-master-0.png,mt-picasso-asia-singapore,1282969818431751597444555/1282969819443079556/IMAGE210201133326570523158/thumbnail-master-0.png,An error occurred (404) when calling the HeadObject operation: Not Found
mtgame-cdn.mindtickle.com,1282969819443079556/user/4b70ec1dc731b94a/1594793604882_4b70ec1dc731b94a_SamplePPTFile_500kbppt.ppt,mt-picasso-asia-singapore,1282969818431751597444555/1282969819443079556/DOCUMENT21020113332657079128/1594793604882_4b70ec1dc731b94a_SamplePPTFile_500kbppt.ppt,An error occurred (404) when calling the HeadObject operation: Not Found
mtdocs-box-processed,1283283752404259103/doc.pdf,mt-picasso-asia-singapore,1282969818431751597444555/1282969819443079556/DOCUMENT210201133326570855174/doc.pdf,An error occurred (404) when calling the HeadObject operation: Not Found
mtdocs-box-processed,1283283752404259103/images/thumbnail-master-0.png,mt-picasso-asia-singapore,1282969818431751597444555/1282969819443079556/IMAGE210201133326570901120/thumbnail-master-0.png,An error occurred (404) when calling the HeadObject operation: Not Found
mtgame-cdn.mindtickle.com,1282969819443079556/user/4b70ec1dc731b94a/1594797266724_4b70ec1dc731b94a_SamplePPTFile_500kbppt.ppt,mt-picasso-asia-singapore,1282969818431751597444555/1282969819443079556/DOCUMENT210201133326571316146/1594797266724_4b70ec1dc731b94a_SamplePPTFile_500kbppt.ppt,An error occurred (404) when calling the HeadObject operation: Not Found
mtdocs-box-processed,1283299091206264260/doc.pdf,mt-picasso-asia-singapore,1282969818431751597444555/1282969819443079556/DOCUMENT210201133326571408457/doc.pdf,An error occurred (404) when calling the HeadObject operation: Not Found
mtdocs-box-processed,1283299091206264260/images/thumbnail-master-0.png,mt-picasso-asia-singapore,1282969818431751597444555/1282969819443079556/IMAGE210201133326571456121/thumbnail-master-0.png,An error occurred (404) when calling the HeadObject operation: Not Found
mtgame-cdn.mindtickle.com,1282969819443079556/user/4b70ec1dc731b94a/1594797277226_4b70ec1dc731b94a_sample2pdf.pdf,mt-picasso-asia-singapore,1282969818431751597444555/1282969819443079556/DOCUMENT210201133326571871464/1594797277226_4b70ec1dc731b94a_sample2pdf.pdf,An error occurred (404) when calling the HeadObject operation: Not Found
mtdocs-box-processed,1283299158819964336/doc.pdf,mt-picasso-asia-singapore,1282969818431751597444555/1282969819443079556/DOCUMENT210201133326571949317/doc.pdf,An error occurred (404) when calling the HeadObject operation: Not Found
mtdocs-box-processed,1283299158819964336/images/thumbnail-master-0.png,mt-picasso-asia-singapore,1282969818431751597444555/1282969819443079556/IMAGE21020113332657199640/thumbnail-master-0.png,An error occurred (404) when calling the HeadObject operation: Not Found
mtgame-cdn.mindtickle.com,1282969819443079556/user/4b70ec1dc731b94a/1594811401397_4b70ec1dc731b94a_Sample1PDF.pdf,mt-picasso-asia-singapore,1282969818431751597444555/1282969819443079556/DOCUMENT210201133326572251321/1594811401397_4b70ec1dc731b94a_Sample1PDF.pdf,An error occurred (404) when calling the HeadObject operation: Not Found
mtdocs-box-processed,1283358411751111131/doc.pdf,mt-picasso-asia-singapore,1282969818431751597444555/1282969819443079556/DOCUMENT210201133326572321301/doc.pdf,An error occurred (404) when calling the HeadObject operation: Not Found
mtdocs-box-processed,1283358411751111131/images/thumbnail-master-0.png,mt-picasso-asia-singapore,1282969818431751597444555/1282969819443079556/IMAGE210201133326572367358/thumbnail-master-0.png,An error occurred (404) when calling the HeadObject operation: Not Found
mtgame-cdn.mindtickle.com,1282969819443079556/310851253552847850/1594811652_VOSkaamkarnachaiye_concat_audio.mp3,mt-picasso-asia-singapore,1282969818431751597444555/1282969819443079556/AUDIO210201133326572617281/1594811652_VOSkaamkarnachaiye_concat_audio.mp3,An error occurred (404) when calling the HeadObject operation: Not Found
mtstreaming-cdn.mindtickle.com,1282969819443079556/310851253552847850/1594811652_VOSkaamkarnachaiye_concat_audio.mp3/mp3/1.mp3,mt-picasso-asia-singapore,1282969818431751597444555/1282969819443079556/AUDIO210201133326572687328/1.mp3,An error occurred (404) when calling the HeadObject operation: Not Found
mtgame-cdn.mindtickle.com,1282969819443079556/310851253552847850/1594811753_VOSkaamkarnachaiye_concat_audio.mp3,mt-picasso-asia-singapore,1282969818431751597444555/1282969819443079556/AUDIO21020113332657288436/1594811753_VOSkaamkarnachaiye_concat_audio.mp3,An error occurred (404) when calling the HeadObject operation: Not Found
mtstreaming-cdn.mindtickle.com,1282969819443079556/310851253552847850/1594811753_VOSkaamkarnachaiye_concat_audio.mp3/mp3/1.mp3,mt-picasso-asia-singapore,1282969818431751597444555/1282969819443079556/AUDIO210201133326572939426/1.mp3,An error occurred (404) when calling the HeadObject operation: Not Found
mtgame-cdn.mindtickle.com,1282969819443079556/user/4b70ec1dc731b94a/1594896250069_4b70ec1dc731b94a_g0fvpqxezeaac.aac,mt-picasso-asia-singapore,1282969818431751597444555/1282969819443079556/AUDIO210201133326573204307/1594896250069_4b70ec1dc731b94a_g0fvpqxezeaac.aac,An error occurred (404) when calling the HeadObject operation: Not Found
mtstreaming-cdn.mindtickle.com,1282969819443079556/user/4b70ec1dc731b94a/1594896250069_4b70ec1dc731b94a_g0fvpqxezeaac.aac/mp3/1.mp3,mt-picasso-asia-singapore,1282969818431751597444555/1282969819443079556/AUDIO210201133326573264209/1.mp3,An error occurred (404) when calling the HeadObject operation: Not Found
mtgame-cdn.mindtickle.com,1282969819443079556/user/4b70ec1dc731b94a/1594896264897_4b70ec1dc731b94a_file_example_WAV_1MGoga.oga,mt-picasso-asia-singapore,1282969818431751597444555/1282969819443079556/AUDIO210201133326573459490/1594896264897_4b70ec1dc731b94a_file_example_WAV_1MGoga.oga,An error occurred (404) when calling the HeadObject operation: Not Found
mtstreaming-cdn.mindtickle.com,1282969819443079556/user/4b70ec1dc731b94a/1594896264897_4b70ec1dc731b94a_file_example_WAV_1MGoga.oga/mp3/1.mp3,mt-picasso-asia-singapore,1282969818431751597444555/1282969819443079556/AUDIO210201133326573517253/1.mp3,An error occurred (404) when calling the HeadObject operation: Not Found
mtgame-cdn.mindtickle.com,1282969819443079556/user/4b70ec1dc731b94a/1594896276222_4b70ec1dc731b94a_file_example_OOG_1MGogg.ogg,mt-picasso-asia-singapore,1282969818431751597444555/1282969819443079556/AUDIO210201133326573709114/1594896276222_4b70ec1dc731b94a_file_example_OOG_1MGogg.ogg,An error occurred (404) when calling the HeadObject operation: Not Found
mtstreaming-cdn.mindtickle.com,1282969819443079556/user/4b70ec1dc731b94a/1594896276222_4b70ec1dc731b94a_file_example_OOG_1MGogg.ogg/mp3/1.mp3,mt-picasso-asia-singapore,1282969818431751597444555/1282969819443079556/AUDIO21020113332657376671/1.mp3,An error occurred (404) when calling the HeadObject operation: Not Found
mtgame-cdn.mindtickle.com,1282969819443079556/user/4b70ec1dc731b94a/1594896287659_4b70ec1dc731b94a_AudioSample1234m4a.m4a,mt-picasso-asia-singapore,1282969818431751597444555/1282969819443079556/AUDIO210201133326887848197/1594896287659_4b70ec1dc731b94a_AudioSample1234m4a.m4a,An error occurred (404) when calling the HeadObject operation: Not Found
mtstreaming-cdn.mindtickle.com,1282969819443079556/user/4b70ec1dc731b94a/1594896287659_4b70ec1dc731b94a_AudioSample1234m4a.m4a/mp3/1.mp3,mt-picasso-asia-singapore,1282969818431751597444555/1282969819443079556/AUDIO210201133326887960339/1.mp3,An error occurred (404) when calling the HeadObject operation: Not Found
mtgame-cdn.mindtickle.com,1282969819443079556/user/4b70ec1dc731b94a/1594896298338_4b70ec1dc731b94a_file_example_MP3_1MGmp3.mp3,mt-picasso-asia-singapore,1282969818431751597444555/1282969819443079556/AUDIO210201133326888260165/1594896298338_4b70ec1dc731b94a_file_example_MP3_1MGmp3.mp3,An error occurred (404) when calling the HeadObject operation: Not Found
mtstreaming-cdn.mindtickle.com,1282969819443079556/user/4b70ec1dc731b94a/1594896298338_4b70ec1dc731b94a_file_example_MP3_1MGmp3.mp3/mp3/1.mp3,mt-picasso-asia-singapore,1282969818431751597444555/1282969819443079556/AUDIO210201133326888336265/1.mp3,An error occurred (404) when calling the HeadObject operation: Not Found
mtgame-cdn.mindtickle.com,1282969819443079556/user/4b70ec1dc731b94a/1594902095941_4b70ec1dc731b94a_Thequickbrownfoxjumpsoverthelazydogforfood_12doc.doc,mt-picasso-asia-singapore,1282969818431751597444555/1282969819443079556/DOCUMENT210201133326888600403/1594902095941_4b70ec1dc731b94a_Thequickbrownfoxjumpsoverthelazydogforfood_12doc.doc,An error occurred (404) when calling the HeadObject operation: Not Found
mtdocs-box-processed,1283738721077149359/doc.pdf,mt-picasso-asia-singapore,1282969818431751597444555/1282969819443079556/DOCUMENT210201133326888682145/doc.pdf,An error occurred (404) when calling the HeadObject operation: Not Found
mtdocs-box-processed,1283738721077149359/images/thumbnail-master-0.png,mt-picasso-asia-singapore,1282969818431751597444555/1282969819443079556/IMAGE210201133326888744267/thumbnail-master-0.png,An error occurred (404) when calling the HeadObject operation: Not Found
mtgame-cdn.mindtickle.com,1282969819443079556/user/4b70ec1dc731b94a/1594902106705_4b70ec1dc731b94a_filesample_100kBdocx.docx,mt-picasso-asia-singapore,1282969818431751597444555/1282969819443079556/DOCUMENT210201133326889057307/1594902106705_4b70ec1dc731b94a_filesample_100kBdocx.docx,An error occurred (404) when calling the HeadObject operation: Not Found
mtdocs-box-processed,1283738817709133985/doc.pdf,mt-picasso-asia-singapore,1282969818431751597444555/1282969819443079556/DOCUMENT210201133326889133425/doc.pdf,An error occurred (404) when calling the HeadObject operation: Not Found
mtdocs-box-processed,1283738817709133985/images/thumbnail-master-0.png,mt-picasso-asia-singapore,1282969818431751597444555/1282969819443079556/IMAGE21020113332688918799/thumbnail-master-0.png,An error occurred (404) when calling the HeadObject operation: Not Found
mtgame-cdn.mindtickle.com,1282969819443079556/user/4b70ec1dc731b94a/1594902119177_4b70ec1dc731b94a_xlsdemo2pdf.pdf,mt-picasso-asia-singapore,1282969818431751597444555/1282969819443079556/DOCUMENT210201133326889559129/1594902119177_4b70ec1dc731b94a_xlsdemo2pdf.pdf,An error occurred (404) when calling the HeadObject operation: Not Found
mtdocs-box-processed,1283738864264612196/doc.pdf,mt-picasso-asia-singapore,1282969818431751597444555/1282969819443079556/DOCUMENT210201133326889631181/doc.pdf,An error occurred (404) when calling the HeadObject operation: Not Found
mtdocs-box-processed,1283738864264612196/images/thumbnail-master-0.png,mt-picasso-asia-singapore,1282969818431751597444555/1282969819443079556/IMAGE210201133326889690207/thumbnail-master-0.png,An error occurred (404) when calling the HeadObject operation: Not Found
mtgame-cdn.mindtickle.com,1282969819443079556/user/4b70ec1dc731b94a/1594902332596_4b70ec1dc731b94a_SamplePPTFile_1000kbppt.ppt,mt-picasso-asia-singapore,1282969818431751597444555/1282969819443079556/DOCUMENT21020113332689013733/1594902332596_4b70ec1dc731b94a_SamplePPTFile_1000kbppt.ppt,An error occurred (404) when calling the HeadObject operation: Not Found
mtdocs-box-processed,1283739785405428729/doc.pdf,mt-picasso-asia-singapore,1282969818431751597444555/1282969819443079556/DOCUMENT210201133326890198171/doc.pdf,An error occurred (404) when calling the HeadObject operation: Not Found
mtdocs-box-processed,1283739785405428729/images/thumbnail-master-0.png,mt-picasso-asia-singapore,1282969818431751597444555/1282969819443079556/IMAGE210201133326890242402/thumbnail-master-0.png,An error occurred (404) when calling the HeadObject operation: Not Found
mtgame-cdn.mindtickle.com,1282969819443079556/user/4b70ec1dc731b94a/1594902559991_4b70ec1dc731b94a_samplepptxpptx.pptx,mt-picasso-asia-singapore,1282969818431751597444555/1282969819443079556/DOCUMENT210201133326890542131/1594902559991_4b70ec1dc731b94a_samplepptxpptx.pptx,An error occurred (404) when calling the HeadObject operation: Not Found
mtdocs-box-processed,1283740728423036437/doc.pdf,mt-picasso-asia-singapore,1282969818431751597444555/1282969819443079556/DOCUMENT210201133326890600261/doc.pdf,An error occurred (404) when calling the HeadObject operation: Not Found
mtdocs-box-processed,1283740728423036437/images/thumbnail-master-0.png,mt-picasso-asia-singapore,1282969818431751597444555/1282969819443079556/IMAGE21020113332689064320/thumbnail-master-0.png,An error occurred (404) when calling the HeadObject operation: Not Found
mtgame-cdn.mindtickle.com,1282969819443079556/user/4b70ec1dc731b94a/1594902570560_4b70ec1dc731b94a_SampleQuestionUploadxls.xls,mt-picasso-asia-singapore,1282969818431751597444555/1282969819443079556/DOCUMENT210201133326890934158/1594902570560_4b70ec1dc731b94a_SampleQuestionUploadxls.xls,An error occurred (404) when calling the HeadObject operation: Not Found
mtdocs-box-processed,1283740805163953346/doc.pdf,mt-picasso-asia-singapore,1282969818431751597444555/1282969819443079556/DOCUMENT210201133326890992123/doc.pdf,An error occurred (404) when calling the HeadObject operation: Not Found
mtdocs-box-processed,1283740805163953346/images/thumbnail-master-0.png,mt-picasso-asia-singapore,1282969818431751597444555/1282969819443079556/IMAGE210201133326891035149/thumbnail-master-0.png,An error occurred (404) when calling the HeadObject operation: Not Found
mtgame-cdn.mindtickle.com,1282969819443079556/user/4b70ec1dc731b94a/1594902892430_4b70ec1dc731b94a_file_example_XLSX_100xlsx.xlsx,mt-picasso-asia-singapore,1282969818431751597444555/1282969819443079556/DOCUMENT210201133326891326320/1594902892430_4b70ec1dc731b94a_file_example_XLSX_100xlsx.xlsx,An error occurred (404) when calling the HeadObject operation: Not Found
mtdocs-box-processed,1283742131550163124/doc.pdf,mt-picasso-asia-singapore,1282969818431751597444555/1282969819443079556/DOCUMENT210201133326891384401/doc.pdf,An error occurred (404) when calling the HeadObject operation: Not Found
mtdocs-box-processed,1283742131550163124/images/thumbnail-master-0.png,mt-picasso-asia-singapore,1282969818431751597444555/1282969819443079556/IMAGE210201133326891432467/thumbnail-master-0.png,An error occurred (404) when calling the HeadObject operation: Not Found
mtgame-cdn.mindtickle.com,1282969819443079556/notePdf/9223370441951246944c5717daeconvertedPdf,mt-picasso-asia-singapore,1282969818431751597444555/1282969819443079556/DOCUMENT210201133326891726258/9223370441951246944c5717daeconvertedPdf,An error occurred (404) when calling the HeadObject operation: Not Found
mtgame-cdn.mindtickle.com,1282969819443079556/notePdf/9223370441951246944c5717daeconvertedPdf/doc.pdf,mt-picasso-asia-singapore,1282969818431751597444555/1282969819443079556/DOCUMENT210201133326891785417/doc.pdf,An error occurred (404) when calling the HeadObject operation: Not Found
mtdocs-conversion,1282969819443079556/notePdf/9223370441951246944c5717daeconvertedPdf/imagified/out_1.png,mt-picasso-asia-singapore,1282969818431751597444555/1282969819443079556/IMAGE210201133326891830435/out_1.png,An error occurred (404) when calling the HeadObject operation: Not Found
mtgame-cdn.mindtickle.com,1282969819443079556/user/4b70ec1dc731b94a/1594904087546_4b70ec1dc731b94a_sample2pdf.pdf,mt-picasso-asia-singapore,1282969818431751597444555/1282969819443079556/DOCUMENT210201133327246603358/1594904087546_4b70ec1dc731b94a_sample2pdf.pdf,An error occurred (404) when calling the HeadObject operation: Not Found
mtdocs-box-processed,1283747063903203754/doc.pdf,mt-picasso-asia-singapore,1282969818431751597444555/1282969819443079556/DOCUMENT21020113332724672469/doc.pdf,An error occurred (404) when calling the HeadObject operation: Not Found
mtdocs-box-processed,1283747063903203754/images/thumbnail-master-0.png,mt-picasso-asia-singapore,1282969818431751597444555/1282969819443079556/IMAGE210201133327246786247/thumbnail-master-0.png,An error occurred (404) when calling the HeadObject operation: Not Found
mtgame-cdn.mindtickle.com,1282969819443079556/user/4b70ec1dc731b94a/1594905255749_4b70ec1dc731b94a_majorpdf.pdf,mt-picasso-asia-singapore,1282969818431751597444555/1282969819443079556/DOCUMENT210201133327247112228/1594905255749_4b70ec1dc731b94a_majorpdf.pdf,An error occurred (404) when calling the HeadObject operation: Not Found
mtdocs-box-processed,1283752072474745087/doc.pdf,mt-picasso-asia-singapore,1282969818431751597444555/1282969819443079556/DOCUMENT210201133327247188138/doc.pdf,An error occurred (404) when calling the HeadObject operation: Not Found
mtdocs-box-processed,1283752072474745087/images/thumbnail-master-0.png,mt-picasso-asia-singapore,1282969818431751597444555/1282969819443079556/IMAGE210201133327247243510/thumbnail-master-0.png,An error occurred (404) when calling the HeadObject operation: Not Found
mtgame-cdn.mindtickle.com,1282969819443079556/user/4b70ec1dc731b94a/1594907714054_4b70ec1dc731b94a_file_example_OOG_1MGogg.ogg,mt-picasso-asia-singapore,1282969818431751597444555/1282969819443079556/AUDIO210201133327247658136/1594907714054_4b70ec1dc731b94a_file_example_OOG_1MGogg.ogg,An error occurred (404) when calling the HeadObject operation: Not Found
mtstreaming-cdn.mindtickle.com,1282969819443079556/user/4b70ec1dc731b94a/1594907714054_4b70ec1dc731b94a_file_example_OOG_1MGogg.ogg/mp3/1.mp3,mt-picasso-asia-singapore,1282969818431751597444555/1282969819443079556/AUDIO210201133327247723446/1.mp3,An error occurred (404) when calling the HeadObject operation: Not Found
mtgame-cdn.mindtickle.com,1282969819443079556/311006180774300477/1594908054_EraAssetR_concat_audio.mp3,mt-picasso-asia-singapore,1282969818431751597444555/1282969819443079556/AUDIO210201133327247924394/1594908054_EraAssetR_concat_audio.mp3,An error occurred (404) when calling the HeadObject operation: Not Found
mtstreaming-cdn.mindtickle.com,1282969819443079556/311006180774300477/1594908054_EraAssetR_concat_audio.mp3/mp3/1.mp3,mt-picasso-asia-singapore,1282969818431751597444555/1282969819443079556/AUDIO210201133327247983138/1.mp3,An error occurred (404) when calling the HeadObject operation: Not Found
mtgame-cdn.mindtickle.com,1282969819443079556/311006180774300477/1594908990_EraAssetR_concat_audio.mp3,mt-picasso-asia-singapore,1282969818431751597444555/1282969819443079556/AUDIO210201133327248253423/1594908990_EraAssetR_concat_audio.mp3,An error occurred (404) when calling the HeadObject operation: Not Found
mtstreaming-cdn.mindtickle.com,1282969819443079556/311006180774300477/1594908990_EraAssetR_concat_audio.mp3/mp3/1.mp3,mt-picasso-asia-singapore,1282969818431751597444555/1282969819443079556/AUDIO210201133327248316132/1.mp3,An error occurred (404) when calling the HeadObject operation: Not Found
mtgame-cdn.mindtickle.com,1282969819443079556/user/4b710f476ddc58ac/1594910040742_4b710f476ddc58ac_samplepdf.pdf,mt-picasso-asia-singapore,1282969818431751597444555/1282969819443079556/DOCUMENT210201133327248514142/1594910040742_4b710f476ddc58ac_samplepdf.pdf,An error occurred (404) when calling the HeadObject operation: Not Found
mtdocs-box-processed,1283772118961604476/doc.pdf,mt-picasso-asia-singapore,1282969818431751597444555/1282969819443079556/DOCUMENT210201133327248575438/doc.pdf,An error occurred (404) when calling the HeadObject operation: Not Found
mtdocs-box-processed,1283772118961604476/images/thumbnail-master-0.png,mt-picasso-asia-singapore,1282969818431751597444555/1282969819443079556/IMAGE21020113332724862036/thumbnail-master-0.png,An error occurred (404) when calling the HeadObject operation: Not Found
mtgame-cdn.mindtickle.com,1282969819443079556/user/4b710f476ddc58ac/1594910111935_4b710f476ddc58ac_file_example_MP3_700KBmp3.mp3,mt-picasso-asia-singapore,1282969818431751597444555/1282969819443079556/AUDIO21020113332724893444/1594910111935_4b710f476ddc58ac_file_example_MP3_700KBmp3.mp3,An error occurred (404) when calling the HeadObject operation: Not Found
mtstreaming-cdn.mindtickle.com,1282969819443079556/user/4b710f476ddc58ac/1594910111935_4b710f476ddc58ac_file_example_MP3_700KBmp3.mp3/mp3/1.mp3,mt-picasso-asia-singapore,1282969818431751597444555/1282969819443079556/AUDIO210201133327249098357/1.mp3,An error occurred (404) when calling the HeadObject operation: Not Found
mtgame-cdn.mindtickle.com,1282969819443079556/user/4b710f476ddc58ac/1594910260321_4b710f476ddc58ac_SampleAudio_07mbmp3.mp3,mt-picasso-asia-singapore,1282969818431751597444555/1282969819443079556/AUDIO210201133327249328384/1594910260321_4b710f476ddc58ac_SampleAudio_07mbmp3.mp3,An error occurred (404) when calling the HeadObject operation: Not Found
mtstreaming-cdn.mindtickle.com,1282969819443079556/user/4b710f476ddc58ac/1594910260321_4b710f476ddc58ac_SampleAudio_07mbmp3.mp3/mp3/1.mp3,mt-picasso-asia-singapore,1282969818431751597444555/1282969819443079556/AUDIO210201133327249391171/1.mp3,An error occurred (404) when calling the HeadObject operation: Not Found
mtgame-cdn.mindtickle.com,1282969819443079556/311016251684080445/1594910354_ShrineVOSUR_concat_audio.mp3,mt-picasso-asia-singapore,1282969818431751597444555/1282969819443079556/AUDIO210201133327249585472/1594910354_ShrineVOSUR_concat_audio.mp3,An error occurred (404) when calling the HeadObject operation: Not Found
mtstreaming-cdn.mindtickle.com,1282969819443079556/311016251684080445/1594910354_ShrineVOSUR_concat_audio.mp3/mp3/1.mp3,mt-picasso-asia-singapore,1282969818431751597444555/1282969819443079556/AUDIO210201133327249640226/1.mp3,An error occurred (404) when calling the HeadObject operation: Not Found
mtgame-cdn.mindtickle.com,1282969819443079556/1595776082791/1282969819443079556/notePdf/9223370441951246944c5717daeconvertedPdf,mt-picasso-asia-singapore,1282969818431751597444555/1282969819443079556/DOCUMENT21020113332724982445/9223370441951246944c5717daeconvertedPdf,An error occurred (404) when calling the HeadObject operation: Not Found
mtgame-cdn.mindtickle.com,1282969819443079556/1595776082791/1282969819443079556/notePdf/9223370441951246944c5717daeconvertedPdf/doc.pdf,mt-picasso-asia-singapore,1282969818431751597444555/1282969819443079556/DOCUMENT21020113332724988130/doc.pdf,An error occurred (404) when calling the HeadObject operation: Not Found
mtdocs-conversion,1282969819443079556/1595776082791/1282969819443079556/notePdf/9223370441951246944c5717daeconvertedPdf/imagified/out_1.png,mt-picasso-asia-singapore,1282969818431751597444555/1282969819443079556/IMAGE210201133327249927420/out_1.png,An error occurred (404) when calling the HeadObject operation: Not Found
mtgame-cdn.mindtickle.com,1282969819443079556/1595776259365/1282969819443079556/1595776082791/1282969819443079556/notePdf/9223370441951246944c5717daeconvertedPdf,mt-picasso-asia-singapore,1282969818431751597444555/1282969819443079556/DOCUMENT210201133327591502180/9223370441951246944c5717daeconvertedPdf,An error occurred (404) when calling the HeadObject operation: Not Found
mtgame-cdn.mindtickle.com,1282969819443079556/1595776259365/1282969819443079556/1595776082791/1282969819443079556/notePdf/9223370441951246944c5717daeconvertedPdf/doc.pdf,mt-picasso-asia-singapore,1282969818431751597444555/1282969819443079556/DOCUMENT210201133327591621364/doc.pdf,An error occurred (404) when calling the HeadObject operation: Not Found
mtdocs-conversion,1282969819443079556/1595776259365/1282969819443079556/1595776082791/1282969819443079556/notePdf/9223370441951246944c5717daeconvertedPdf/imagified/out_1.png,mt-picasso-asia-singapore,1282969818431751597444555/1282969819443079556/IMAGE210201133327591688259/out_1.png,An error occurred (404) when calling the HeadObject operation: Not Found
mtgame-cdn.mindtickle.com,1282969819443079556/user/4b70ec1dc731b94a/1595783643414_4b70ec1dc731b94a_SamplePPTFile_1000kbppt.ppt,mt-picasso-asia-singapore,1282969818431751597444555/1282969819443079556/DOCUMENT210201133327592018344/1595783643414_4b70ec1dc731b94a_SamplePPTFile_1000kbppt.ppt,An error occurred (404) when calling the HeadObject operation: Not Found
mtdocs-box-processed,1287436053544795613/doc.pdf,mt-picasso-asia-singapore,1282969818431751597444555/1282969819443079556/DOCUMENT210201133327592096261/doc.pdf,An error occurred (404) when calling the HeadObject operation: Not Found
mtdocs-box-processed,1287436053544795613/images/thumbnail-master-0.png,mt-picasso-asia-singapore,1282969818431751597444555/1282969819443079556/IMAGE210201133327592152362/thumbnail-master-0.png,An error occurred (404) when calling the HeadObject operation: Not Found
mtgame-cdn.mindtickle.com,1282969819443079556/user/4b70ec1dc731b94a/test_drafts_vos_cc/1/audio/1595784486958.webm,mt-picasso-asia-singapore,1282969818431751597444555/1282969819443079556/AUDIO210201133327592436473/1595784486958.webm,An error occurred (404) when calling the HeadObject operation: Not Found
mtstreaming-cdn.mindtickle.com,1282969819443079556/user/4b70ec1dc731b94a/test_drafts_vos_cc/1/audio/1595784486958.webm/mp3/1.mp3,mt-picasso-asia-singapore,1282969818431751597444555/1282969819443079556/AUDIO210201133327592510479/1.mp3,An error occurred (404) when calling the HeadObject operation: Not Found
mtgame-cdn.mindtickle.com,1282969819443079556/user/4b70ec1dc731b94a/test_drafts_vos_cc/2/audio/1595785640890.webm,mt-picasso-asia-singapore,1282969818431751597444555/1282969819443079556/AUDIO210201133327592807145/1595785640890.webm,An error occurred (404) when calling the HeadObject operation: Not Found
mtstreaming-cdn.mindtickle.com,1282969819443079556/user/4b70ec1dc731b94a/test_drafts_vos_cc/2/audio/1595785640890.webm/mp3/1.mp3,mt-picasso-asia-singapore,1282969818431751597444555/1282969819443079556/AUDIO210201133327592881483/1.mp3,An error occurred (404) when calling the HeadObject operation: Not Found
mtgame-cdn.mindtickle.com,1282969819443079556/user/4b70ec1dc731b94a/test_drafts_vos_cc/1/audio/1595786672355.webm,mt-picasso-asia-singapore,1282969818431751597444555/1282969819443079556/AUDIO210201133327593123470/1595786672355.webm,An error occurred (404) when calling the HeadObject operation: Not Found
mtstreaming-cdn.mindtickle.com,1282969819443079556/user/4b70ec1dc731b94a/test_drafts_vos_cc/1/audio/1595786672355.webm/mp3/1.mp3,mt-picasso-asia-singapore,1282969818431751597444555/1282969819443079556/AUDIO210201133327593195111/1.mp3,An error occurred (404) when calling the HeadObject operation: Not Found
mtgame-cdn.mindtickle.com,1282969819443079556/user/4b70ec1dc731b94a/1595908108056_4b70ec1dc731b94a_SampleDOCFile_200kbdoc.doc,mt-picasso-asia-singapore,1282969818431751597444555/1282969819443079556/DOCUMENT210201133327593486135/1595908108056_4b70ec1dc731b94a_SampleDOCFile_200kbdoc.doc,An error occurred (404) when calling the HeadObject operation: Not Found
mtdocs-box-processed,1287958093525363497/doc.pdf,mt-picasso-asia-singapore,1282969818431751597444555/1282969819443079556/DOCUMENT21020113332759354773/doc.pdf,An error occurred (404) when calling the HeadObject operation: Not Found
mtdocs-box-processed,1287958093525363497/images/thumbnail-master-0.png,mt-picasso-asia-singapore,1282969818431751597444555/1282969819443079556/IMAGE2102011333275935915/thumbnail-master-0.png,An error occurred (404) when calling the HeadObject operation: Not Found
mtgame-cdn.mindtickle.com,1282969819443079556/user/4b70ec1dc731b94a/1595908122244_4b70ec1dc731b94a_filesample_1MBdocx.docx,mt-picasso-asia-singapore,1282969818431751597444555/1282969819443079556/DOCUMENT210201133327593807225/1595908122244_4b70ec1dc731b94a_filesample_1MBdocx.docx,An error occurred (404) when calling the HeadObject operation: Not Found
mtdocs-box-processed,1287958164507631769/doc.pdf,mt-picasso-asia-singapore,1282969818431751597444555/1282969819443079556/DOCUMENT210201133327593865224/doc.pdf,An error occurred (404) when calling the HeadObject operation: Not Found
mtdocs-box-processed,1287958164507631769/images/thumbnail-master-0.png,mt-picasso-asia-singapore,1282969818431751597444555/1282969819443079556/IMAGE21020113332759390826/thumbnail-master-0.png,An error occurred (404) when calling the HeadObject operation: Not Found
mtgame-cdn.mindtickle.com,1282969819443079556/user/4b70ec1dc731b94a/1595908132247_4b70ec1dc731b94a_sample2pdf.pdf,mt-picasso-asia-singapore,1282969818431751597444555/1282969819443079556/DOCUMENT210201133327594199264/1595908132247_4b70ec1dc731b94a_sample2pdf.pdf,An error occurred (404) when calling the HeadObject operation: Not Found
mtdocs-box-processed,1287958180738668322/doc.pdf,mt-picasso-asia-singapore,1282969818431751597444555/1282969819443079556/DOCUMENT210201133327594256248/doc.pdf,An error occurred (404) when calling the HeadObject operation: Not Found
mtdocs-box-processed,1287958180738668322/images/thumbnail-master-0.png,mt-picasso-asia-singapore,1282969818431751597444555/1282969819443079556/IMAGE210201133327594300470/thumbnail-master-0.png,An error occurred (404) when calling the HeadObject operation: Not Found
mtgame-cdn.mindtickle.com,1282969819443079556/user/4b70ec1dc731b94a/1595908144490_4b70ec1dc731b94a_SamplePPTFile_500kbppt.ppt,mt-picasso-asia-singapore,1282969818431751597444555/1282969819443079556/DOCUMENT210201133327594511316/1595908144490_4b70ec1dc731b94a_SamplePPTFile_500kbppt.ppt,An error occurred (404) when calling the HeadObject operation: Not Found
mtdocs-box-processed,1287958260565997852/doc.pdf,mt-picasso-asia-singapore,1282969818431751597444555/1282969819443079556/DOCUMENT210201133327594568393/doc.pdf,An error occurred (404) when calling the HeadObject operation: Not Found
mtdocs-box-processed,1287958260565997852/images/thumbnail-master-0.png,mt-picasso-asia-singapore,1282969818431751597444555/1282969819443079556/IMAGE210201133327594611306/thumbnail-master-0.png,An error occurred (404) when calling the HeadObject operation: Not Found
mtgame-cdn.mindtickle.com,1282969819443079556/user/4b70ec1dc731b94a/1595908154357_4b70ec1dc731b94a_samplepptxpptx.pptx,mt-picasso-asia-singapore,1282969818431751597444555/1282969819443079556/DOCUMENT21020113332759490695/1595908154357_4b70ec1dc731b94a_samplepptxpptx.pptx,An error occurred (404) when calling the HeadObject operation: Not Found
mtdocs-box-processed,1287958276019008847/doc.pdf,mt-picasso-asia-singapore,1282969818431751597444555/1282969819443079556/DOCUMENT210201133327595020149/doc.pdf,An error occurred (404) when calling the HeadObject operation: Not Found
mtdocs-box-processed,1287958276019008847/images/thumbnail-master-0.png,mt-picasso-asia-singapore,1282969818431751597444555/1282969819443079556/IMAGE21020113332759507656/thumbnail-master-0.png,An error occurred (404) when calling the HeadObject operation: Not Found
mtgame-cdn.mindtickle.com,1282969819443079556/user/4b70ec1dc731b94a/1595908174694_4b70ec1dc731b94a_SampleXLSFile_19kbxls.xls,mt-picasso-asia-singapore,1282969818431751597444555/1282969819443079556/DOCUMENT210201133327791875344/1595908174694_4b70ec1dc731b94a_SampleXLSFile_19kbxls.xls,An error occurred (404) when calling the HeadObject operation: Not Found
mtdocs-box-processed,1287958362292596116/doc.pdf,mt-picasso-asia-singapore,1282969818431751597444555/1282969819443079556/DOCUMENT210201133327791992329/doc.pdf,An error occurred (404) when calling the HeadObject operation: Not Found
mtdocs-box-processed,1287958362292596116/images/thumbnail-master-0.png,mt-picasso-asia-singapore,1282969818431751597444555/1282969819443079556/IMAGE21020113332779205442/thumbnail-master-0.png,An error occurred (404) when calling the HeadObject operation: Not Found
mtgame-cdn.mindtickle.com,1282969819443079556/notePdf/9223370440946597168729dfb45convertedPdf,mt-picasso-asia-singapore,1282969818431751597444555/1282969819443079556/DOCUMENT210201133327792525385/9223370440946597168729dfb45convertedPdf,An error occurred (404) when calling the HeadObject operation: Not Found
mtgame-cdn.mindtickle.com,1282969819443079556/notePdf/9223370440946597168729dfb45convertedPdf/doc.pdf,mt-picasso-asia-singapore,1282969818431751597444555/1282969819443079556/DOCUMENT210201133327792604302/doc.pdf,An error occurred (404) when calling the HeadObject operation: Not Found
mtdocs-conversion,1282969819443079556/notePdf/9223370440946597168729dfb45convertedPdf/imagified/out_1.png,mt-picasso-asia-singapore,1282969818431751597444555/1282969819443079556/IMAGE210201133327792661464/out_1.png,An error occurred (404) when calling the HeadObject operation: Not Found
mtgame-cdn.mindtickle.com,1282969819443079556/notePdf/9223370440944033632230ad90econvertedPdf,mt-picasso-asia-singapore,1282969818431751597444555/1282969819443079556/DOCUMENT210201133327792943369/9223370440944033632230ad90econvertedPdf,An error occurred (404) when calling the HeadObject operation: Not Found
mtgame-cdn.mindtickle.com,1282969819443079556/notePdf/9223370440944033632230ad90econvertedPdf/doc.pdf,mt-picasso-asia-singapore,1282969818431751597444555/1282969819443079556/DOCUMENT21020113332779301431/doc.pdf,An error occurred (404) when calling the HeadObject operation: Not Found
mtdocs-conversion,1282969819443079556/notePdf/9223370440944033632230ad90econvertedPdf/imagified/out_1.png,mt-picasso-asia-singapore,1282969818431751597444555/1282969819443079556/IMAGE21020113332779307091/out_1.png,An error occurred (404) when calling the HeadObject operation: Not Found
mtgame-cdn.mindtickle.com,1282969819443079556/notePdf/92233704409271340412852c0c7convertedPdf,mt-picasso-asia-singapore,1282969818431751597444555/1282969819443079556/DOCUMENT210201133327793370310/92233704409271340412852c0c7convertedPdf,An error occurred (404) when calling the HeadObject operation: Not Found
mtgame-cdn.mindtickle.com,1282969819443079556/notePdf/92233704409271340412852c0c7convertedPdf/doc.pdf,mt-picasso-asia-singapore,1282969818431751597444555/1282969819443079556/DOCUMENT210201133327793429482/doc.pdf,An error occurred (404) when calling the HeadObject operation: Not Found
mtdocs-conversion,1282969819443079556/notePdf/92233704409271340412852c0c7convertedPdf/imagified/out_1.png,mt-picasso-asia-singapore,1282969818431751597444555/1282969819443079556/IMAGE21020113332779347418/out_1.png,An error occurred (404) when calling the HeadObject operation: Not Found
mtgame-cdn.mindtickle.com,1282969819443079556/1595927754255/1282969819443079556/notePdf/9223370440946597168729dfb45convertedPdf,mt-picasso-asia-singapore,1282969818431751597444555/1282969819443079556/DOCUMENT210201133327793692471/9223370440946597168729dfb45convertedPdf,An error occurred (404) when calling the HeadObject operation: Not Found
mtgame-cdn.mindtickle.com,1282969819443079556/1595927754255/1282969819443079556/notePdf/9223370440946597168729dfb45convertedPdf/doc.pdf,mt-picasso-asia-singapore,1282969818431751597444555/1282969819443079556/DOCUMENT210201133327793749385/doc.pdf,An error occurred (404) when calling the HeadObject operation: Not Found
mtdocs-conversion,1282969819443079556/1595927754255/1282969819443079556/notePdf/9223370440946597168729dfb45convertedPdf/imagified/out_1.png,mt-picasso-asia-singapore,1282969818431751597444555/1282969819443079556/IMAGE21020113332779379577/out_1.png,An error occurred (404) when calling the HeadObject operation: Not Found
mtgame-cdn.mindtickle.com,1282969819443079556/user/4b70ec1dc731b94a/1595928050945_4b70ec1dc731b94a_file_example_OOG_1MGogg.ogg,mt-picasso-asia-singapore,1282969818431751597444555/1282969819443079556/AUDIO210201133327794017241/1595928050945_4b70ec1dc731b94a_file_example_OOG_1MGogg.ogg,An error occurred (404) when calling the HeadObject operation: Not Found
mtstreaming-cdn.mindtickle.com,1282969819443079556/user/4b70ec1dc731b94a/1595928050945_4b70ec1dc731b94a_file_example_OOG_1MGogg.ogg/mp3/1.mp3,mt-picasso-asia-singapore,1282969818431751597444555/1282969819443079556/AUDIO210201133327794075298/1.mp3,An error occurred (404) when calling the HeadObject operation: Not Found
mtgame-cdn.mindtickle.com,1282969819443079556/user/4b70ec1dc731b94a/1596424373987_4b70ec1dc731b94a_file_example_WAV_1MGoga.oga,mt-picasso-asia-singapore,1282969818431751597444555/1282969819443079556/AUDIO21020113332779426530/1596424373987_4b70ec1dc731b94a_file_example_WAV_1MGoga.oga,An error occurred (404) when calling the HeadObject operation: Not Found
mtstreaming-cdn.mindtickle.com,1282969819443079556/user/4b70ec1dc731b94a/1596424373987_4b70ec1dc731b94a_file_example_WAV_1MGoga.oga/mp3/1.mp3,mt-picasso-asia-singapore,1282969818431751597444555/1282969819443079556/AUDIO210201133327794321100/1.mp3,An error occurred (404) when calling the HeadObject operation: Not Found
mtgame-cdn.mindtickle.com,1282969819443079556/313557275635624939/1596424419_VOSAsset09876_concat_audio.mp3,mt-picasso-asia-singapore,1282969818431751597444555/1282969819443079556/AUDIO210201133327794508181/1596424419_VOSAsset09876_concat_audio.mp3,An error occurred (404) when calling the HeadObject operation: Not Found
mtstreaming-cdn.mindtickle.com,1282969819443079556/313557275635624939/1596424419_VOSAsset09876_concat_audio.mp3/mp3/1.mp3,mt-picasso-asia-singapore,1282969818431751597444555/1282969819443079556/AUDIO210201133327794563161/1.mp3,An error occurred (404) when calling the HeadObject operation: Not Found
mtgame-cdn.mindtickle.com,1282969819443079556/user/4b710f476ddc58ac/1596424643186_4b710f476ddc58ac_majorpdf.pdf,mt-picasso-asia-singapore,1282969818431751597444555/1282969819443079556/DOCUMENT210201133327794747497/1596424643186_4b710f476ddc58ac_majorpdf.pdf,An error occurred (404) when calling the HeadObject operation: Not Found
mtdocs-box-processed,1290124620109010555/doc.pdf,mt-picasso-asia-singapore,1282969818431751597444555/1282969819443079556/DOCUMENT210201133327794804383/doc.pdf,An error occurred (404) when calling the HeadObject operation: Not Found
mtdocs-box-processed,1290124620109010555/images/thumbnail-master-0.png,mt-picasso-asia-singapore,1282969818431751597444555/1282969819443079556/IMAGE210201133327794848170/thumbnail-master-0.png,An error occurred (404) when calling the HeadObject operation: Not Found
mtgame-cdn.mindtickle.com,1282969819443079556/user/4b710f476ddc58ac/1596424702137_4b710f476ddc58ac_file_example_WAV_1MGoga.oga,mt-picasso-asia-singapore,1282969818431751597444555/1282969819443079556/AUDIO210201133327795188100/1596424702137_4b710f476ddc58ac_file_example_WAV_1MGoga.oga,An error occurred (404) when calling the HeadObject operation: Not Found
mtstreaming-cdn.mindtickle.com,1282969819443079556/user/4b710f476ddc58ac/1596424702137_4b710f476ddc58ac_file_example_WAV_1MGoga.oga/mp3/1.mp3,mt-picasso-asia-singapore,1282969818431751597444555/1282969819443079556/AUDIO210201133327795248427/1.mp3,An error occurred (404) when calling the HeadObject operation: Not Found
mtgame-cdn.mindtickle.com,1282969819443079556/313557762963418091/1596424741_VOSAsset54321_concat_audio.mp3,mt-picasso-asia-singapore,1282969818431751597444555/1282969819443079556/AUDIO210201133328460420282/1596424741_VOSAsset54321_concat_audio.mp3,An error occurred (404) when calling the HeadObject operation: Not Found
mtstreaming-cdn.mindtickle.com,1282969819443079556/313557762963418091/1596424741_VOSAsset54321_concat_audio.mp3/mp3/1.mp3,mt-picasso-asia-singapore,1282969818431751597444555/1282969819443079556/AUDIO210201133328460532462/1.mp3,An error occurred (404) when calling the HeadObject operation: Not Found
mtgame-cdn.mindtickle.com,1282969819443079556/313560148297657323/1596426087_Asset234567890_concat_audio.mp3,mt-picasso-asia-singapore,1282969818431751597444555/1282969819443079556/AUDIO210201133328460830421/1596426087_Asset234567890_concat_audio.mp3,An error occurred (404) when calling the HeadObject operation: Not Found
mtstreaming-cdn.mindtickle.com,1282969819443079556/313560148297657323/1596426087_Asset234567890_concat_audio.mp3/mp3/1.mp3,mt-picasso-asia-singapore,1282969818431751597444555/1282969819443079556/AUDIO21020113332846090521/1.mp3,An error occurred (404) when calling the HeadObject operation: Not Found
mtgame-cdn.mindtickle.com,1282969819443079556/313560573600082923/1596426334_AssetLocked_concat_audio.mp3,mt-picasso-asia-singapore,1282969818431751597444555/1282969819443079556/AUDIO210201133328461205393/1596426334_AssetLocked_concat_audio.mp3,An error occurred (404) when calling the HeadObject operation: Not Found
mtstreaming-cdn.mindtickle.com,1282969819443079556/313560573600082923/1596426334_AssetLocked_concat_audio.mp3/mp3/1.mp3,mt-picasso-asia-singapore,1282969818431751597444555/1282969819443079556/AUDIO210201133328461280270/1.mp3,An error occurred (404) when calling the HeadObject operation: Not Found
mtgame-cdn.mindtickle.com,1282969819443079556/user/4b70ec1dc731b94a/1596868731520_4b70ec1dc731b94a_SamplePPTFile_500kbppt.ppt,mt-picasso-asia-singapore,1282969818431751597444555/1282969819443079556/DOCUMENT21020113332846152752/1596868731520_4b70ec1dc731b94a_SamplePPTFile_500kbppt.ppt,An error occurred (404) when calling the HeadObject operation: Not Found
mtdocs-box-processed,1291987253052430131/doc.pdf,mt-picasso-asia-singapore,1282969818431751597444555/1282969819443079556/DOCUMENT210201133328461602179/doc.pdf,An error occurred (404) when calling the HeadObject operation: Not Found
mtdocs-box-processed,1291987253052430131/images/thumbnail-master-0.png,mt-picasso-asia-singapore,1282969818431751597444555/1282969819443079556/IMAGE21020113332846165881/thumbnail-master-0.png,An error occurred (404) when calling the HeadObject operation: Not Found
mtgame-cdn.mindtickle.com,1282969819443079556/user/4b70ec1dc731b94a/test_drafts_vos_cc/1/audio/1596871325078.webm,mt-picasso-asia-singapore,1282969818431751597444555/1282969819443079556/AUDIO210201133328461936385/1596871325078.webm,An error occurred (404) when calling the HeadObject operation: Not Found
mtstreaming-cdn.mindtickle.com,1282969819443079556/user/4b70ec1dc731b94a/test_drafts_vos_cc/1/audio/1596871325078.webm/mp3/1.mp3,mt-picasso-asia-singapore,1282969818431751597444555/1282969819443079556/AUDIO210201133328462012360/1.mp3,An error occurred (404) when calling the HeadObject operation: Not Found
mtgame-cdn.mindtickle.com,1282969819443079556/user/4b70ec1dc731b94a/1596871603674_4b70ec1dc731b94a_file_example_OOG_1MGogg.ogg,mt-picasso-asia-singapore,1282969818431751597444555/1282969819443079556/AUDIO210201133328462282392/1596871603674_4b70ec1dc731b94a_file_example_OOG_1MGogg.ogg,An error occurred (404) when calling the HeadObject operation: Not Found
mtstreaming-cdn.mindtickle.com,1282969819443079556/user/4b70ec1dc731b94a/1596871603674_4b70ec1dc731b94a_file_example_OOG_1MGogg.ogg/mp3/1.mp3,mt-picasso-asia-singapore,1282969818431751597444555/1282969819443079556/AUDIO210201133328462345329/1.mp3,An error occurred (404) when calling the HeadObject operation: Not Found
mtgame-cdn.mindtickle.com,1282969819443079556/314302873166946259/1596871992_RCAIP1st_concat_audio.mp3,mt-picasso-asia-singapore,1282969818431751597444555/1282969819443079556/AUDIO210201133328462533250/1596871992_RCAIP1st_concat_audio.mp3,An error occurred (404) when calling the HeadObject operation: Not Found
mtstreaming-cdn.mindtickle.com,1282969819443079556/314302873166946259/1596871992_RCAIP1st_concat_audio.mp3/mp3/1.mp3,mt-picasso-asia-singapore,1282969818431751597444555/1282969819443079556/AUDIO210201133328462588347/1.mp3,An error occurred (404) when calling the HeadObject operation: Not Found
mtgame-cdn.mindtickle.com,1282969819443079556/user/4b70ec1dc731b94a/1596877910518_4b70ec1dc731b94a_file_example_MP3_700KBmp3.mp3,mt-picasso-asia-singapore,1282969818431751597444555/1282969819443079556/AUDIO210201133328462772309/1596877910518_4b70ec1dc731b94a_file_example_MP3_700KBmp3.mp3,An error occurred (404) when calling the HeadObject operation: Not Found
mtstreaming-cdn.mindtickle.com,1282969819443079556/user/4b70ec1dc731b94a/1596877910518_4b70ec1dc731b94a_file_example_MP3_700KBmp3.mp3/mp3/1.mp3,mt-picasso-asia-singapore,1282969818431751597444555/1282969819443079556/AUDIO210201133328462833281/1.mp3,An error occurred (404) when calling the HeadObject operation: Not Found
mtgame-cdn.mindtickle.com,1282969819443079556/314318176705847251/1596877931_VOSAssetcaip_concat_audio.mp3,mt-picasso-asia-singapore,1282969818431751597444555/1282969819443079556/AUDIO210201133328463076324/1596877931_VOSAssetcaip_concat_audio.mp3,An error occurred (404) when calling the HeadObject operation: Not Found
mtstreaming-cdn.mindtickle.com,1282969819443079556/314318176705847251/1596877931_VOSAssetcaip_concat_audio.mp3/mp3/1.mp3,mt-picasso-asia-singapore,1282969818431751597444555/1282969819443079556/AUDIO210201133328463132476/1.mp3,An error occurred (404) when calling the HeadObject operation: Not Found
mtgame-cdn.mindtickle.com,1282969819443079556/user/4b70ec1dc731b94a/1596879678029_4b70ec1dc731b94a_SamplePPTFile_500kbppt.ppt,mt-picasso-asia-singapore,1282969818431751597444555/1282969819443079556/DOCUMENT21020113332846332231/1596879678029_4b70ec1dc731b94a_SamplePPTFile_500kbppt.ppt,An error occurred (404) when calling the HeadObject operation: Not Found
mtdocs-box-processed,1292033160301189968/doc.pdf,mt-picasso-asia-singapore,1282969818431751597444555/1282969819443079556/DOCUMENT210201133328463379136/doc.pdf,An error occurred (404) when calling the HeadObject operation: Not Found
mtdocs-box-processed,1292033160301189968/images/thumbnail-master-0.png,mt-picasso-asia-singapore,1282969818431751597444555/1282969819443079556/IMAGE210201133328463421435/thumbnail-master-0.png,An error occurred (404) when calling the HeadObject operation: Not Found
mtgame-cdn.mindtickle.com,1282969819443079556/user/4b70ec1dc731b94a/1596881347505_4b70ec1dc731b94a_g0fvpqxezeaac.aac,mt-picasso-asia-singapore,1282969818431751597444555/1282969819443079556/AUDIO210201133328853414291/1596881347505_4b70ec1dc731b94a_g0fvpqxezeaac.aac,An error occurred (404) when calling the HeadObject operation: Not Found
mtstreaming-cdn.mindtickle.com,1282969819443079556/user/4b70ec1dc731b94a/1596881347505_4b70ec1dc731b94a_g0fvpqxezeaac.aac/mp3/1.mp3,mt-picasso-asia-singapore,1282969818431751597444555/1282969819443079556/AUDIO210201133328853526343/1.mp3,An error occurred (404) when calling the HeadObject operation: Not Found
mtgame-cdn.mindtickle.com,1282969819443079556/314320267314733011/1596881906_CAIPVOS_concat_audio.mp3,mt-picasso-asia-singapore,1282969818431751597444555/1282969819443079556/AUDIO210201133328853834260/1596881906_CAIPVOS_concat_audio.mp3,An error occurred (404) when calling the HeadObject operation: Not Found
mtstreaming-cdn.mindtickle.com,1282969819443079556/314320267314733011/1596881906_CAIPVOS_concat_audio.mp3/mp3/1.mp3,mt-picasso-asia-singapore,1282969818431751597444555/1282969819443079556/AUDIO210201133328853915424/1.mp3,An error occurred (404) when calling the HeadObject operation: Not Found
mtgame-cdn.mindtickle.com,1282969819443079556/user/4b70ec1dc731b94a/test_drafts_vos_cc/1/audio/1596887294664.webm,mt-picasso-asia-singapore,1282969818431751597444555/1282969819443079556/AUDIO210201133328854166211/1596887294664.webm,An error occurred (404) when calling the HeadObject operation: Not Found
mtstreaming-cdn.mindtickle.com,1282969819443079556/user/4b70ec1dc731b94a/test_drafts_vos_cc/1/audio/1596887294664.webm/mp3/1.mp3,mt-picasso-asia-singapore,1282969818431751597444555/1282969819443079556/AUDIO21020113332885423897/1.mp3,An error occurred (404) when calling the HeadObject operation: Not Found
mtgame-cdn.mindtickle.com,1282969819443079556/314333841575649235/1596887320_CAIPAssetVOS8thAug_concat_audio.mp3,mt-picasso-asia-singapore,1282969818431751597444555/1282969819443079556/AUDIO21020113332885448475/1596887320_CAIPAssetVOS8thAug_concat_audio.mp3,An error occurred (404) when calling the HeadObject operation: Not Found
mtstreaming-cdn.mindtickle.com,1282969819443079556/314333841575649235/1596887320_CAIPAssetVOS8thAug_concat_audio.mp3/mp3/1.mp3,mt-picasso-asia-singapore,1282969818431751597444555/1282969819443079556/AUDIO210201133328854559272/1.mp3,An error occurred (404) when calling the HeadObject operation: Not Found
mtgame-cdn.mindtickle.com,1282969819443079556/user/4b70ec1dc731b94a/1596887422562_4b70ec1dc731b94a_samplepptxpptx.pptx,mt-picasso-asia-singapore,1282969818431751597444555/1282969819443079556/DOCUMENT21020113332885479918/1596887422562_4b70ec1dc731b94a_samplepptxpptx.pptx,An error occurred (404) when calling the HeadObject operation: Not Found
mtdocs-box-processed,1292065645537854900/doc.pdf,mt-picasso-asia-singapore,1282969818431751597444555/1282969819443079556/DOCUMENT210201133328854873150/doc.pdf,An error occurred (404) when calling the HeadObject operation: Not Found
mtdocs-box-processed,1292065645537854900/images/thumbnail-master-0.png,mt-picasso-asia-singapore,1282969818431751597444555/1282969819443079556/IMAGE210201133328854928120/thumbnail-master-0.png,An error occurred (404) when calling the HeadObject operation: Not Found
mtgame-cdn.mindtickle.com,1282969819443079556/314333841575649235/1596889040_CAIPAssetVOS8thAug_concat_audio.mp3,mt-picasso-asia-singapore,1282969818431751597444555/1282969819443079556/AUDIO210201133328855307323/1596889040_CAIPAssetVOS8thAug_concat_audio.mp3,An error occurred (404) when calling the HeadObject operation: Not Found
mtstreaming-cdn.mindtickle.com,1282969819443079556/314333841575649235/1596889040_CAIPAssetVOS8thAug_concat_audio.mp3/mp3/1.mp3,mt-picasso-asia-singapore,1282969818431751597444555/1282969819443079556/AUDIO210201133328855385174/1.mp3,An error occurred (404) when calling the HeadObject operation: Not Found
mtgame-cdn.mindtickle.com,1282969819443079556/notePdf/92233704399657252539e821659convertedPdf,mt-picasso-asia-singapore,1282969818431751597444555/1282969819443079556/DOCUMENT210201133328855691187/92233704399657252539e821659convertedPdf,An error occurred (404) when calling the HeadObject operation: Not Found
mtgame-cdn.mindtickle.com,1282969819443079556/notePdf/92233704399657252539e821659convertedPdf/doc.pdf,mt-picasso-asia-singapore,1282969818431751597444555/1282969819443079556/DOCUMENT210201133328855778100/doc.pdf,An error occurred (404) when calling the HeadObject operation: Not Found
mtdocs-conversion,1282969819443079556/notePdf/92233704399657252539e821659convertedPdf/imagified/out_1.png,mt-picasso-asia-singapore,1282969818431751597444555/1282969819443079556/IMAGE210201133328855823264/out_1.png,An error occurred (404) when calling the HeadObject operation: Not Found
mtgame-cdn.mindtickle.com,1282969819443079556/notePdf/92233704399643549537d49b7d3convertedPdf,mt-picasso-asia-singapore,1282969818431751597444555/1282969819443079556/DOCUMENT210201133328856089184/92233704399643549537d49b7d3convertedPdf,An error occurred (404) when calling the HeadObject operation: Not Found
mtgame-cdn.mindtickle.com,1282969819443079556/notePdf/92233704399643549537d49b7d3convertedPdf/doc.pdf,mt-picasso-asia-singapore,1282969818431751597444555/1282969819443079556/DOCUMENT2102011333288561476/doc.pdf,An error occurred (404) when calling the HeadObject operation: Not Found
mtdocs-conversion,1282969819443079556/notePdf/92233704399643549537d49b7d3convertedPdf/imagified/out_1.png,mt-picasso-asia-singapore,1282969818431751597444555/1282969819443079556/IMAGE210201133328856191382/out_1.png,An error occurred (404) when calling the HeadObject operation: Not Found
mtgame-cdn.mindtickle.com,1282969819443079556/user/4b70ec1dc731b94a/1596891466391_4b70ec1dc731b94a_samplepptxpptx.pptx,mt-picasso-asia-singapore,1282969818431751597444555/1282969819443079556/DOCUMENT210201133328856407402/1596891466391_4b70ec1dc731b94a_samplepptxpptx.pptx,An error occurred (404) when calling the HeadObject operation: Not Found
mtdocs-box-processed,1292082607273140233/doc.pdf,mt-picasso-asia-singapore,1282969818431751597444555/1282969819443079556/DOCUMENT210201133328856464419/doc.pdf,An error occurred (404) when calling the HeadObject operation: Not Found
mtdocs-box-processed,1292082607273140233/images/thumbnail-master-0.png,mt-picasso-asia-singapore,1282969818431751597444555/1282969819443079556/IMAGE210201133328856506473/thumbnail-master-0.png,An error occurred (404) when calling the HeadObject operation: Not Found
mtgame-cdn.mindtickle.com,1282969819443079556/user/4b70ec1dc731b94a/1596891587869_4b70ec1dc731b94a_file_example_WAV_1MGoga.oga,mt-picasso-asia-singapore,1282969818431751597444555/1282969819443079556/AUDIO21020113332885680423/1596891587869_4b70ec1dc731b94a_file_example_WAV_1MGoga.oga,An error occurred (404) when calling the HeadObject operation: Not Found
mtstreaming-cdn.mindtickle.com,1282969819443079556/user/4b70ec1dc731b94a/1596891587869_4b70ec1dc731b94a_file_example_WAV_1MGoga.oga/mp3/1.mp3,mt-picasso-asia-singapore,1282969818431751597444555/1282969819443079556/AUDIO21020113332885686293/1.mp3,An error occurred (404) when calling the HeadObject operation: Not Found
mtgame-cdn.mindtickle.com,1282969819443079556/314341038263115731/1596891827_QU_VOS_CAIP_concat_audio.mp3,mt-picasso-asia-singapore,1282969818431751597444555/1282969819443079556/AUDIO210201133329055303146/1596891827_QU_VOS_CAIP_concat_audio.mp3,An error occurred (404) when calling the HeadObject operation: Not Found
mtstreaming-cdn.mindtickle.com,1282969819443079556/314341038263115731/1596891827_QU_VOS_CAIP_concat_audio.mp3/mp3/1.mp3,mt-picasso-asia-singapore,1282969818431751597444555/1282969819443079556/AUDIO21020113332905541659/1.mp3,An error occurred (404) when calling the HeadObject operation: Not Found
mtgame-cdn.mindtickle.com,1282969819443079556/user/4b70ec1dc731b94a/1596893247801_4b70ec1dc731b94a_samplepdf.pdf,mt-picasso-asia-singapore,1282969818431751597444555/1282969819443079556/DOCUMENT21020113332905570352/1596893247801_4b70ec1dc731b94a_samplepdf.pdf,An error occurred (404) when calling the HeadObject operation: Not Found
mtdocs-box-processed,1292090059059103754/doc.pdf,mt-picasso-asia-singapore,1282969818431751597444555/1282969819443079556/DOCUMENT21020113332905577972/doc.pdf,An error occurred (404) when calling the HeadObject operation: Not Found
mtdocs-box-processed,1292090059059103754/images/thumbnail-master-0.png,mt-picasso-asia-singapore,1282969818431751597444555/1282969819443079556/IMAGE210201133329055835245/thumbnail-master-0.png,An error occurred (404) when calling the HeadObject operation: Not Found
mtgame-cdn.mindtickle.com,1282969819443079556/user/4b70ec1dc731b94a/1596893636517_4b70ec1dc731b94a_file_example_MP3_700KBmp3.mp3,mt-picasso-asia-singapore,1282969818431751597444555/1282969819443079556/AUDIO210201133329056117114/1596893636517_4b70ec1dc731b94a_file_example_MP3_700KBmp3.mp3,An error occurred (404) when calling the HeadObject operation: Not Found
mtstreaming-cdn.mindtickle.com,1282969819443079556/user/4b70ec1dc731b94a/1596893636517_4b70ec1dc731b94a_file_example_MP3_700KBmp3.mp3/mp3/1.mp3,mt-picasso-asia-singapore,1282969818431751597444555/1282969819443079556/AUDIO210201133329056191181/1.mp3,An error occurred (404) when calling the HeadObject operation: Not Found
mtgame-cdn.mindtickle.com,1282969819443079556/314344014776115155/1596893670_AssetCAIPVOS_concat_audio.mp3,mt-picasso-asia-singapore,1282969818431751597444555/1282969819443079556/AUDIO210201133329056423230/1596893670_AssetCAIPVOS_concat_audio.mp3,An error occurred (404) when calling the HeadObject operation: Not Found
mtstreaming-cdn.mindtickle.com,1282969819443079556/314344014776115155/1596893670_AssetCAIPVOS_concat_audio.mp3/mp3/1.mp3,mt-picasso-asia-singapore,1282969818431751597444555/1282969819443079556/AUDIO21020113332905647932/1.mp3,An error occurred (404) when calling the HeadObject operation: Not Found
mtgame-cdn.mindtickle.com,1282969819443079556/user/4b70ec1dc731b94a/1597043776445_4b70ec1dc731b94a_g0fvpqxezeaac.aac,mt-picasso-asia-singapore,1282969818431751597444555/1282969819443079556/AUDIO210201133329056663399/1597043776445_4b70ec1dc731b94a_g0fvpqxezeaac.aac,An error occurred (404) when calling the HeadObject operation: Not Found
mtstreaming-cdn.mindtickle.com,1282969819443079556/user/4b70ec1dc731b94a/1597043776445_4b70ec1dc731b94a_g0fvpqxezeaac.aac/mp3/1.mp3,mt-picasso-asia-singapore,1282969818431751597444555/1282969819443079556/AUDIO210201133329056720209/1.mp3,An error occurred (404) when calling the HeadObject operation: Not Found
mtgame-cdn.mindtickle.com,1282969819443079556/user/4b70ec1dc731b94a/1597043809897_4b70ec1dc731b94a_majorpdf.pdf,mt-picasso-asia-singapore,1282969818431751597444555/1282969819443079556/DOCUMENT210201133329056950344/1597043809897_4b70ec1dc731b94a_majorpdf.pdf,An error occurred (404) when calling the HeadObject operation: Not Found
mtdocs-box-processed,1292721587243980413/doc.pdf,mt-picasso-asia-singapore,1282969818431751597444555/1282969819443079556/DOCUMENT21020113332905700778/doc.pdf,An error occurred (404) when calling the HeadObject operation: Not Found
mtdocs-box-processed,1292721587243980413/images/thumbnail-master-0.png,mt-picasso-asia-singapore,1282969818431751597444555/1282969819443079556/IMAGE210201133329057051175/thumbnail-master-0.png,An error occurred (404) when calling the HeadObject operation: Not Found
mtgame-cdn.mindtickle.com,1282969819443079556/user/4b70ec1dc731b94a/1597044209267_4b70ec1dc731b94a_fileexample_PDF_1MBpdf.pdf,mt-picasso-asia-singapore,1282969818431751597444555/1282969819443079556/DOCUMENT210201133329057343325/1597044209267_4b70ec1dc731b94a_fileexample_PDF_1MBpdf.pdf,An error occurred (404) when calling the HeadObject operation: Not Found
mtdocs-box-processed,1292723260261133686/doc.pdf,mt-picasso-asia-singapore,1282969818431751597444555/1282969819443079556/DOCUMENT2102011333290574015/doc.pdf,An error occurred (404) when calling the HeadObject operation: Not Found
mtdocs-box-processed,1292723260261133686/images/thumbnail-master-0.png,mt-picasso-asia-singapore,1282969818431751597444555/1282969819443079556/IMAGE210201133329057444366/thumbnail-master-0.png,An error occurred (404) when calling the HeadObject operation: Not Found
mtgame-cdn.mindtickle.com,1282969819443079556/user/4b70ec1dc731b94a/1597049029924_4b70ec1dc731b94a_majorpdf.pdf,mt-picasso-asia-singapore,1282969818431751597444555/1282969819443079556/DOCUMENT21020113332905765738/1597049029924_4b70ec1dc731b94a_majorpdf.pdf,An error occurred (404) when calling the HeadObject operation: Not Found
mtdocs-box-processed,1292743480920463220/doc.pdf,mt-picasso-asia-singapore,1282969818431751597444555/1282969819443079556/DOCUMENT210201133329057712509/doc.pdf,An error occurred (404) when calling the HeadObject operation: Not Found
mtdocs-box-processed,1292743480920463220/images/thumbnail-master-0.png,mt-picasso-asia-singapore,1282969818431751597444555/1282969819443079556/IMAGE210201133329057755157/thumbnail-master-0.png,An error occurred (404) when calling the HeadObject operation: Not Found
mtgame-cdn.mindtickle.com,1282969819443079556/user/4b70ec1dc731b94a/1597056739812_4b70ec1dc731b94a_sample2pdf.pdf,mt-picasso-asia-singapore,1282969818431751597444555/1282969819443079556/DOCUMENT210201133329058040321/1597056739812_4b70ec1dc731b94a_sample2pdf.pdf,An error occurred (404) when calling the HeadObject operation: Not Found
mtdocs-box-processed,1292775792078763120/doc.pdf,mt-picasso-asia-singapore,1282969818431751597444555/1282969819443079556/DOCUMENT210201133329058096243/doc.pdf,An error occurred (404) when calling the HeadObject operation: Not Found
mtdocs-box-processed,1292775792078763120/images/thumbnail-master-0.png,mt-picasso-asia-singapore,1282969818431751597444555/1282969819443079556/IMAGE210201133329058140316/thumbnail-master-0.png,An error occurred (404) when calling the HeadObject operation: Not Found
mtgame-cdn.mindtickle.com,1282969819443079556/314618335998303211/1597056924_10thAugVOS_Asset_CAI_concat_audio.mp3,mt-picasso-asia-singapore,1282969818431751597444555/1282969819443079556/AUDIO210201133329058356157/1597056924_10thAugVOS_Asset_CAI_concat_audio.mp3,An error occurred (404) when calling the HeadObject operation: Not Found
mtstreaming-cdn.mindtickle.com,1282969819443079556/314618335998303211/1597056924_10thAugVOS_Asset_CAI_concat_audio.mp3/mp3/1.mp3,mt-picasso-asia-singapore,1282969818431751597444555/1282969819443079556/AUDIO210201133329058412260/1.mp3,An error occurred (404) when calling the HeadObject operation: Not Found
mtgame-cdn.mindtickle.com,1282969819443079556/user/4b70ec1dc731b94a/1597060602353_4b70ec1dc731b94a_file_example_WAV_1MGoga.oga,mt-picasso-asia-singapore,1282969818431751597444555/1282969819443079556/AUDIO210201133329336007220/1597060602353_4b70ec1dc731b94a_file_example_WAV_1MGoga.oga,An error occurred (404) when calling the HeadObject operation: Not Found
mtstreaming-cdn.mindtickle.com,1282969819443079556/user/4b70ec1dc731b94a/1597060602353_4b70ec1dc731b94a_file_example_WAV_1MGoga.oga/mp3/1.mp3,mt-picasso-asia-singapore,1282969818431751597444555/1282969819443079556/AUDIO210201133329336122405/1.mp3,An error occurred (404) when calling the HeadObject operation: Not Found
mtgame-cdn.mindtickle.com,1282969819443079556/314624758115261419/1597060877_VOSAssetCAI_concat_audio.mp3,mt-picasso-asia-singapore,1282969818431751597444555/1282969819443079556/AUDIO210201133329336411331/1597060877_VOSAssetCAI_concat_audio.mp3,An error occurred (404) when calling the HeadObject operation: Not Found
mtstreaming-cdn.mindtickle.com,1282969819443079556/314624758115261419/1597060877_VOSAssetCAI_concat_audio.mp3/mp3/1.mp3,mt-picasso-asia-singapore,1282969818431751597444555/1282969819443079556/AUDIO210201133329336485339/1.mp3,An error occurred (404) when calling the HeadObject operation: Not Found
mtgame-cdn.mindtickle.com,1282969819443079556/user/4b70ec1dc731b94a/1597067311643_4b70ec1dc731b94a_file_example_OOG_1MGogg.ogg,mt-picasso-asia-singapore,1282969818431751597444555/1282969819443079556/AUDIO210201133329336959338/1597067311643_4b70ec1dc731b94a_file_example_OOG_1MGogg.ogg,An error occurred (404) when calling the HeadObject operation: Not Found
mtstreaming-cdn.mindtickle.com,1282969819443079556/user/4b70ec1dc731b94a/1597067311643_4b70ec1dc731b94a_file_example_OOG_1MGogg.ogg/mp3/1.mp3,mt-picasso-asia-singapore,1282969818431751597444555/1282969819443079556/AUDIO210201133329337034428/1.mp3,An error occurred (404) when calling the HeadObject operation: Not Found
mtgame-cdn.mindtickle.com,1282969819443079556/314635215119113195/1597067359_CAIVOSASSET10AUG_concat_audio.mp3,mt-picasso-asia-singapore,1282969818431751597444555/1282969819443079556/AUDIO210201133329337261285/1597067359_CAIVOSASSET10AUG_concat_audio.mp3,An error occurred (404) when calling the HeadObject operation: Not Found
mtstreaming-cdn.mindtickle.com,1282969819443079556/314635215119113195/1597067359_CAIVOSASSET10AUG_concat_audio.mp3/mp3/1.mp3,mt-picasso-asia-singapore,1282969818431751597444555/1282969819443079556/AUDIO210201133329337317162/1.mp3,An error occurred (404) when calling the HeadObject operation: Not Found
mtgame-cdn.mindtickle.com,1282969819443079556/user/4b70ec1dc731b94a/test_drafts_vos_cc/1/audio/1597067722307.webm,mt-picasso-asia-singapore,1282969818431751597444555/1282969819443079556/AUDIO210201133329337506222/1597067722307.webm,An error occurred (404) when calling the HeadObject operation: Not Found
mtstreaming-cdn.mindtickle.com,1282969819443079556/user/4b70ec1dc731b94a/test_drafts_vos_cc/1/audio/1597067722307.webm/mp3/1.mp3,mt-picasso-asia-singapore,1282969818431751597444555/1282969819443079556/AUDIO210201133329337561170/1.mp3,An error occurred (404) when calling the HeadObject operation: Not Found
mtgame-cdn.mindtickle.com,1282969819443079556/310846205506657258/1597067748_sssssa_concat_audio.mp3,mt-picasso-asia-singapore,1282969818431751597444555/1282969819443079556/AUDIO210201133329337746465/1597067748_sssssa_concat_audio.mp3,An error occurred (404) when calling the HeadObject operation: Not Found
mtstreaming-cdn.mindtickle.com,1282969819443079556/310846205506657258/1597067748_sssssa_concat_audio.mp3/mp3/1.mp3,mt-picasso-asia-singapore,1282969818431751597444555/1282969819443079556/AUDIO210201133329337800382/1.mp3,An error occurred (404) when calling the HeadObject operation: Not Found
mtgame-cdn.mindtickle.com,1282969819443079556/user/4b70ec1dc731b94a/1597130291462_4b70ec1dc731b94a_CandidateHallTicket2pdf.pdf,mt-picasso-asia-singapore,1282969818431751597444555/1282969819443079556/DOCUMENT210201133329338130220/1597130291462_4b70ec1dc731b94a_CandidateHallTicket2pdf.pdf,An error occurred (404) when calling the HeadObject operation: Not Found
mtdocs-box-processed,1293084296637835386/doc.pdf,mt-picasso-asia-singapore,1282969818431751597444555/1282969819443079556/DOCUMENT210201133329338191288/doc.pdf,An error occurred (404) when calling the HeadObject operation: Not Found
mtdocs-box-processed,1293084296637835386/images/thumbnail-master-0.png,mt-picasso-asia-singapore,1282969818431751597444555/1282969819443079556/IMAGE210201133329338235314/thumbnail-master-0.png,An error occurred (404) when calling the HeadObject operation: Not Found
mtgame-cdn.mindtickle.com,1282969819443079556/user/4b70ec1dc731b94a/1597130359534_4b70ec1dc731b94a_InvoiceOD109560653177831000pdf.pdf,mt-picasso-asia-singapore,1282969818431751597444555/1282969819443079556/DOCUMENT21020113332933852822/1597130359534_4b70ec1dc731b94a_InvoiceOD109560653177831000pdf.pdf,An error occurred (404) when calling the HeadObject operation: Not Found
mtdocs-box-processed,1293084574855218069/doc.pdf,mt-picasso-asia-singapore,1282969818431751597444555/1282969819443079556/DOCUMENT210201133329338586204/doc.pdf,An error occurred (404) when calling the HeadObject operation: Not Found
mtdocs-box-processed,1293084574855218069/images/thumbnail-master-0.png,mt-picasso-asia-singapore,1282969818431751597444555/1282969819443079556/IMAGE210201133329338628399/thumbnail-master-0.png,An error occurred (404) when calling the HeadObject operation: Not Found
mtgame-cdn.mindtickle.com,1282969819443079556/user/4b70ec1dc731b94a/1597412525098_4b70ec1dc731b94a_file_example_WAV_1MGoga.oga,mt-picasso-asia-singapore,1282969818431751597444555/1282969819443079556/AUDIO21020113332933891917/1597412525098_4b70ec1dc731b94a_file_example_WAV_1MGoga.oga,An error occurred (404) when calling the HeadObject operation: Not Found
mtstreaming-cdn.mindtickle.com,1282969819443079556/user/4b70ec1dc731b94a/1597412525098_4b70ec1dc731b94a_file_example_WAV_1MGoga.oga/mp3/1.mp3,mt-picasso-asia-singapore,1282969818431751597444555/1282969819443079556/AUDIO210201133329338976275/1.mp3,An error occurred (404) when calling the HeadObject operation: Not Found
mtgame-cdn.mindtickle.com,1282969819443079556/user/4b70ec1dc731b94a/1597573733779_4b70ec1dc731b94a_SamplePDFFile_5mbpdf.pdf,mt-picasso-asia-singapore,1282969818431751597444555/1282969819443079556/DOCUMENT210201133329339162327/1597573733779_4b70ec1dc731b94a_SamplePDFFile_5mbpdf.pdf,An error occurred (404) when calling the HeadObject operation: Not Found
mtdocs-box-processed,1294944265576200642/doc.pdf,mt-picasso-asia-singapore,1282969818431751597444555/1282969819443079556/DOCUMENT210201133329339219361/doc.pdf,An error occurred (404) when calling the HeadObject operation: Not Found
mtdocs-box-processed,1294944265576200642/images/thumbnail-master-0.png,mt-picasso-asia-singapore,1282969818431751597444555/1282969819443079556/IMAGE21020113332933926180/thumbnail-master-0.png,An error occurred (404) when calling the HeadObject operation: Not Found
