"{""ce"": {""filestackStatus"": null, ""filestackContentParts"": null, ""boxContentParts"": null, ""providerSourceId"": null, ""imagifiedStatusFilestack"": ""IMAGIFIED_NOT_STARTED"", ""type"": 93, ""title"": null, ""uuid"": null, ""imagifyStatusLastUpdated"": 1603946148, ""imagifiedStatusBox"": ""IMAGIFIED_NOT_STARTED"", ""boxStatus"": null, ""uploadedById"": null, ""companyId"": ""1298990501429615073"", ""providerSource"": ""_default"", ""size"": 0, ""imagifiedStatus"": ""IMAGIFIED_NOT_STARTED"", ""uploadedAt"": 1603946148, ""__last_updated_timestamp__"": 1603946148, ""original_path"": ""1298990501429615073/notePdf/922337043290862747577ae9b47convertedPdf"", ""docProcessor"": ""HTML_PDF_LAMBDA"", ""mediaSource"": null, ""status"": 31, ""contentParts"": 0, ""uuid_filestack"": null}, ""id"": ""1321672056190805535""}",STATUS - 31
"{""ce"": {""filestackStatus"": null, ""filestackContentParts"": null, ""boxContentParts"": null, ""providerSourceId"": null, ""imagifiedStatusFilestack"": ""IMAGIFIED_NOT_STARTED"", ""type"": 93, ""title"": null, ""uuid"": null, ""imagifyStatusLastUpdated"": 1603947000, ""imagifiedStatusBox"": ""IMAGIFIED_NOT_STARTED"", ""boxStatus"": null, ""uploadedById"": null, ""companyId"": ""1298990501429615073"", ""providerSource"": ""_default"", ""size"": 0, ""imagifiedStatus"": ""IMAGIFIED_NOT_STARTED"", ""uploadedAt"": 1603947000, ""__last_updated_timestamp__"": 1603947000, ""original_path"": ""1298990501429615073/notePdf/92233704329077754918388afe2convertedPdf"", ""docProcessor"": ""HTML_PDF_LAMBDA"", ""mediaSource"": null, ""status"": 31, ""contentParts"": 0, ""uuid_filestack"": null}, ""id"": ""1321675629670164588""}",STATUS - 31
"{""ce"": {""contentPartsInMillis"": null, ""streamPath"": null, ""transcodingSource"": null, ""transcriptPath"": null, ""providerSourceId"": null, ""type"": 90, ""title"": ""Upload - Pause & Resume_concat_audio.mp3"", ""transcriptionStatus"": ""NOT_STARTED"", ""mp3Path"": null, ""uploadedById"": null, ""companyId"": ""1298990501429615073"", ""providerSource"": ""_default"", ""size"": 0, ""uploadedAt"": 1603972023, ""hlsPath"": null, ""flacPath"": null, ""__last_updated_timestamp__"": 1603972023, ""original_path"": ""1298990501429615073/326182927928974782/1603972023_UploadPauseResume_concat_audio.mp3"", ""mediaSource"": null, ""encodingMediaId"": null, ""vttSubtitlePath"": null, ""status"": 31, ""contentParts"": 1}, ""id"": ""1321780582874537817""}",STATUS - 31
"{""ce"": {""contentPartsInMillis"": null, ""streamPath"": null, ""transcodingSource"": null, ""transcriptPath"": null, ""providerSourceId"": null, ""type"": 90, ""title"": ""Upload - Pause & Resume_concat_audio.mp3"", ""transcriptionStatus"": ""NOT_STARTED"", ""mp3Path"": null, ""uploadedById"": null, ""companyId"": ""1298990501429615073"", ""providerSource"": ""_default"", ""size"": 0, ""uploadedAt"": 1603973908, ""hlsPath"": null, ""flacPath"": null, ""__last_updated_timestamp__"": 1603973908, ""original_path"": ""1298990501429615073/326182927928974782/1603973908_UploadPauseResume_concat_audio.mp3"", ""mediaSource"": null, ""encodingMediaId"": null, ""vttSubtitlePath"": null, ""status"": 31, ""contentParts"": 1}, ""id"": ""1321788492540798230""}",STATUS - 31
"{""ce"": {""contentPartsInMillis"": null, ""streamPath"": null, ""transcodingSource"": null, ""transcriptPath"": null, ""providerSourceId"": null, ""type"": 90, ""title"": ""U+R - Pause & Resume ?+ Download Slides_concat_audio.mp3"", ""transcriptionStatus"": ""NOT_STARTED"", ""mp3Path"": null, ""uploadedById"": null, ""companyId"": ""1298990501429615073"", ""providerSource"": ""_default"", ""size"": 0, ""uploadedAt"": 1603978189, ""hlsPath"": null, ""flacPath"": null, ""__last_updated_timestamp__"": 1603978189, ""original_path"": ""1298990501429615073/326186825209142718/1603978189_URPauseResumeDownloadSlides_concat_audio.mp3"", ""mediaSource"": null, ""encodingMediaId"": null, ""vttSubtitlePath"": null, ""status"": 31, ""contentParts"": 1}, ""id"": ""1321806446343794818""}",STATUS - 31
"{""ce"": {""contentPartsInMillis"": null, ""streamPath"": ""1298990501429615073/user/4be2c0a2a391a3c7/VoiceOverSlideshow/1321428040554684356/6/audio/1604058063656.webm/mp3/1.mp3"", ""transcodingSource"": ""AWS_ELASTIC"", ""transcriptPath"": null, ""providerSourceId"": null, ""type"": 90, ""title"": ""1298990501429615073/user/4be2c0a2a391a3c7/VoiceOverSlideshow/1321428040554684356/6/audio/1604058063656.webm"", ""transcriptionStatus"": ""NOT_STARTED"", ""mp3Path"": ""1298990501429615073/user/4be2c0a2a391a3c7/VoiceOverSlideshow/1321428040554684356/6/audio/1604058063656.webm/mp3/1.mp3"", ""uploadedById"": ""4be2c0a2a391a3c7"", ""companyId"": ""1298990501429615073"", ""providerSource"": ""_default"", ""size"": 248276, ""uploadedAt"": 1604058067, ""hlsPath"": null, ""flacPath"": null, ""__last_updated_timestamp__"": 1604058071, ""original_path"": ""1298990501429615073/user/4be2c0a2a391a3c7/VoiceOverSlideshow/1321428040554684356/6/audio/1604058063656.webm"", ""mediaSource"": null, ""encodingMediaId"": ""1604058066392-03dgtn##0##0"", ""vttSubtitlePath"": null, ""status"": 3, ""contentParts"": 1}, ""id"": ""1322141473580868845""}",STATUS - 3
"{""ce"": {""contentPartsInMillis"": null, ""streamPath"": null, ""transcodingSource"": null, ""transcriptPath"": null, ""providerSourceId"": null, ""type"": 90, ""title"": ""Sales QBR - November 2020_concat_audio.mp3"", ""transcriptionStatus"": ""NOT_STARTED"", ""mp3Path"": null, ""uploadedById"": null, ""companyId"": ""1298990501429615073"", ""providerSource"": ""_default"", ""size"": 0, ""uploadedAt"": 1604058459, ""hlsPath"": null, ""flacPath"": null, ""__last_updated_timestamp__"": 1604058459, ""original_path"": ""1298990501429615073/326214097026735550/1604058459_SalesQBRNovember2020_concat_audio.mp3"", ""mediaSource"": null, ""encodingMediaId"": null, ""vttSubtitlePath"": null, ""status"": 31, ""contentParts"": 1}, ""id"": ""1322143123852536884""}",STATUS - 31
"{""ce"": {""contentPartsInMillis"": null, ""streamPath"": null, ""transcodingSource"": null, ""transcriptPath"": null, ""providerSourceId"": null, ""type"": 90, ""title"": ""Sales QBR - November 2020_concat_audio.mp3"", ""transcriptionStatus"": ""NOT_STARTED"", ""mp3Path"": null, ""uploadedById"": null, ""companyId"": ""1298990501429615073"", ""providerSource"": ""_default"", ""size"": 0, ""uploadedAt"": 1604390044, ""hlsPath"": null, ""flacPath"": null, ""__last_updated_timestamp__"": 1604390044, ""original_path"": ""1298990501429615073/326214097026735550/1604390044_SalesQBRNovember2020_concat_audio.mp3"", ""mediaSource"": null, ""encodingMediaId"": null, ""vttSubtitlePath"": null, ""status"": 31, ""contentParts"": 1}, ""id"": ""1323533893053998280""}",STATUS - 31
"{""ce"": {""contentPartsInMillis"": null, ""streamPath"": null, ""transcodingSource"": null, ""transcriptPath"": null, ""providerSourceId"": null, ""type"": 90, ""title"": ""Sales QBR - November 2020_concat_audio.mp3"", ""transcriptionStatus"": ""NOT_STARTED"", ""mp3Path"": null, ""uploadedById"": null, ""companyId"": ""1298990501429615073"", ""providerSource"": ""_default"", ""size"": 0, ""uploadedAt"": 1604390233, ""hlsPath"": null, ""flacPath"": null, ""__last_updated_timestamp__"": 1604390233, ""original_path"": ""1298990501429615073/326214097026735550/1604390233_SalesQBRNovember2020_concat_audio.mp3"", ""mediaSource"": null, ""encodingMediaId"": null, ""vttSubtitlePath"": null, ""status"": 31, ""contentParts"": 1}, ""id"": ""1323534685147618821""}",STATUS - 31
"{""ce"": {""filestackStatus"": 2, ""filestackContentParts"": null, ""boxContentParts"": null, ""providerSourceId"": null, ""imagifiedStatusFilestack"": ""IMAGIFIED_NOT_STARTED"", ""type"": 93, ""title"": ""Sample1-3.PDF"", ""uuid"": null, ""imagifyStatusLastUpdated"": 1604552762, ""imagifiedStatusBox"": ""IMAGIFIED_NOT_STARTED"", ""boxStatus"": 2, ""uploadedById"": ""4bf97e19837b96cb"", ""companyId"": ""1298990501429615073"", ""providerSource"": ""_default"", ""size"": 164061, ""imagifiedStatus"": ""IMAGIFIED_NOT_STARTED"", ""uploadedAt"": 1604552769, ""__last_updated_timestamp__"": 1604552769, ""original_path"": ""1298990501429615073/user/4bf97e19837b96cb/1604552755486_4bf97e19837b96cb_Sample13PDF.pdf"", ""docProcessor"": ""HYBRID"", ""mediaSource"": null, ""status"": 2, ""contentParts"": 0, ""uuid_filestack"": null}, ""id"": ""1324216381770596456""}",STATUS - 2
"{""ce"": {""filestackStatus"": null, ""filestackContentParts"": null, ""boxContentParts"": null, ""providerSourceId"": null, ""imagifiedStatusFilestack"": ""IMAGIFIED_NOT_STARTED"", ""type"": 93, ""title"": null, ""uuid"": null, ""imagifyStatusLastUpdated"": 1604599911, ""imagifiedStatusBox"": ""IMAGIFIED_NOT_STARTED"", ""boxStatus"": null, ""uploadedById"": null, ""companyId"": ""1298990501429615073"", ""providerSource"": ""_default"", ""size"": 0, ""imagifiedStatus"": ""IMAGIFIED_NOT_STARTED"", ""uploadedAt"": 1604599911, ""__last_updated_timestamp__"": 1604599911, ""original_path"": ""1298990501429615073/notePdf/92233704322548647958e5c5039convertedPdf"", ""docProcessor"": ""HTML_PDF_LAMBDA"", ""mediaSource"": null, ""status"": 31, ""contentParts"": 0, ""uuid_filestack"": null}, ""id"": ""1324414135619699434""}",STATUS - 31
"{""ce"": {""filestackStatus"": 2, ""filestackContentParts"": null, ""boxContentParts"": null, ""providerSourceId"": null, ""imagifiedStatusFilestack"": ""IMAGIFIED_NOT_STARTED"", ""type"": 93, ""title"": ""sample.pdf"", ""uuid"": null, ""imagifyStatusLastUpdated"": 1605101411, ""imagifiedStatusBox"": ""IMAGIFIED_NOT_STARTED"", ""boxStatus"": 2, ""uploadedById"": ""4c96198dd8b1de2e"", ""companyId"": ""1298990501429615073"", ""providerSource"": ""_default"", ""size"": 17592, ""imagifiedStatus"": ""IMAGIFIED_NOT_STARTED"", ""uploadedAt"": 1605101423, ""__last_updated_timestamp__"": 1605101423, ""original_path"": ""1298990501429615073/user/4c96198dd8b1de2e/1605101408907_4c96198dd8b1de2e_samplepdf.pdf"", ""docProcessor"": ""HYBRID"", ""mediaSource"": null, ""status"": 2, ""contentParts"": 0, ""uuid_filestack"": null}, ""id"": ""1326517582195941108""}",STATUS - 2
"{""ce"": {""filestackStatus"": null, ""filestackContentParts"": null, ""boxContentParts"": null, ""providerSourceId"": null, ""imagifiedStatusFilestack"": ""IMAGIFIED_NOT_STARTED"", ""type"": 93, ""title"": null, ""uuid"": null, ""imagifyStatusLastUpdated"": 1605164047, ""imagifiedStatusBox"": ""IMAGIFIED_NOT_STARTED"", ""boxStatus"": null, ""uploadedById"": null, ""companyId"": ""1298990501429615073"", ""providerSource"": ""_default"", ""size"": 0, ""imagifiedStatus"": ""IMAGIFIED_NOT_STARTED"", ""uploadedAt"": 1605164047, ""__last_updated_timestamp__"": 1605164047, ""original_path"": ""1298990501429615073/notePdf/9223370431690728548edae570bconvertedPdf"", ""docProcessor"": ""HTML_PDF_LAMBDA"", ""mediaSource"": null, ""status"": 31, ""contentParts"": 0, ""uuid_filestack"": null}, ""id"": ""1326780294536214425""}",STATUS - 31
"{""ce"": {""contentPartsInMillis"": null, ""streamPath"": ""1298990501429615073/1605164719594sampleAudio.mp3/mp3/1.mp3"", ""transcodingSource"": ""AWS_ELASTIC"", ""transcriptPath"": null, ""providerSourceId"": null, ""type"": 90, ""title"": ""sampleAudio.mp3"", ""transcriptionStatus"": ""NOT_STARTED"", ""mp3Path"": ""1298990501429615073/1605164719594sampleAudio.mp3/mp3/1.mp3"", ""uploadedById"": ""4be2c0a2a391a3c7"", ""companyId"": ""1298990501429615073"", ""providerSource"": ""_default"", ""size"": 764176, ""uploadedAt"": 1605164731, ""hlsPath"": null, ""flacPath"": null, ""__last_updated_timestamp__"": 1605164731, ""original_path"": ""1298990501429615073/1605164719594sampleAudio.mp3"", ""mediaSource"": null, ""encodingMediaId"": ""1605164730085-mwavdc##0##0"", ""vttSubtitlePath"": null, ""status"": 2, ""contentParts"": 1}, ""id"": ""1326783157527705348""}",STATUS - 2
"{""ce"": {""filestackStatus"": 3, ""filestackContentParts"": null, ""boxContentParts"": null, ""providerSourceId"": null, ""imagifiedStatusFilestack"": ""IMAGIFIED_FAILED"", ""type"": 94, ""title"": ""WLNPodcastTemplate_16x9.pptx"", ""uuid"": null, ""imagifyStatusLastUpdated"": 1606815593, ""imagifiedStatusBox"": ""IMAGIFIED_NOT_STARTED"", ""boxStatus"": 2, ""uploadedById"": ""4be2c0a2a391a3c7"", ""companyId"": ""1298990501429615073"", ""providerSource"": ""_default"", ""size"": 202905, ""imagifiedStatus"": ""IMAGIFIED_NOT_STARTED"", ""uploadedAt"": 1606815291, ""__last_updated_timestamp__"": 1606815593, ""original_path"": ""1298990501429615073/1606815283813WLNPodcastTemplate_16x9.pptx"", ""docProcessor"": ""HYBRID"", ""mediaSource"": null, ""status"": 2, ""contentParts"": 0, ""uuid_filestack"": ""0""}, ""id"": ""1333706106070520029""}",STATUS - 2
"{""ce"": {""contentPartsInMillis"": null, ""streamPath"": ""1298990501429615073/user/4be2c0a2a391a3c7/VoiceOverSlideshow/1336311813000019938/2/audio/1607437186014.webm/mp3/1.mp3"", ""transcodingSource"": ""AWS_ELASTIC"", ""transcriptPath"": null, ""providerSourceId"": null, ""type"": 90, ""title"": ""1298990501429615073/user/4be2c0a2a391a3c7/VoiceOverSlideshow/1336311813000019938/2/audio/1607437186014.webm"", ""transcriptionStatus"": ""NOT_STARTED"", ""mp3Path"": ""1298990501429615073/user/4be2c0a2a391a3c7/VoiceOverSlideshow/1336311813000019938/2/audio/1607437186014.webm/mp3/1.mp3"", ""uploadedById"": ""4be2c0a2a391a3c7"", ""companyId"": ""1298990501429615073"", ""providerSource"": ""_default"", ""size"": 41606, ""uploadedAt"": 1607437190, ""hlsPath"": null, ""flacPath"": null, ""__last_updated_timestamp__"": 1607437194, ""original_path"": ""1298990501429615073/user/4be2c0a2a391a3c7/VoiceOverSlideshow/1336311813000019938/2/audio/1607437186014.webm"", ""mediaSource"": null, ""encodingMediaId"": ""1607437189852-qovetr##0##0"", ""vttSubtitlePath"": null, ""status"": 3, ""contentParts"": 1}, ""id"": ""1336314544548223598""}",STATUS - 3
"{""ce"": {""filestackStatus"": null, ""filestackContentParts"": null, ""boxContentParts"": null, ""providerSourceId"": null, ""imagifiedStatusFilestack"": ""IMAGIFIED_NOT_STARTED"", ""type"": 93, ""title"": ""Untitled Document.pdf"", ""uuid"": null, ""imagifyStatusLastUpdated"": 1607523730, ""imagifiedStatusBox"": ""IMAGIFIED_NOT_STARTED"", ""boxStatus"": null, ""uploadedById"": null, ""companyId"": ""1298990501429615073"", ""providerSource"": ""_default"", ""size"": 0, ""imagifiedStatus"": ""IMAGIFIED_NOT_STARTED"", ""uploadedAt"": 1607523730, ""__last_updated_timestamp__"": 1607523730, ""original_path"": ""1298990501429615073/notePdf/9223370429331045530c89134b5convertedPdf"", ""docProcessor"": ""HTML_PDF_LAMBDA"", ""mediaSource"": null, ""status"": 31, ""contentParts"": 0, ""uuid_filestack"": null}, ""id"": ""1336677522455951109""}",STATUS - 31
"{""ce"": {""filestackStatus"": null, ""filestackContentParts"": null, ""boxContentParts"": null, ""providerSourceId"": null, ""imagifiedStatusFilestack"": ""IMAGIFIED_NOT_STARTED"", ""type"": 93, ""title"": ""12345678.pdf"", ""uuid"": null, ""imagifyStatusLastUpdated"": 1607525748, ""imagifiedStatusBox"": ""IMAGIFIED_NOT_STARTED"", ""boxStatus"": null, ""uploadedById"": null, ""companyId"": ""1298990501429615073"", ""providerSource"": ""_default"", ""size"": 0, ""imagifiedStatus"": ""IMAGIFIED_NOT_STARTED"", ""uploadedAt"": 1607525748, ""__last_updated_timestamp__"": 1607525748, ""original_path"": ""1298990501429615073/notePdf/9223370429329027240b68cf82fconvertedPdf"", ""docProcessor"": ""HTML_PDF_LAMBDA"", ""mediaSource"": null, ""status"": 31, ""contentParts"": 0, ""uuid_filestack"": null}, ""id"": ""1336685987775328543""}",STATUS - 31
"{""ce"": {""filestackStatus"": null, ""filestackContentParts"": null, ""boxContentParts"": null, ""providerSourceId"": null, ""imagifiedStatusFilestack"": ""IMAGIFIED_NOT_STARTED"", ""type"": 93, ""title"": null, ""uuid"": null, ""imagifyStatusLastUpdated"": 1607681076, ""imagifiedStatusBox"": ""IMAGIFIED_NOT_STARTED"", ""boxStatus"": null, ""uploadedById"": null, ""companyId"": ""1298990501429615073"", ""providerSource"": ""_default"", ""size"": 0, ""imagifiedStatus"": ""IMAGIFIED_NOT_STARTED"", ""uploadedAt"": 1607681076, ""__last_updated_timestamp__"": 1607681076, ""original_path"": ""1298990501429615073/notePdf/922337042917369905857662d87convertedPdf"", ""docProcessor"": ""HTML_PDF_LAMBDA"", ""mediaSource"": null, ""status"": 31, ""contentParts"": 0, ""uuid_filestack"": null}, ""id"": ""1337337481391980746""}",STATUS - 31
"{""ce"": {""filestackStatus"": null, ""filestackContentParts"": null, ""boxContentParts"": null, ""providerSourceId"": null, ""imagifiedStatusFilestack"": ""IMAGIFIED_NOT_STARTED"", ""type"": 93, ""title"": ""Untitled Document"", ""uuid"": null, ""imagifyStatusLastUpdated"": 1607929993, ""imagifiedStatusBox"": ""IMAGIFIED_NOT_STARTED"", ""boxStatus"": null, ""uploadedById"": null, ""companyId"": ""1298990501429615073"", ""providerSource"": ""_default"", ""size"": 0, ""imagifiedStatus"": ""IMAGIFIED_NOT_STARTED"", ""uploadedAt"": 1607929925, ""__last_updated_timestamp__"": 1607929993, ""original_path"": ""1298990501429615073/notePdf/92233704289248505187072e112convertedPdf"", ""docProcessor"": ""HTML_PDF_LAMBDA"", ""mediaSource"": null, ""status"": 3, ""contentParts"": 0, ""uuid_filestack"": null}, ""id"": ""1338381227819058892""}",STATUS - 3
"{""ce"": {""filestackStatus"": null, ""filestackContentParts"": null, ""boxContentParts"": null, ""providerSourceId"": null, ""imagifiedStatusFilestack"": ""IMAGIFIED_NOT_STARTED"", ""type"": 93, ""title"": null, ""uuid"": null, ""imagifyStatusLastUpdated"": 1607929994, ""imagifiedStatusBox"": ""IMAGIFIED_NOT_STARTED"", ""boxStatus"": null, ""uploadedById"": null, ""companyId"": ""1298990501429615073"", ""providerSource"": ""_default"", ""size"": 0, ""imagifiedStatus"": ""IMAGIFIED_NOT_STARTED"", ""uploadedAt"": 1607929994, ""__last_updated_timestamp__"": 1607929994, ""original_path"": ""1298990501429615073/notePdf/92233704289248505187072e112convertedPdf"", ""docProcessor"": ""HTML_PDF_LAMBDA"", ""mediaSource"": null, ""status"": 31, ""contentParts"": 0, ""uuid_filestack"": null}, ""id"": ""1338381516912646133""}",STATUS - 31
"{""ce"": {""filestackStatus"": null, ""filestackContentParts"": null, ""boxContentParts"": null, ""providerSourceId"": null, ""imagifiedStatusFilestack"": ""IMAGIFIED_NOT_STARTED"", ""type"": 93, ""title"": null, ""uuid"": null, ""imagifyStatusLastUpdated"": 1607955023, ""imagifiedStatusBox"": ""IMAGIFIED_NOT_STARTED"", ""boxStatus"": null, ""uploadedById"": null, ""companyId"": ""1298990501429615073"", ""providerSource"": ""_default"", ""size"": 0, ""imagifiedStatus"": ""IMAGIFIED_NOT_STARTED"", ""uploadedAt"": 1607955023, ""__last_updated_timestamp__"": 1607955023, ""original_path"": ""1298990501429615073/notePdf/922337042889975228020802282convertedPdf"", ""docProcessor"": ""HTML_PDF_LAMBDA"", ""mediaSource"": null, ""status"": 31, ""contentParts"": 0, ""uuid_filestack"": null}, ""id"": ""1338486497457812872""}",STATUS - 31
"{""ce"": {""filestackStatus"": null, ""filestackContentParts"": null, ""boxContentParts"": null, ""providerSourceId"": null, ""imagifiedStatusFilestack"": ""IMAGIFIED_NOT_STARTED"", ""type"": 93, ""title"": null, ""uuid"": null, ""imagifyStatusLastUpdated"": 1607955102, ""imagifiedStatusBox"": ""IMAGIFIED_NOT_STARTED"", ""boxStatus"": null, ""uploadedById"": null, ""companyId"": ""1298990501429615073"", ""providerSource"": ""_default"", ""size"": 0, ""imagifiedStatus"": ""IMAGIFIED_NOT_STARTED"", ""uploadedAt"": 1607955102, ""__last_updated_timestamp__"": 1607955102, ""original_path"": ""1298990501429615073/notePdf/922337042889967283963ada668convertedPdf"", ""docProcessor"": ""HTML_PDF_LAMBDA"", ""mediaSource"": null, ""status"": 31, ""contentParts"": 0, ""uuid_filestack"": null}, ""id"": ""1338486830658437892""}",STATUS - 31
"{""ce"": {""filestackStatus"": null, ""filestackContentParts"": null, ""boxContentParts"": null, ""providerSourceId"": null, ""imagifiedStatusFilestack"": ""IMAGIFIED_NOT_STARTED"", ""type"": 93, ""title"": null, ""uuid"": null, ""imagifyStatusLastUpdated"": 1607955210, ""imagifiedStatusBox"": ""IMAGIFIED_NOT_STARTED"", ""boxStatus"": null, ""uploadedById"": null, ""companyId"": ""1298990501429615073"", ""providerSource"": ""_default"", ""size"": 0, ""imagifiedStatus"": ""IMAGIFIED_NOT_STARTED"", ""uploadedAt"": 1607955210, ""__last_updated_timestamp__"": 1607955210, ""original_path"": ""1298990501429615073/notePdf/9223370428899565261ad75ed03convertedPdf"", ""docProcessor"": ""HTML_PDF_LAMBDA"", ""mediaSource"": null, ""status"": 31, ""contentParts"": 0, ""uuid_filestack"": null}, ""id"": ""1338487281871019608""}",STATUS - 31
"{""ce"": {""filestackStatus"": null, ""filestackContentParts"": null, ""boxContentParts"": null, ""providerSourceId"": null, ""imagifiedStatusFilestack"": ""IMAGIFIED_NOT_STARTED"", ""type"": 93, ""title"": null, ""uuid"": null, ""imagifyStatusLastUpdated"": 1607960345, ""imagifiedStatusBox"": ""IMAGIFIED_NOT_STARTED"", ""boxStatus"": null, ""uploadedById"": null, ""companyId"": ""1298990501429615073"", ""providerSource"": ""_default"", ""size"": 0, ""imagifiedStatus"": ""IMAGIFIED_NOT_STARTED"", ""uploadedAt"": 1607960345, ""__last_updated_timestamp__"": 1607960345, ""original_path"": ""1298990501429615073/notePdf/92233704288944305867fa7eaa3convertedPdf"", ""docProcessor"": ""HTML_PDF_LAMBDA"", ""mediaSource"": null, ""status"": 31, ""contentParts"": 0, ""uuid_filestack"": null}, ""id"": ""1338508818260594729""}",STATUS - 31
"{""ce"": {""filestackStatus"": null, ""filestackContentParts"": null, ""boxContentParts"": null, ""providerSourceId"": null, ""imagifiedStatusFilestack"": ""IMAGIFIED_NOT_STARTED"", ""type"": 93, ""title"": null, ""uuid"": null, ""imagifyStatusLastUpdated"": 1608031203, ""imagifiedStatusBox"": ""IMAGIFIED_NOT_STARTED"", ""boxStatus"": null, ""uploadedById"": null, ""companyId"": ""1298990501429615073"", ""providerSource"": ""_default"", ""size"": 0, ""imagifiedStatus"": ""IMAGIFIED_NOT_STARTED"", ""uploadedAt"": 1608031203, ""__last_updated_timestamp__"": 1608031203, ""original_path"": ""1298990501429615073/notePdf/922337042882357269366226c58convertedPdf"", ""docProcessor"": ""HTML_PDF_LAMBDA"", ""mediaSource"": null, ""status"": 31, ""contentParts"": 0, ""uuid_filestack"": null}, ""id"": ""1338806017802795158""}",STATUS - 31
"{""ce"": {""filestackStatus"": null, ""filestackContentParts"": null, ""boxContentParts"": null, ""providerSourceId"": null, ""imagifiedStatusFilestack"": ""IMAGIFIED_NOT_STARTED"", ""type"": 93, ""title"": null, ""uuid"": null, ""imagifyStatusLastUpdated"": 1608033351, ""imagifiedStatusBox"": ""IMAGIFIED_NOT_STARTED"", ""boxStatus"": null, ""uploadedById"": null, ""companyId"": ""1298990501429615073"", ""providerSource"": ""_default"", ""size"": 0, ""imagifiedStatus"": ""IMAGIFIED_NOT_STARTED"", ""uploadedAt"": 1608033351, ""__last_updated_timestamp__"": 1608033351, ""original_path"": ""1298990501429615073/notePdf/9223370428821424429832f3977convertedPdf"", ""docProcessor"": ""HTML_PDF_LAMBDA"", ""mediaSource"": null, ""status"": 31, ""contentParts"": 0, ""uuid_filestack"": null}, ""id"": ""1338815028275501056""}",STATUS - 31
"{""ce"": {""filestackStatus"": null, ""filestackContentParts"": null, ""boxContentParts"": null, ""providerSourceId"": null, ""imagifiedStatusFilestack"": ""IMAGIFIED_NOT_STARTED"", ""type"": 93, ""title"": null, ""uuid"": null, ""imagifyStatusLastUpdated"": 1608033388, ""imagifiedStatusBox"": ""IMAGIFIED_NOT_STARTED"", ""boxStatus"": null, ""uploadedById"": null, ""companyId"": ""1298990501429615073"", ""providerSource"": ""_default"", ""size"": 0, ""imagifiedStatus"": ""IMAGIFIED_NOT_STARTED"", ""uploadedAt"": 1608033388, ""__last_updated_timestamp__"": 1608033388, ""original_path"": ""1298990501429615073/notePdf/92233704288213877591bfe8f5fconvertedPdf"", ""docProcessor"": ""HTML_PDF_LAMBDA"", ""mediaSource"": null, ""status"": 31, ""contentParts"": 0, ""uuid_filestack"": null}, ""id"": ""1338815182081483370""}",STATUS - 31
"{""ce"": {""filestackStatus"": null, ""filestackContentParts"": null, ""boxContentParts"": null, ""providerSourceId"": null, ""imagifiedStatusFilestack"": ""IMAGIFIED_NOT_STARTED"", ""type"": 93, ""title"": null, ""uuid"": null, ""imagifyStatusLastUpdated"": 1608033402, ""imagifiedStatusBox"": ""IMAGIFIED_NOT_STARTED"", ""boxStatus"": null, ""uploadedById"": null, ""companyId"": ""1298990501429615073"", ""providerSource"": ""_default"", ""size"": 0, ""imagifiedStatus"": ""IMAGIFIED_NOT_STARTED"", ""uploadedAt"": 1608033402, ""__last_updated_timestamp__"": 1608033402, ""original_path"": ""1298990501429615073/notePdf/9223370428821373771f82c6ef0convertedPdf"", ""docProcessor"": ""HTML_PDF_LAMBDA"", ""mediaSource"": null, ""status"": 31, ""contentParts"": 0, ""uuid_filestack"": null}, ""id"": ""1338815240753292721""}",STATUS - 31
"{""ce"": {""filestackStatus"": null, ""filestackContentParts"": null, ""boxContentParts"": null, ""providerSourceId"": null, ""imagifiedStatusFilestack"": ""IMAGIFIED_NOT_STARTED"", ""type"": 93, ""title"": null, ""uuid"": null, ""imagifyStatusLastUpdated"": 1608118700, ""imagifiedStatusBox"": ""IMAGIFIED_NOT_STARTED"", ""boxStatus"": null, ""uploadedById"": null, ""companyId"": ""1298990501429615073"", ""providerSource"": ""_default"", ""size"": 0, ""imagifiedStatus"": ""IMAGIFIED_NOT_STARTED"", ""uploadedAt"": 1608118700, ""__last_updated_timestamp__"": 1608118700, ""original_path"": ""1298990501429615073/notePdf/92233704287360753368c6e9162convertedPdf"", ""docProcessor"": ""HTML_PDF_LAMBDA"", ""mediaSource"": null, ""status"": 31, ""contentParts"": 0, ""uuid_filestack"": null}, ""id"": ""1339173008317347353""}",STATUS - 31
"{""ce"": {""filestackStatus"": null, ""filestackContentParts"": null, ""boxContentParts"": null, ""providerSourceId"": null, ""imagifiedStatusFilestack"": ""IMAGIFIED_NOT_STARTED"", ""type"": 93, ""title"": ""Untitled Document.pdf"", ""uuid"": null, ""imagifyStatusLastUpdated"": 1608187747, ""imagifiedStatusBox"": ""IMAGIFIED_NOT_STARTED"", ""boxStatus"": null, ""uploadedById"": null, ""companyId"": ""1298990501429615073"", ""providerSource"": ""_default"", ""size"": 0, ""imagifiedStatus"": ""IMAGIFIED_NOT_STARTED"", ""uploadedAt"": 1608187747, ""__last_updated_timestamp__"": 1608187747, ""original_path"": ""1298990501429615073/notePdf/9223370428667028581bb3a7a4cconvertedPdf"", ""docProcessor"": ""HTML_PDF_LAMBDA"", ""mediaSource"": null, ""status"": 31, ""contentParts"": 0, ""uuid_filestack"": null}, ""id"": ""1339462611398267899""}",STATUS - 31
"{""ce"": {""filestackStatus"": null, ""filestackContentParts"": null, ""boxContentParts"": null, ""providerSourceId"": null, ""imagifiedStatusFilestack"": ""IMAGIFIED_NOT_STARTED"", ""type"": 93, ""title"": ""Untitled Document.pdf"", ""uuid"": null, ""imagifyStatusLastUpdated"": 1608211085, ""imagifiedStatusBox"": ""IMAGIFIED_NOT_STARTED"", ""boxStatus"": null, ""uploadedById"": null, ""companyId"": ""1298990501429615073"", ""providerSource"": ""_default"", ""size"": 0, ""imagifiedStatus"": ""IMAGIFIED_NOT_STARTED"", ""uploadedAt"": 1608211085, ""__last_updated_timestamp__"": 1608211085, ""original_path"": ""1298990501429615073/notePdf/92233704286436901087b79102econvertedPdf"", ""docProcessor"": ""HTML_PDF_LAMBDA"", ""mediaSource"": null, ""status"": 31, ""contentParts"": 0, ""uuid_filestack"": null}, ""id"": ""1339560500050928369""}",STATUS - 31
"{""ce"": {""filestackStatus"": null, ""filestackContentParts"": null, ""boxContentParts"": null, ""providerSourceId"": null, ""imagifiedStatusFilestack"": ""IMAGIFIED_NOT_STARTED"", ""type"": 93, ""title"": ""Untitled Document.pdf"", ""uuid"": null, ""imagifyStatusLastUpdated"": 1608641797, ""imagifiedStatusBox"": ""IMAGIFIED_NOT_STARTED"", ""boxStatus"": null, ""uploadedById"": null, ""companyId"": ""1298990501429615073"", ""providerSource"": ""_default"", ""size"": 0, ""imagifiedStatus"": ""IMAGIFIED_NOT_STARTED"", ""uploadedAt"": 1608641797, ""__last_updated_timestamp__"": 1608641797, ""original_path"": ""1298990501429615073/notePdf/9223370428212978198ace7997cconvertedPdf"", ""docProcessor"": ""HTML_PDF_LAMBDA"", ""mediaSource"": null, ""status"": 31, ""contentParts"": 0, ""uuid_filestack"": null}, ""id"": ""1341367036737526417""}",STATUS - 31
"{""ce"": {""filestackStatus"": null, ""filestackContentParts"": null, ""boxContentParts"": null, ""providerSourceId"": null, ""imagifiedStatusFilestack"": ""IMAGIFIED_NOT_STARTED"", ""type"": 93, ""title"": ""Untitled Document.pdf"", ""uuid"": null, ""imagifyStatusLastUpdated"": 1608656184, ""imagifiedStatusBox"": ""IMAGIFIED_NOT_STARTED"", ""boxStatus"": null, ""uploadedById"": null, ""companyId"": ""1298990501429615073"", ""providerSource"": ""_default"", ""size"": 0, ""imagifiedStatus"": ""IMAGIFIED_NOT_STARTED"", ""uploadedAt"": 1608656184, ""__last_updated_timestamp__"": 1608656184, ""original_path"": ""1298990501429615073/notePdf/922337042819859167195f0fae2convertedPdf"", ""docProcessor"": ""HTML_PDF_LAMBDA"", ""mediaSource"": null, ""status"": 31, ""contentParts"": 0, ""uuid_filestack"": null}, ""id"": ""1341427378205054550""}",STATUS - 31
"{""ce"": {""filestackStatus"": null, ""filestackContentParts"": null, ""boxContentParts"": null, ""providerSourceId"": null, ""imagifiedStatusFilestack"": ""IMAGIFIED_NOT_STARTED"", ""type"": 93, ""title"": ""Untitled Document.pdf"", ""uuid"": null, ""imagifyStatusLastUpdated"": 1608656221, ""imagifiedStatusBox"": ""IMAGIFIED_NOT_STARTED"", ""boxStatus"": null, ""uploadedById"": null, ""companyId"": ""1298990501429615073"", ""providerSource"": ""_default"", ""size"": 0, ""imagifiedStatus"": ""IMAGIFIED_NOT_STARTED"", ""uploadedAt"": 1608656221, ""__last_updated_timestamp__"": 1608656221, ""original_path"": ""1298990501429615073/notePdf/922337042819855425646789b51convertedPdf"", ""docProcessor"": ""HTML_PDF_LAMBDA"", ""mediaSource"": null, ""status"": 31, ""contentParts"": 0, ""uuid_filestack"": null}, ""id"": ""1341427535133275734""}",STATUS - 31
"{""ce"": {""filestackStatus"": null, ""filestackContentParts"": null, ""boxContentParts"": null, ""providerSourceId"": null, ""imagifiedStatusFilestack"": ""IMAGIFIED_NOT_STARTED"", ""type"": 93, ""title"": ""Untitled Document.pdf"", ""uuid"": null, ""imagifyStatusLastUpdated"": 1608656228, ""imagifiedStatusBox"": ""IMAGIFIED_NOT_STARTED"", ""boxStatus"": null, ""uploadedById"": null, ""companyId"": ""1298990501429615073"", ""providerSource"": ""_default"", ""size"": 0, ""imagifiedStatus"": ""IMAGIFIED_NOT_STARTED"", ""uploadedAt"": 1608656228, ""__last_updated_timestamp__"": 1608656228, ""original_path"": ""1298990501429615073/notePdf/92233704281985470287c091c50convertedPdf"", ""docProcessor"": ""HTML_PDF_LAMBDA"", ""mediaSource"": null, ""status"": 31, ""contentParts"": 0, ""uuid_filestack"": null}, ""id"": ""1341427565449654992""}",STATUS - 31
"{""ce"": {""filestackStatus"": null, ""filestackContentParts"": null, ""boxContentParts"": null, ""providerSourceId"": null, ""imagifiedStatusFilestack"": ""IMAGIFIED_NOT_STARTED"", ""type"": 93, ""title"": ""Untitled Document.pdf"", ""uuid"": null, ""imagifyStatusLastUpdated"": 1608656275, ""imagifiedStatusBox"": ""IMAGIFIED_NOT_STARTED"", ""boxStatus"": null, ""uploadedById"": null, ""companyId"": ""1298990501429615073"", ""providerSource"": ""_default"", ""size"": 0, ""imagifiedStatus"": ""IMAGIFIED_NOT_STARTED"", ""uploadedAt"": 1608656275, ""__last_updated_timestamp__"": 1608656275, ""original_path"": ""1298990501429615073/notePdf/92233704281985004876a5d51d5convertedPdf"", ""docProcessor"": ""HTML_PDF_LAMBDA"", ""mediaSource"": null, ""status"": 31, ""contentParts"": 0, ""uuid_filestack"": null}, ""id"": ""1341427760658668561""}",STATUS - 31
"{""ce"": {""filestackStatus"": null, ""filestackContentParts"": null, ""boxContentParts"": null, ""providerSourceId"": null, ""imagifiedStatusFilestack"": ""IMAGIFIED_NOT_STARTED"", ""type"": 93, ""title"": ""Untitled Document.pdf"", ""uuid"": null, ""imagifyStatusLastUpdated"": 1608696961, ""imagifiedStatusBox"": ""IMAGIFIED_NOT_STARTED"", ""boxStatus"": null, ""uploadedById"": null, ""companyId"": ""1298990501429615073"", ""providerSource"": ""_default"", ""size"": 0, ""imagifiedStatus"": ""IMAGIFIED_NOT_STARTED"", ""uploadedAt"": 1608696961, ""__last_updated_timestamp__"": 1608696961, ""original_path"": ""1298990501429615073/notePdf/92233704281578138470b8448b5convertedPdf"", ""docProcessor"": ""HTML_PDF_LAMBDA"", ""mediaSource"": null, ""status"": 31, ""contentParts"": 0, ""uuid_filestack"": null}, ""id"": ""1341598412793047237""}",STATUS - 31
"{""ce"": {""filestackStatus"": null, ""filestackContentParts"": null, ""boxContentParts"": null, ""providerSourceId"": null, ""imagifiedStatusFilestack"": ""IMAGIFIED_NOT_STARTED"", ""type"": 93, ""title"": ""Untitled Document.pdf"", ""uuid"": null, ""imagifyStatusLastUpdated"": 1608700249, ""imagifiedStatusBox"": ""IMAGIFIED_NOT_STARTED"", ""boxStatus"": null, ""uploadedById"": null, ""companyId"": ""1298990501429615073"", ""providerSource"": ""_default"", ""size"": 0, ""imagifiedStatus"": ""IMAGIFIED_NOT_STARTED"", ""uploadedAt"": 1608700249, ""__last_updated_timestamp__"": 1608700249, ""original_path"": ""1298990501429615073/notePdf/92233704281545262974774e769convertedPdf"", ""docProcessor"": ""HTML_PDF_LAMBDA"", ""mediaSource"": null, ""status"": 31, ""contentParts"": 0, ""uuid_filestack"": null}, ""id"": ""1341612201778461535""}",STATUS - 31
"{""ce"": {""filestackStatus"": null, ""filestackContentParts"": null, ""boxContentParts"": null, ""providerSourceId"": null, ""imagifiedStatusFilestack"": ""IMAGIFIED_NOT_STARTED"", ""type"": 93, ""title"": ""Untitled Document.pdf"", ""uuid"": null, ""imagifyStatusLastUpdated"": 1608700618, ""imagifiedStatusBox"": ""IMAGIFIED_NOT_STARTED"", ""boxStatus"": null, ""uploadedById"": null, ""companyId"": ""1298990501429615073"", ""providerSource"": ""_default"", ""size"": 0, ""imagifiedStatus"": ""IMAGIFIED_NOT_STARTED"", ""uploadedAt"": 1608700618, ""__last_updated_timestamp__"": 1608700618, ""original_path"": ""1298990501429615073/notePdf/9223370428154157134dfed586fconvertedPdf"", ""docProcessor"": ""HTML_PDF_LAMBDA"", ""mediaSource"": null, ""status"": 31, ""contentParts"": 0, ""uuid_filestack"": null}, ""id"": ""1341613750163355949""}",STATUS - 31
"{""ce"": {""filestackStatus"": null, ""filestackContentParts"": null, ""boxContentParts"": null, ""providerSourceId"": null, ""imagifiedStatusFilestack"": ""IMAGIFIED_NOT_STARTED"", ""type"": 93, ""title"": ""Untitled Document.pdf"", ""uuid"": null, ""imagifyStatusLastUpdated"": 1608700699, ""imagifiedStatusBox"": ""IMAGIFIED_NOT_STARTED"", ""boxStatus"": null, ""uploadedById"": null, ""companyId"": ""1298990501429615073"", ""providerSource"": ""_default"", ""size"": 0, ""imagifiedStatus"": ""IMAGIFIED_NOT_STARTED"", ""uploadedAt"": 1608700699, ""__last_updated_timestamp__"": 1608700699, ""original_path"": ""1298990501429615073/notePdf/92233704281540760536da6aaceconvertedPdf"", ""docProcessor"": ""HTML_PDF_LAMBDA"", ""mediaSource"": null, ""status"": 31, ""contentParts"": 0, ""uuid_filestack"": null}, ""id"": ""1341614090239247486""}",STATUS - 31
"{""ce"": {""filestackStatus"": null, ""filestackContentParts"": null, ""boxContentParts"": null, ""providerSourceId"": null, ""imagifiedStatusFilestack"": ""IMAGIFIED_NOT_STARTED"", ""type"": 93, ""title"": ""Untitled Document.pdf"", ""uuid"": null, ""imagifyStatusLastUpdated"": 1608701457, ""imagifiedStatusBox"": ""IMAGIFIED_NOT_STARTED"", ""boxStatus"": null, ""uploadedById"": null, ""companyId"": ""1298990501429615073"", ""providerSource"": ""_default"", ""size"": 0, ""imagifiedStatus"": ""IMAGIFIED_NOT_STARTED"", ""uploadedAt"": 1608701457, ""__last_updated_timestamp__"": 1608701457, ""original_path"": ""1298990501429615073/notePdf/9223370428153318216324b480fconvertedPdf"", ""docProcessor"": ""HTML_PDF_LAMBDA"", ""mediaSource"": null, ""status"": 31, ""contentParts"": 0, ""uuid_filestack"": null}, ""id"": ""1341617268841050772""}",STATUS - 31
"{""ce"": {""filestackStatus"": null, ""filestackContentParts"": null, ""boxContentParts"": null, ""providerSourceId"": null, ""imagifiedStatusFilestack"": ""IMAGIFIED_NOT_STARTED"", ""type"": 93, ""title"": ""Untitled Document.pdf"", ""uuid"": null, ""imagifyStatusLastUpdated"": 1608701746, ""imagifiedStatusBox"": ""IMAGIFIED_NOT_STARTED"", ""boxStatus"": null, ""uploadedById"": null, ""companyId"": ""1298990501429615073"", ""providerSource"": ""_default"", ""size"": 0, ""imagifiedStatus"": ""IMAGIFIED_NOT_STARTED"", ""uploadedAt"": 1608701746, ""__last_updated_timestamp__"": 1608701746, ""original_path"": ""1298990501429615073/notePdf/9223370428153029378afb8a3e6convertedPdf"", ""docProcessor"": ""HTML_PDF_LAMBDA"", ""mediaSource"": null, ""status"": 31, ""contentParts"": 0, ""uuid_filestack"": null}, ""id"": ""1341618480312028318""}",STATUS - 31
"{""ce"": {""filestackStatus"": null, ""filestackContentParts"": null, ""boxContentParts"": null, ""providerSourceId"": null, ""imagifiedStatusFilestack"": ""IMAGIFIED_NOT_STARTED"", ""type"": 93, ""title"": ""Untitled Document.pdf"", ""uuid"": null, ""imagifyStatusLastUpdated"": 1608702128, ""imagifiedStatusBox"": ""IMAGIFIED_NOT_STARTED"", ""boxStatus"": null, ""uploadedById"": null, ""companyId"": ""1298990501429615073"", ""providerSource"": ""_default"", ""size"": 0, ""imagifiedStatus"": ""IMAGIFIED_NOT_STARTED"", ""uploadedAt"": 1608702128, ""__last_updated_timestamp__"": 1608702128, ""original_path"": ""1298990501429615073/notePdf/9223370428152647518ccccfdfaconvertedPdf"", ""docProcessor"": ""HTML_PDF_LAMBDA"", ""mediaSource"": null, ""status"": 31, ""contentParts"": 0, ""uuid_filestack"": null}, ""id"": ""1341620081949896287""}",STATUS - 31
"{""ce"": {""filestackStatus"": null, ""filestackContentParts"": null, ""boxContentParts"": null, ""providerSourceId"": null, ""imagifiedStatusFilestack"": ""IMAGIFIED_NOT_STARTED"", ""type"": 93, ""title"": ""Untitled Document.pdf"", ""uuid"": null, ""imagifyStatusLastUpdated"": 1608702232, ""imagifiedStatusBox"": ""IMAGIFIED_NOT_STARTED"", ""boxStatus"": null, ""uploadedById"": null, ""companyId"": ""1298990501429615073"", ""providerSource"": ""_default"", ""size"": 0, ""imagifiedStatus"": ""IMAGIFIED_NOT_STARTED"", ""uploadedAt"": 1608702232, ""__last_updated_timestamp__"": 1608702232, ""original_path"": ""1298990501429615073/notePdf/92233704281525429667f905c05convertedPdf"", ""docProcessor"": ""HTML_PDF_LAMBDA"", ""mediaSource"": null, ""status"": 31, ""contentParts"": 0, ""uuid_filestack"": null}, ""id"": ""1341620520471635280""}",STATUS - 31
"{""ce"": {""filestackStatus"": null, ""filestackContentParts"": null, ""boxContentParts"": null, ""providerSourceId"": null, ""imagifiedStatusFilestack"": ""IMAGIFIED_NOT_STARTED"", ""type"": 93, ""title"": ""Untitled Document.pdf"", ""uuid"": null, ""imagifyStatusLastUpdated"": 1608702617, ""imagifiedStatusBox"": ""IMAGIFIED_NOT_STARTED"", ""boxStatus"": null, ""uploadedById"": null, ""companyId"": ""1298990501429615073"", ""providerSource"": ""_default"", ""size"": 0, ""imagifiedStatus"": ""IMAGIFIED_NOT_STARTED"", ""uploadedAt"": 1608702617, ""__last_updated_timestamp__"": 1608702617, ""original_path"": ""1298990501429615073/notePdf/9223370428152157967c9f5f780convertedPdf"", ""docProcessor"": ""HTML_PDF_LAMBDA"", ""mediaSource"": null, ""status"": 31, ""contentParts"": 0, ""uuid_filestack"": null}, ""id"": ""1341622135280385616""}",STATUS - 31
"{""ce"": {""filestackStatus"": null, ""filestackContentParts"": null, ""boxContentParts"": null, ""providerSourceId"": null, ""imagifiedStatusFilestack"": ""IMAGIFIED_NOT_STARTED"", ""type"": 93, ""title"": ""Untitled Document.pdf"", ""uuid"": null, ""imagifyStatusLastUpdated"": 1608702840, ""imagifiedStatusBox"": ""IMAGIFIED_NOT_STARTED"", ""boxStatus"": null, ""uploadedById"": null, ""companyId"": ""1298990501429615073"", ""providerSource"": ""_default"", ""size"": 0, ""imagifiedStatus"": ""IMAGIFIED_NOT_STARTED"", ""uploadedAt"": 1608702840, ""__last_updated_timestamp__"": 1608702840, ""original_path"": ""1298990501429615073/notePdf/922337042815193577026c890b9convertedPdf"", ""docProcessor"": ""HTML_PDF_LAMBDA"", ""mediaSource"": null, ""status"": 31, ""contentParts"": 0, ""uuid_filestack"": null}, ""id"": ""1341623067243161527""}",STATUS - 31
"{""ce"": {""filestackStatus"": null, ""filestackContentParts"": null, ""boxContentParts"": null, ""providerSourceId"": null, ""imagifiedStatusFilestack"": ""IMAGIFIED_NOT_STARTED"", ""type"": 93, ""title"": ""Untitled Document.pdf"", ""uuid"": null, ""imagifyStatusLastUpdated"": 1608704723, ""imagifiedStatusBox"": ""IMAGIFIED_NOT_STARTED"", ""boxStatus"": null, ""uploadedById"": null, ""companyId"": ""1298990501429615073"", ""providerSource"": ""_default"", ""size"": 0, ""imagifiedStatus"": ""IMAGIFIED_NOT_STARTED"", ""uploadedAt"": 1608704723, ""__last_updated_timestamp__"": 1608704723, ""original_path"": ""1298990501429615073/notePdf/922337042815005185976890a76convertedPdf"", ""docProcessor"": ""HTML_PDF_LAMBDA"", ""mediaSource"": null, ""status"": 31, ""contentParts"": 0, ""uuid_filestack"": null}, ""id"": ""1341630968933774520""}",STATUS - 31
"{""ce"": {""filestackStatus"": null, ""filestackContentParts"": null, ""boxContentParts"": null, ""providerSourceId"": null, ""imagifiedStatusFilestack"": ""IMAGIFIED_NOT_STARTED"", ""type"": 93, ""title"": ""Untitled Document.pdf"", ""uuid"": null, ""imagifyStatusLastUpdated"": 1608705043, ""imagifiedStatusBox"": ""IMAGIFIED_NOT_STARTED"", ""boxStatus"": null, ""uploadedById"": null, ""companyId"": ""1298990501429615073"", ""providerSource"": ""_default"", ""size"": 0, ""imagifiedStatus"": ""IMAGIFIED_NOT_STARTED"", ""uploadedAt"": 1608705043, ""__last_updated_timestamp__"": 1608705043, ""original_path"": ""1298990501429615073/notePdf/9223370428149732772d36469b2convertedPdf"", ""docProcessor"": ""HTML_PDF_LAMBDA"", ""mediaSource"": null, ""status"": 31, ""contentParts"": 0, ""uuid_filestack"": null}, ""id"": ""1341632307280242634""}",STATUS - 31
"{""ce"": {""filestackStatus"": null, ""filestackContentParts"": null, ""boxContentParts"": null, ""providerSourceId"": null, ""imagifiedStatusFilestack"": ""IMAGIFIED_NOT_STARTED"", ""type"": 93, ""title"": ""Untitled Document.pdf"", ""uuid"": null, ""imagifyStatusLastUpdated"": 1608705541, ""imagifiedStatusBox"": ""IMAGIFIED_NOT_STARTED"", ""boxStatus"": null, ""uploadedById"": null, ""companyId"": ""1298990501429615073"", ""providerSource"": ""_default"", ""size"": 0, ""imagifiedStatus"": ""IMAGIFIED_NOT_STARTED"", ""uploadedAt"": 1608705541, ""__last_updated_timestamp__"": 1608705541, ""original_path"": ""1298990501429615073/notePdf/92233704281492347957edbb0a6convertedPdf"", ""docProcessor"": ""HTML_PDF_LAMBDA"", ""mediaSource"": null, ""status"": 31, ""contentParts"": 0, ""uuid_filestack"": null}, ""id"": ""1341634395948681212""}",STATUS - 31
"{""ce"": {""filestackStatus"": null, ""filestackContentParts"": null, ""boxContentParts"": null, ""providerSourceId"": null, ""imagifiedStatusFilestack"": ""IMAGIFIED_NOT_STARTED"", ""type"": 93, ""title"": ""Untitled Document.pdf"", ""uuid"": null, ""imagifyStatusLastUpdated"": 1608707579, ""imagifiedStatusBox"": ""IMAGIFIED_NOT_STARTED"", ""boxStatus"": null, ""uploadedById"": null, ""companyId"": ""1298990501429615073"", ""providerSource"": ""_default"", ""size"": 0, ""imagifiedStatus"": ""IMAGIFIED_NOT_STARTED"", ""uploadedAt"": 1608707579, ""__last_updated_timestamp__"": 1608707579, ""original_path"": ""1298990501429615073/notePdf/9223370428147196790311a549dconvertedPdf"", ""docProcessor"": ""HTML_PDF_LAMBDA"", ""mediaSource"": null, ""status"": 31, ""contentParts"": 0, ""uuid_filestack"": null}, ""id"": ""1341642943962688768""}",STATUS - 31
"{""ce"": {""filestackStatus"": null, ""filestackContentParts"": null, ""boxContentParts"": null, ""providerSourceId"": null, ""imagifiedStatusFilestack"": ""IMAGIFIED_NOT_STARTED"", ""type"": 93, ""title"": ""Untitled Document.pdf"", ""uuid"": null, ""imagifyStatusLastUpdated"": 1608709044, ""imagifiedStatusBox"": ""IMAGIFIED_NOT_STARTED"", ""boxStatus"": null, ""uploadedById"": null, ""companyId"": ""1298990501429615073"", ""providerSource"": ""_default"", ""size"": 0, ""imagifiedStatus"": ""IMAGIFIED_NOT_STARTED"", ""uploadedAt"": 1608709044, ""__last_updated_timestamp__"": 1608709044, ""original_path"": ""1298990501429615073/notePdf/9223370428145731133ecc0d94dconvertedPdf"", ""docProcessor"": ""HTML_PDF_LAMBDA"", ""mediaSource"": null, ""status"": 31, ""contentParts"": 0, ""uuid_filestack"": null}, ""id"": ""1341649091376536712""}",STATUS - 31
"{""ce"": {""filestackStatus"": null, ""filestackContentParts"": null, ""boxContentParts"": null, ""providerSourceId"": null, ""imagifiedStatusFilestack"": ""IMAGIFIED_NOT_STARTED"", ""type"": 93, ""title"": null, ""uuid"": null, ""imagifyStatusLastUpdated"": 1608709278, ""imagifiedStatusBox"": ""IMAGIFIED_NOT_STARTED"", ""boxStatus"": null, ""uploadedById"": null, ""companyId"": ""1298990501429615073"", ""providerSource"": ""_default"", ""size"": 0, ""imagifiedStatus"": ""IMAGIFIED_NOT_STARTED"", ""uploadedAt"": 1608709278, ""__last_updated_timestamp__"": 1608709278, ""original_path"": ""1298990501429615073/notePdf/92233704281454971521b8fcd2fconvertedPdf"", ""docProcessor"": ""HTML_PDF_LAMBDA"", ""mediaSource"": null, ""status"": 31, ""contentParts"": 0, ""uuid_filestack"": null}, ""id"": ""1341650072759705619""}",STATUS - 31
"{""ce"": {""filestackStatus"": null, ""filestackContentParts"": null, ""boxContentParts"": null, ""providerSourceId"": null, ""imagifiedStatusFilestack"": ""IMAGIFIED_NOT_STARTED"", ""type"": 93, ""title"": ""Untitled Document.pdf"", ""uuid"": null, ""imagifyStatusLastUpdated"": 1608709431, ""imagifiedStatusBox"": ""IMAGIFIED_NOT_STARTED"", ""boxStatus"": null, ""uploadedById"": null, ""companyId"": ""1298990501429615073"", ""providerSource"": ""_default"", ""size"": 0, ""imagifiedStatus"": ""IMAGIFIED_NOT_STARTED"", ""uploadedAt"": 1608709431, ""__last_updated_timestamp__"": 1608709431, ""original_path"": ""1298990501429615073/notePdf/922337042814534474265bdd508convertedPdf"", ""docProcessor"": ""HTML_PDF_LAMBDA"", ""mediaSource"": null, ""status"": 31, ""contentParts"": 0, ""uuid_filestack"": null}, ""id"": ""1341650712013403120""}",STATUS - 31
"{""ce"": {""filestackStatus"": null, ""filestackContentParts"": null, ""boxContentParts"": null, ""providerSourceId"": null, ""imagifiedStatusFilestack"": ""IMAGIFIED_NOT_STARTED"", ""type"": 93, ""title"": ""RTD-1.pdf"", ""uuid"": null, ""imagifyStatusLastUpdated"": 1608711500, ""imagifiedStatusBox"": ""IMAGIFIED_NOT_STARTED"", ""boxStatus"": null, ""uploadedById"": null, ""companyId"": ""1298990501429615073"", ""providerSource"": ""_default"", ""size"": 0, ""imagifiedStatus"": ""IMAGIFIED_NOT_STARTED"", ""uploadedAt"": 1608711500, ""__last_updated_timestamp__"": 1608711500, ""original_path"": ""1298990501429615073/notePdf/9223370428143275330b9511bf4convertedPdf"", ""docProcessor"": ""HTML_PDF_LAMBDA"", ""mediaSource"": null, ""status"": 31, ""contentParts"": 0, ""uuid_filestack"": null}, ""id"": ""1341659391757487987""}",STATUS - 31
"{""ce"": {""filestackStatus"": null, ""filestackContentParts"": null, ""boxContentParts"": null, ""providerSourceId"": null, ""imagifiedStatusFilestack"": ""IMAGIFIED_NOT_STARTED"", ""type"": 93, ""title"": ""RTD-1.pdf"", ""uuid"": null, ""imagifyStatusLastUpdated"": 1608711743, ""imagifiedStatusBox"": ""IMAGIFIED_NOT_STARTED"", ""boxStatus"": null, ""uploadedById"": null, ""companyId"": ""1298990501429615073"", ""providerSource"": ""_default"", ""size"": 0, ""imagifiedStatus"": ""IMAGIFIED_NOT_STARTED"", ""uploadedAt"": 1608711743, ""__last_updated_timestamp__"": 1608711743, ""original_path"": ""1298990501429615073/notePdf/92233704281430318888b5f5d99convertedPdf"", ""docProcessor"": ""HTML_PDF_LAMBDA"", ""mediaSource"": null, ""status"": 31, ""contentParts"": 0, ""uuid_filestack"": null}, ""id"": ""1341660412825860030""}",STATUS - 31
"{""ce"": {""filestackStatus"": null, ""filestackContentParts"": null, ""boxContentParts"": null, ""providerSourceId"": null, ""imagifiedStatusFilestack"": ""IMAGIFIED_NOT_STARTED"", ""type"": 93, ""title"": ""RTD-1.pdf"", ""uuid"": null, ""imagifyStatusLastUpdated"": 1608711781, ""imagifiedStatusBox"": ""IMAGIFIED_NOT_STARTED"", ""boxStatus"": null, ""uploadedById"": null, ""companyId"": ""1298990501429615073"", ""providerSource"": ""_default"", ""size"": 0, ""imagifiedStatus"": ""IMAGIFIED_NOT_STARTED"", ""uploadedAt"": 1608711781, ""__last_updated_timestamp__"": 1608711781, ""original_path"": ""1298990501429615073/notePdf/92233704281429947491a51b2c6convertedPdf"", ""docProcessor"": ""HTML_PDF_LAMBDA"", ""mediaSource"": null, ""status"": 31, ""contentParts"": 0, ""uuid_filestack"": null}, ""id"": ""1341660568603262622""}",STATUS - 31
"{""ce"": {""filestackStatus"": null, ""filestackContentParts"": null, ""boxContentParts"": null, ""providerSourceId"": null, ""imagifiedStatusFilestack"": ""IMAGIFIED_NOT_STARTED"", ""type"": 93, ""title"": ""Untitled Document.pdf"", ""uuid"": null, ""imagifyStatusLastUpdated"": 1608711894, ""imagifiedStatusBox"": ""IMAGIFIED_NOT_STARTED"", ""boxStatus"": null, ""uploadedById"": null, ""companyId"": ""1298990501429615073"", ""providerSource"": ""_default"", ""size"": 0, ""imagifiedStatus"": ""IMAGIFIED_NOT_STARTED"", ""uploadedAt"": 1608711894, ""__last_updated_timestamp__"": 1608711894, ""original_path"": ""1298990501429615073/notePdf/92233704281428817330868a84aconvertedPdf"", ""docProcessor"": ""HTML_PDF_LAMBDA"", ""mediaSource"": null, ""status"": 31, ""contentParts"": 0, ""uuid_filestack"": null}, ""id"": ""1341661042619259607""}",STATUS - 31
"{""ce"": {""filestackStatus"": null, ""filestackContentParts"": null, ""boxContentParts"": null, ""providerSourceId"": null, ""imagifiedStatusFilestack"": ""IMAGIFIED_NOT_STARTED"", ""type"": 93, ""title"": ""RTD-1.pdf"", ""uuid"": null, ""imagifyStatusLastUpdated"": 1608712071, ""imagifiedStatusBox"": ""IMAGIFIED_NOT_STARTED"", ""boxStatus"": null, ""uploadedById"": null, ""companyId"": ""1298990501429615073"", ""providerSource"": ""_default"", ""size"": 0, ""imagifiedStatus"": ""IMAGIFIED_NOT_STARTED"", ""uploadedAt"": 1608712071, ""__last_updated_timestamp__"": 1608712071, ""original_path"": ""1298990501429615073/notePdf/922337042814270450037d866cfconvertedPdf"", ""docProcessor"": ""HTML_PDF_LAMBDA"", ""mediaSource"": null, ""status"": 31, ""contentParts"": 0, ""uuid_filestack"": null}, ""id"": ""1341661785990887339""}",STATUS - 31
"{""ce"": {""filestackStatus"": null, ""filestackContentParts"": null, ""boxContentParts"": null, ""providerSourceId"": null, ""imagifiedStatusFilestack"": ""IMAGIFIED_NOT_STARTED"", ""type"": 93, ""title"": ""RTD-1.pdf"", ""uuid"": null, ""imagifyStatusLastUpdated"": 1608712206, ""imagifiedStatusBox"": ""IMAGIFIED_NOT_STARTED"", ""boxStatus"": null, ""uploadedById"": null, ""companyId"": ""1298990501429615073"", ""providerSource"": ""_default"", ""size"": 0, ""imagifiedStatus"": ""IMAGIFIED_NOT_STARTED"", ""uploadedAt"": 1608712206, ""__last_updated_timestamp__"": 1608712206, ""original_path"": ""1298990501429615073/notePdf/9223370428142569722faa29ee6convertedPdf"", ""docProcessor"": ""HTML_PDF_LAMBDA"", ""mediaSource"": null, ""status"": 31, ""contentParts"": 0, ""uuid_filestack"": null}, ""id"": ""1341662351293995800""}",STATUS - 31
"{""ce"": {""filestackStatus"": null, ""filestackContentParts"": null, ""boxContentParts"": null, ""providerSourceId"": null, ""imagifiedStatusFilestack"": ""IMAGIFIED_NOT_STARTED"", ""type"": 93, ""title"": ""RTD-1.pdf"", ""uuid"": null, ""imagifyStatusLastUpdated"": 1608712223, ""imagifiedStatusBox"": ""IMAGIFIED_NOT_STARTED"", ""boxStatus"": null, ""uploadedById"": null, ""companyId"": ""1298990501429615073"", ""providerSource"": ""_default"", ""size"": 0, ""imagifiedStatus"": ""IMAGIFIED_NOT_STARTED"", ""uploadedAt"": 1608712223, ""__last_updated_timestamp__"": 1608712223, ""original_path"": ""1298990501429615073/notePdf/9223370428142552629f67726ecconvertedPdf"", ""docProcessor"": ""HTML_PDF_LAMBDA"", ""mediaSource"": null, ""status"": 31, ""contentParts"": 0, ""uuid_filestack"": null}, ""id"": ""1341662422981197910""}",STATUS - 31
"{""ce"": {""filestackStatus"": null, ""filestackContentParts"": null, ""boxContentParts"": null, ""providerSourceId"": null, ""imagifiedStatusFilestack"": ""IMAGIFIED_NOT_STARTED"", ""type"": 93, ""title"": ""RTD-1.pdf"", ""uuid"": null, ""imagifyStatusLastUpdated"": 1608712236, ""imagifiedStatusBox"": ""IMAGIFIED_NOT_STARTED"", ""boxStatus"": null, ""uploadedById"": null, ""companyId"": ""1298990501429615073"", ""providerSource"": ""_default"", ""size"": 0, ""imagifiedStatus"": ""IMAGIFIED_NOT_STARTED"", ""uploadedAt"": 1608712236, ""__last_updated_timestamp__"": 1608712236, ""original_path"": ""1298990501429615073/notePdf/9223370428142539192e7c52869convertedPdf"", ""docProcessor"": ""HTML_PDF_LAMBDA"", ""mediaSource"": null, ""status"": 31, ""contentParts"": 0, ""uuid_filestack"": null}, ""id"": ""1341662479341139184""}",STATUS - 31
"{""ce"": {""filestackStatus"": null, ""filestackContentParts"": null, ""boxContentParts"": null, ""providerSourceId"": null, ""imagifiedStatusFilestack"": ""IMAGIFIED_NOT_STARTED"", ""type"": 93, ""title"": ""RTD-1.pdf"", ""uuid"": null, ""imagifyStatusLastUpdated"": 1608712244, ""imagifiedStatusBox"": ""IMAGIFIED_NOT_STARTED"", ""boxStatus"": null, ""uploadedById"": null, ""companyId"": ""1298990501429615073"", ""providerSource"": ""_default"", ""size"": 0, ""imagifiedStatus"": ""IMAGIFIED_NOT_STARTED"", ""uploadedAt"": 1608712244, ""__last_updated_timestamp__"": 1608712244, ""original_path"": ""1298990501429615073/notePdf/922337042814253134497ce74fcconvertedPdf"", ""docProcessor"": ""HTML_PDF_LAMBDA"", ""mediaSource"": null, ""status"": 31, ""contentParts"": 0, ""uuid_filestack"": null}, ""id"": ""1341662512258016675""}",STATUS - 31
"{""ce"": {""filestackStatus"": null, ""filestackContentParts"": null, ""boxContentParts"": null, ""providerSourceId"": null, ""imagifiedStatusFilestack"": ""IMAGIFIED_NOT_STARTED"", ""type"": 93, ""title"": ""RTD-1.pdf"", ""uuid"": null, ""imagifyStatusLastUpdated"": 1608712313, ""imagifiedStatusBox"": ""IMAGIFIED_NOT_STARTED"", ""boxStatus"": null, ""uploadedById"": null, ""companyId"": ""1298990501429615073"", ""providerSource"": ""_default"", ""size"": 0, ""imagifiedStatus"": ""IMAGIFIED_NOT_STARTED"", ""uploadedAt"": 1608712313, ""__last_updated_timestamp__"": 1608712313, ""original_path"": ""1298990501429615073/notePdf/9223370428142462678fcee9068convertedPdf"", ""docProcessor"": ""HTML_PDF_LAMBDA"", ""mediaSource"": null, ""status"": 31, ""contentParts"": 0, ""uuid_filestack"": null}, ""id"": ""1341662800263400468""}",STATUS - 31
"{""ce"": {""filestackStatus"": null, ""filestackContentParts"": null, ""boxContentParts"": null, ""providerSourceId"": null, ""imagifiedStatusFilestack"": ""IMAGIFIED_NOT_STARTED"", ""type"": 93, ""title"": ""Untitled Document.pdf"", ""uuid"": null, ""imagifyStatusLastUpdated"": 1608713587, ""imagifiedStatusBox"": ""IMAGIFIED_NOT_STARTED"", ""boxStatus"": null, ""uploadedById"": null, ""companyId"": ""1298990501429615073"", ""providerSource"": ""_default"", ""size"": 0, ""imagifiedStatus"": ""IMAGIFIED_NOT_STARTED"", ""uploadedAt"": 1608713587, ""__last_updated_timestamp__"": 1608713587, ""original_path"": ""1298990501429615073/notePdf/9223370428141188214e74d84d8convertedPdf"", ""docProcessor"": ""HTML_PDF_LAMBDA"", ""mediaSource"": null, ""status"": 31, ""contentParts"": 0, ""uuid_filestack"": null}, ""id"": ""1341668145758834868""}",STATUS - 31
"{""ce"": {""filestackStatus"": null, ""filestackContentParts"": null, ""boxContentParts"": null, ""providerSourceId"": null, ""imagifiedStatusFilestack"": ""IMAGIFIED_NOT_STARTED"", ""type"": 93, ""title"": ""Untitled Document.pdf"", ""uuid"": null, ""imagifyStatusLastUpdated"": 1608714188, ""imagifiedStatusBox"": ""IMAGIFIED_NOT_STARTED"", ""boxStatus"": null, ""uploadedById"": null, ""companyId"": ""1298990501429615073"", ""providerSource"": ""_default"", ""size"": 0, ""imagifiedStatus"": ""IMAGIFIED_NOT_STARTED"", ""uploadedAt"": 1608714188, ""__last_updated_timestamp__"": 1608714188, ""original_path"": ""1298990501429615073/notePdf/922337042814058743309887bf9convertedPdf"", ""docProcessor"": ""HTML_PDF_LAMBDA"", ""mediaSource"": null, ""status"": 31, ""contentParts"": 0, ""uuid_filestack"": null}, ""id"": ""1341670665611697749""}",STATUS - 31
"{""ce"": {""filestackStatus"": null, ""filestackContentParts"": null, ""boxContentParts"": null, ""providerSourceId"": null, ""imagifiedStatusFilestack"": ""IMAGIFIED_NOT_STARTED"", ""type"": 93, ""title"": ""Untitled Document.pdf"", ""uuid"": null, ""imagifyStatusLastUpdated"": 1608718804, ""imagifiedStatusBox"": ""IMAGIFIED_NOT_STARTED"", ""boxStatus"": null, ""uploadedById"": null, ""companyId"": ""1298990501429615073"", ""providerSource"": ""_default"", ""size"": 0, ""imagifiedStatus"": ""IMAGIFIED_NOT_STARTED"", ""uploadedAt"": 1608718804, ""__last_updated_timestamp__"": 1608718804, ""original_path"": ""1298990501429615073/notePdf/9223370428135971139a9fa099aconvertedPdf"", ""docProcessor"": ""HTML_PDF_LAMBDA"", ""mediaSource"": null, ""status"": 31, ""contentParts"": 0, ""uuid_filestack"": null}, ""id"": ""1341690027754853299""}",STATUS - 31
"{""ce"": {""filestackStatus"": null, ""filestackContentParts"": null, ""boxContentParts"": null, ""providerSourceId"": null, ""imagifiedStatusFilestack"": ""IMAGIFIED_NOT_STARTED"", ""type"": 93, ""title"": ""Untitled Document.pdf"", ""uuid"": null, ""imagifyStatusLastUpdated"": 1608718838, ""imagifiedStatusBox"": ""IMAGIFIED_NOT_STARTED"", ""boxStatus"": null, ""uploadedById"": null, ""companyId"": ""1298990501429615073"", ""providerSource"": ""_default"", ""size"": 0, ""imagifiedStatus"": ""IMAGIFIED_NOT_STARTED"", ""uploadedAt"": 1608718838, ""__last_updated_timestamp__"": 1608718838, ""original_path"": ""1298990501429615073/notePdf/922337042813593700842f60467convertedPdf"", ""docProcessor"": ""HTML_PDF_LAMBDA"", ""mediaSource"": null, ""status"": 31, ""contentParts"": 0, ""uuid_filestack"": null}, ""id"": ""1341690170909422505""}",STATUS - 31
"{""ce"": {""filestackStatus"": null, ""filestackContentParts"": null, ""boxContentParts"": null, ""providerSourceId"": null, ""imagifiedStatusFilestack"": ""IMAGIFIED_NOT_STARTED"", ""type"": 93, ""title"": ""Untitled Document.pdf"", ""uuid"": null, ""imagifyStatusLastUpdated"": 1608719181, ""imagifiedStatusBox"": ""IMAGIFIED_NOT_STARTED"", ""boxStatus"": null, ""uploadedById"": null, ""companyId"": ""1298990501429615073"", ""providerSource"": ""_default"", ""size"": 0, ""imagifiedStatus"": ""IMAGIFIED_NOT_STARTED"", ""uploadedAt"": 1608719181, ""__last_updated_timestamp__"": 1608719181, ""original_path"": ""1298990501429615073/notePdf/92233704281355941831b3bedb4convertedPdf"", ""docProcessor"": ""HTML_PDF_LAMBDA"", ""mediaSource"": null, ""status"": 31, ""contentParts"": 0, ""uuid_filestack"": null}, ""id"": ""1341691608824451758""}",STATUS - 31
"{""ce"": {""filestackStatus"": null, ""filestackContentParts"": null, ""boxContentParts"": null, ""providerSourceId"": null, ""imagifiedStatusFilestack"": ""IMAGIFIED_NOT_STARTED"", ""type"": 93, ""title"": ""Untitled Document.pdf"", ""uuid"": null, ""imagifyStatusLastUpdated"": 1608719294, ""imagifiedStatusBox"": ""IMAGIFIED_NOT_STARTED"", ""boxStatus"": null, ""uploadedById"": null, ""companyId"": ""1298990501429615073"", ""providerSource"": ""_default"", ""size"": 0, ""imagifiedStatus"": ""IMAGIFIED_NOT_STARTED"", ""uploadedAt"": 1608719294, ""__last_updated_timestamp__"": 1608719294, ""original_path"": ""1298990501429615073/notePdf/922337042813548128197ee527econvertedPdf"", ""docProcessor"": ""HTML_PDF_LAMBDA"", ""mediaSource"": null, ""status"": 31, ""contentParts"": 0, ""uuid_filestack"": null}, ""id"": ""1341692082370724155""}",STATUS - 31
"{""ce"": {""contentPartsInMillis"": null, ""streamPath"": ""1298990501429615073/user/4be2c0a2a391a3c7/VoiceOverSlideshow/1347120869924472468/7/audio/1610306685251/1610306685251.webm/mp3/1.mp3"", ""transcodingSource"": ""AWS_ELASTIC"", ""transcriptPath"": null, ""providerSourceId"": null, ""type"": 90, ""title"": ""1298990501429615073/user/4be2c0a2a391a3c7/VoiceOverSlideshow/1347120869924472468/7/audio/1610306685251/1610306685251.webm"", ""transcriptionStatus"": ""NOT_STARTED"", ""mp3Path"": ""1298990501429615073/user/4be2c0a2a391a3c7/VoiceOverSlideshow/1347120869924472468/7/audio/1610306685251/1610306685251.webm/mp3/1.mp3"", ""uploadedById"": ""4be2c0a2a391a3c7"", ""companyId"": ""1298990501429615073"", ""providerSource"": ""_default"", ""size"": 37586, ""uploadedAt"": 1610307017, ""hlsPath"": null, ""flacPath"": null, ""__last_updated_timestamp__"": 1610307034, ""original_path"": ""1298990501429615073/user/4be2c0a2a391a3c7/VoiceOverSlideshow/1347120869924472468/7/audio/1610306685251/1610306685251.webm"", ""mediaSource"": null, ""encodingMediaId"": ""1610307016622-bf7pk0##0##0"", ""vttSubtitlePath"": null, ""status"": 3, ""contentParts"": 1}, ""id"": ""1348351470646401001""}",STATUS - 3
