"{""ce"": {""filestackStatus"": 0, ""filestackContentParts"": 927, ""boxContentParts"": 24, ""providerSourceId"": null, ""imagifiedStatusFilestack"": ""IMAGIFIED_FAILED"", ""type"": 96, ""title"": ""Module_mission_SD_-_Lead_wHybrid_Cloud_Baseline_Accreditation_Learnerscs... (1).xlsx"", ""uuid"": ""768901085374"", ""imagifyStatusLastUpdated"": 1611742143, ""imagifiedStatusBox"": ""IMAGIFIED_SUCCESS"", ""boxStatus"": 0, ""uploadedById"": ""4d4d6baa42b1bfb7"", ""companyId"": ""1350031492593686915"", ""providerSource"": ""_default"", ""size"": 737880, ""imagifiedStatus"": ""IMAGIFIED_SUCCESS"", ""uploadedAt"": 1611739352, ""__last_updated_timestamp__"": 1611742143, ""original_path"": ""1350031492593686915/1611739341233Module_mission_SD__Lead_wHybrid_Cloud_Baseline_Accreditation_Learnerscs...1.xlsx"", ""docProcessor"": ""HYBRID"", ""mediaSource"": null, ""status"": 0, ""contentParts"": 24, ""uuid_filestack"": ""BNx6a5cuTymk2uK7oWHP""}, ""id"": ""1354359116706815577""}"
"{""ce"": {""filestackStatus"": 0, ""filestackContentParts"": 6, ""boxContentParts"": 2, ""providerSourceId"": null, ""imagifiedStatusFilestack"": ""IMAGIFIED_SUCCESS"", ""type"": 96, ""title"": ""SampleXLSFile_38kb.xls"", ""uuid"": ""768924290944"", ""imagifyStatusLastUpdated"": 1611740884, ""imagifiedStatusBox"": ""IMAGIFIED_SUCCESS"", ""boxStatus"": 0, ""uploadedById"": ""4d4d6baa42b1bfb7"", ""companyId"": ""1350031492593686915"", ""providerSource"": ""_default"", ""size"": 38912, ""imagifiedStatus"": ""IMAGIFIED_SUCCESS"", ""uploadedAt"": 1611740851, ""__last_updated_timestamp__"": 1611740884, ""original_path"": ""1350031492593686915/1611740843702SampleXLSFile_38kb.xls"", ""docProcessor"": ""HYBRID"", ""mediaSource"": null, ""status"": 0, ""contentParts"": 2, ""uuid_filestack"": ""2IdoleNQQHqD5p2BacEY""}, ""id"": ""1354365405257535958""}"
"{""ce"": {""filestackContentParts"": 182, ""boxContentParts"": 157, ""providerSourceId"": null, ""imagifiedStatusFilestack"": ""IMAGIFIED_SUCCESS"", ""type"": 96, ""title"": ""file_example_XLS_5000.xls"", ""uuid"": ""769714516855"", ""imagifyStatusLastUpdated"": 1612155075, ""imagifiedStatusBox"": ""IMAGIFIED_INPROGRESS"", ""providerSource"": ""_default"", ""distributionPathMap"": {}, ""imagificatitonBasePath"": null, ""__last_updated_timestamp__"": 1612155075, ""original_path"": ""1350031492593686915/1611894425689file_example_XLS_5000.xls"", ""docProcessor"": ""HYBRID"", ""contentParts"": 157, ""uuid_filestack"": ""1SkPQuGVQaaJHfaoTity"", ""filestackStatus"": 0, ""boxStatus"": 0, ""uploadedById"": ""4d6c1c50a5c65929"", ""companyId"": ""1350031492593686915"", ""size"": 672256, ""imagifiedStatus"": ""IMAGIFIED_SUCCESS"", ""uploadedAt"": 1611894434, ""mediaSource"": null, ""status"": 0}, ""id"": ""1355009578468524086""}"
"{""ce"": {""filestackContentParts"": 198, ""boxContentParts"": 157, ""providerSourceId"": null, ""imagifiedStatusFilestack"": ""IMAGIFIED_SUCCESS"", ""type"": 96, ""title"": ""file_example_XLSX_5000.xlsx"", ""uuid"": ""769714240058"", ""imagifyStatusLastUpdated"": 1612155077, ""imagifiedStatusBox"": ""IMAGIFIED_INPROGRESS"", ""providerSource"": ""_default"", ""distributionPathMap"": {}, ""imagificatitonBasePath"": null, ""__last_updated_timestamp__"": 1612155077, ""original_path"": ""1350031492593686915/1611894527182file_example_XLSX_5000.xlsx"", ""docProcessor"": ""HYBRID"", ""contentParts"": 157, ""uuid_filestack"": ""nUJNQpYeTG2koYrOanxl"", ""filestackStatus"": 0, ""boxStatus"": 0, ""uploadedById"": ""4d6c1c50a5c65929"", ""companyId"": ""1350031492593686915"", ""size"": 188887, ""imagifiedStatus"": ""IMAGIFIED_SUCCESS"", ""uploadedAt"": 1611894533, ""mediaSource"": null, ""status"": 0}, ""id"": ""1355009994895682572""}"
"{""ce"": {""filestackContentParts"": 182, ""boxContentParts"": 157, ""providerSourceId"": null, ""imagifiedStatusFilestack"": ""IMAGIFIED_SUCCESS"", ""type"": 96, ""title"": ""file_example_XLS_5000.xls"", ""uuid"": ""769714637482"", ""imagifyStatusLastUpdated"": 1612155069, ""imagifiedStatusBox"": ""IMAGIFIED_INPROGRESS"", ""providerSource"": ""_default"", ""distributionPathMap"": {}, ""imagificatitonBasePath"": null, ""__last_updated_timestamp__"": 1612155069, ""original_path"": ""1350031492593686915/1611894573330file_example_XLS_5000.xls"", ""docProcessor"": ""HYBRID"", ""contentParts"": 157, ""uuid_filestack"": ""pk40l2ZJTp2jebUE47lM"", ""filestackStatus"": 0, ""boxStatus"": 0, ""uploadedById"": ""4d6c1c50a5c65929"", ""companyId"": ""1350031492593686915"", ""size"": 672256, ""imagifiedStatus"": ""IMAGIFIED_SUCCESS"", ""uploadedAt"": 1611894582, ""mediaSource"": null, ""status"": 0}, ""id"": ""1355010199179905140""}"
"{""ce"": {""filestackStatus"": 0, ""filestackContentParts"": 6, ""boxContentParts"": 2, ""providerSourceId"": null, ""imagifiedStatusFilestack"": ""IMAGIFIED_SUCCESS"", ""type"": 96, ""title"": ""SampleXLSFile_38kb.xls"", ""uuid"": ""769801923999"", ""imagifyStatusLastUpdated"": 1611910651, ""imagifiedStatusBox"": ""IMAGIFIED_SUCCESS"", ""boxStatus"": 0, ""uploadedById"": ""4d6c2122f603e54d"", ""companyId"": ""1350031492593686915"", ""providerSource"": ""_default"", ""size"": 38912, ""imagifiedStatus"": ""IMAGIFIED_SUCCESS"", ""uploadedAt"": 1611910626, ""__last_updated_timestamp__"": 1611910651, ""original_path"": ""1350031492593686915/user/4d6c2122f603e54d/1611910619918_4d6c2122f603e54d_SampleXLSFile_38kbxls.xls"", ""docProcessor"": ""HYBRID"", ""mediaSource"": null, ""status"": 0, ""contentParts"": 6, ""uuid_filestack"": ""V6fuk3rR6ixvUMtLL3nZ""}, ""id"": ""1355077492071904944""}"
"{""ce"": {""filestackStatus"": 0, ""filestackContentParts"": 182, ""boxContentParts"": 157, ""providerSourceId"": null, ""imagifiedStatusFilestack"": ""IMAGIFIED_SUCCESS"", ""type"": 96, ""title"": ""file_example_XLS_5000.xls"", ""uuid"": ""770832107928"", ""imagifyStatusLastUpdated"": 1612253672, ""imagifiedStatusBox"": ""IMAGIFIED_INPROGRESS"", ""boxStatus"": 0, ""uploadedById"": ""4d6c1c50a5c65929"", ""companyId"": ""1350031492593686915"", ""providerSource"": ""_default"", ""size"": 672256, ""imagifiedStatus"": ""IMAGIFIED_SUCCESS"", ""uploadedAt"": 1612154703, ""__last_updated_timestamp__"": 1612253672, ""original_path"": ""1350031492593686915/1612154694585file_example_XLS_5000.xls"", ""docProcessor"": ""HYBRID"", ""mediaSource"": null, ""status"": 0, ""contentParts"": 157, ""uuid_filestack"": ""gvwXx5vdSNRfiTR4pX0D""}, ""id"": ""1356101226395476866""}"
"{""ce"": {""filestackStatus"": 0, ""filestackContentParts"": 198, ""boxContentParts"": 157, ""providerSourceId"": null, ""imagifiedStatusFilestack"": ""IMAGIFIED_SUCCESS"", ""type"": 96, ""title"": ""file_example_XLSX_5000.xlsx"", ""uuid"": ""770832553144"", ""imagifyStatusLastUpdated"": 1612253696, ""imagifiedStatusBox"": ""IMAGIFIED_INPROGRESS"", ""boxStatus"": 0, ""uploadedById"": ""4d6c1c50a5c65929"", ""companyId"": ""1350031492593686915"", ""providerSource"": ""_default"", ""size"": 188887, ""imagifiedStatus"": ""IMAGIFIED_SUCCESS"", ""uploadedAt"": 1612154850, ""__last_updated_timestamp__"": 1612253696, ""original_path"": ""1350031492593686915/1612154843283file_example_XLSX_5000.xlsx"", ""docProcessor"": ""HYBRID"", ""mediaSource"": null, ""status"": 0, ""contentParts"": 157, ""uuid_filestack"": ""OgZS7CmcTkmrkvSr5BVZ""}, ""id"": ""1356101839797882885""}"
"{""ce"": {""contentPartsInMillis"": 74475, ""streamPath"": ""1350031492593686915/1611738960694g0fvpqxeze.aac/mp3/1.mp3"", ""transcodingSource"": ""AWS_ELASTIC"", ""transcriptPath"": null, ""providerSourceId"": null, ""type"": 90, ""title"": ""g0fvp-qxeze.aac"", ""transcriptionStatus"": ""NOT_STARTED"", ""mp3Path"": ""1350031492593686915/1611738960694g0fvpqxeze.aac/mp3/1.mp3"", ""uploadedById"": ""4d4d6baa42b1bfb7"", ""companyId"": ""1350031492593686915"", ""providerSource"": ""_default"", ""size"": 1216201, ""uploadedAt"": 1611738973, ""hlsPath"": null, ""flacPath"": null, ""__last_updated_timestamp__"": 1611738980, ""original_path"": ""1350031492593686915/1611738960694g0fvpqxeze.aac"", ""mediaSource"": null, ""encodingMediaId"": ""1611738972948-nn8zkk##0##0"", ""vttSubtitlePath"": null, ""status"": 0, ""contentParts"": 75}, ""id"": ""1354357527543307566""}"
"{""ce"": {""contentPartsInMillis"": 45348, ""streamPath"": ""1350031492593686915/1611739027739SampleAudio_0.7mb.mp3/mp3/1.mp3"", ""transcodingSource"": ""AWS_ELASTIC"", ""transcriptPath"": null, ""providerSourceId"": null, ""type"": 90, ""title"": ""SampleAudio_0.7mb.mp3"", ""transcriptionStatus"": ""NOT_STARTED"", ""mp3Path"": ""1350031492593686915/1611739027739SampleAudio_0.7mb.mp3/mp3/1.mp3"", ""uploadedById"": ""4d4d6baa42b1bfb7"", ""companyId"": ""1350031492593686915"", ""providerSource"": ""_default"", ""size"": 725240, ""uploadedAt"": 1611739048, ""hlsPath"": null, ""flacPath"": null, ""__last_updated_timestamp__"": 1611739053, ""original_path"": ""1350031492593686915/1611739027739SampleAudio_0.7mb.mp3"", ""mediaSource"": null, ""encodingMediaId"": ""1611739048019-t47rsg##0##0"", ""vttSubtitlePath"": null, ""status"": 0, ""contentParts"": 46}, ""id"": ""1354357842916456695""}"
"{""ce"": {""contentPartsInMillis"": 256026, ""streamPath"": ""1350031492593686915/1611739094264NOMATTERHOWHARDITGETSPowerfulMotivationalSpeech.wav/mp3/1.mp3"", ""transcodingSource"": ""AWS_ELASTIC"", ""transcriptPath"": ""1350031492593686915/1611739094264NOMATTERHOWHARDITGETSPowerfulMotivationalSpeech.out"", ""providerSourceId"": null, ""type"": 90, ""title"": ""NOMATTERHOWHARDITGETSPowerfulMotivationalSpeech.wav"", ""transcriptionStatus"": ""FAILED"", ""mp3Path"": ""1350031492593686915/1611739094264NOMATTERHOWHARDITGETSPowerfulMotivationalSpeech.wav/mp3/1.mp3"", ""uploadedById"": ""4d4d6baa42b1bfb7"", ""companyId"": ""1350031492593686915"", ""providerSource"": ""_default"", ""size"": 45154382, ""uploadedAt"": 1611739143, ""hlsPath"": null, ""flacPath"": ""1350031492593686915/1611739094264NOMATTERHOWHARDITGETSPowerfulMotivationalSpeech.flac"", ""__last_updated_timestamp__"": 1611750878, ""original_path"": ""1350031492593686915/1611739094264NOMATTERHOWHARDITGETSPowerfulMotivationalSpeech.wav"", ""mediaSource"": null, ""encodingMediaId"": ""1611739142897-ek232y##0##0"", ""vttSubtitlePath"": ""1350031492593686915/1611739094264NOMATTERHOWHARDITGETSPowerfulMotivationalSpeech.vtt"", ""status"": 0, ""contentParts"": 257}, ""id"": ""1354358240497770920""}"
"{""ce"": {""contentPartsInMillis"": 439144, ""streamPath"": ""1350031492593686915/1611741051291REMEMBERYOURDREAMMotivationalVideo.mp3/mp3/1.mp3"", ""transcodingSource"": ""AWS_ELASTIC"", ""transcriptPath"": ""1350031492593686915/1611741051291REMEMBERYOURDREAMMotivationalVideo.out"", ""providerSourceId"": null, ""type"": 90, ""title"": ""REMEMBER YOUR DREAM - Motivational Video.mp3"", ""transcriptionStatus"": ""FAILED"", ""mp3Path"": ""1350031492593686915/1611741051291REMEMBERYOURDREAMMotivationalVideo.mp3/mp3/1.mp3"", ""uploadedById"": ""4d4d6baa42b1bfb7"", ""companyId"": ""1350031492593686915"", ""providerSource"": ""_default"", ""size"": 10540231, ""uploadedAt"": 1611741093, ""hlsPath"": null, ""flacPath"": ""1350031492593686915/1611741051291REMEMBERYOURDREAMMotivationalVideo.flac"", ""__last_updated_timestamp__"": 1611743246, ""original_path"": ""1350031492593686915/1611741051291REMEMBERYOURDREAMMotivationalVideo.mp3"", ""mediaSource"": null, ""encodingMediaId"": ""1611741092853-ifjmrm##0##0"", ""vttSubtitlePath"": ""1350031492593686915/1611741051291REMEMBERYOURDREAMMotivationalVideo.vtt"", ""status"": 0, ""contentParts"": 440}, ""id"": ""1354366419743147267""}"
"{""ce"": {""contentPartsInMillis"": 10266, ""streamPath"": ""1350031492593686915/1611741150529sample.m4a/mp3/1.mp3"", ""transcodingSource"": ""AWS_ELASTIC"", ""transcriptPath"": null, ""providerSourceId"": null, ""type"": 90, ""title"": ""sample.m4a"", ""transcriptionStatus"": ""NOT_STARTED"", ""mp3Path"": ""1350031492593686915/1611741150529sample.m4a/mp3/1.mp3"", ""uploadedById"": ""4d4d6baa42b1bfb7"", ""companyId"": ""1350031492593686915"", ""providerSource"": ""_default"", ""size"": 46468, ""uploadedAt"": 1611741157, ""hlsPath"": null, ""flacPath"": null, ""__last_updated_timestamp__"": 1611741160, ""original_path"": ""1350031492593686915/1611741150529sample.m4a"", ""mediaSource"": null, ""encodingMediaId"": ""1611741157222-foqbyr##0##0"", ""vttSubtitlePath"": null, ""status"": 0, ""contentParts"": 11}, ""id"": ""1354366688574051695""}"
"{""ce"": {""contentPartsInMillis"": 33567, ""streamPath"": ""1350031492593686915/1611750546026file_example_WAV_1MG.oga/mp3/1.mp3"", ""transcodingSource"": ""AWS_ELASTIC"", ""transcriptPath"": null, ""providerSourceId"": null, ""type"": 90, ""title"": ""file_example_WAV_1MG.oga"", ""transcriptionStatus"": ""NOT_STARTED"", ""mp3Path"": ""1350031492593686915/1611750546026file_example_WAV_1MG.oga/mp3/1.mp3"", ""uploadedById"": ""4d4d6baa42b1bfb7"", ""companyId"": ""1350031492593686915"", ""providerSource"": ""_default"", ""size"": 775850, ""uploadedAt"": 1611750557, ""hlsPath"": null, ""flacPath"": null, ""__last_updated_timestamp__"": 1611750563, ""original_path"": ""1350031492593686915/1611750546026file_example_WAV_1MG.oga"", ""mediaSource"": null, ""encodingMediaId"": ""1611750557207-how94i##0##0"", ""vttSubtitlePath"": null, ""status"": 0, ""contentParts"": 34}, ""id"": ""1354406116049947628""}"
"{""ce"": {""contentPartsInMillis"": 187193, ""streamPath"": ""1350031492593686915/1611893602538ff16b2c44100hz.aac/mp3/1.mp3"", ""transcodingSource"": ""AWS_ELASTIC"", ""transcriptPath"": null, ""providerSourceId"": null, ""type"": 90, ""title"": ""ff-16b-2c-44100hz.aac"", ""transcriptionStatus"": ""NOT_STARTED"", ""mp3Path"": ""1350031492593686915/1611893602538ff16b2c44100hz.aac/mp3/1.mp3"", ""uploadedById"": ""4d6c1c50a5c65929"", ""companyId"": ""1350031492593686915"", ""providerSource"": ""_default"", ""size"": 2994446, ""uploadedAt"": 1611893616, ""hlsPath"": null, ""flacPath"": null, ""__last_updated_timestamp__"": 1611893629, ""original_path"": ""1350031492593686915/1611893602538ff16b2c44100hz.aac"", ""mediaSource"": null, ""encodingMediaId"": ""1611893615391-2wyj8e##0##0"", ""vttSubtitlePath"": null, ""status"": 0, ""contentParts"": 188}, ""id"": ""1355006144733562273""}"
"{""ce"": {""contentPartsInMillis"": 132205, ""streamPath"": ""1350031492593686915/1611893678631file_example_MP3_5MG.mp3/mp3/1.mp3"", ""transcodingSource"": ""AWS_ELASTIC"", ""transcriptPath"": null, ""providerSourceId"": null, ""type"": 90, ""title"": ""file_example_MP3_5MG.mp3"", ""transcriptionStatus"": ""NOT_STARTED"", ""mp3Path"": ""1350031492593686915/1611893678631file_example_MP3_5MG.mp3/mp3/1.mp3"", ""uploadedById"": ""4d6c1c50a5c65929"", ""companyId"": ""1350031492593686915"", ""providerSource"": ""_default"", ""size"": 5289384, ""uploadedAt"": 1611893693, ""hlsPath"": null, ""flacPath"": null, ""__last_updated_timestamp__"": 1611893705, ""original_path"": ""1350031492593686915/1611893678631file_example_MP3_5MG.mp3"", ""mediaSource"": null, ""encodingMediaId"": ""1611893693677-3fx0op##0##0"", ""vttSubtitlePath"": null, ""status"": 0, ""contentParts"": 133}, ""id"": ""1355006473697581037""}"
"{""ce"": {""contentPartsInMillis"": 728111, ""streamPath"": ""1350031492593686915/1611893752551SymphonyNo.61stmovement.m4a/mp3/1.mp3"", ""transcodingSource"": ""AWS_ELASTIC"", ""transcriptPath"": null, ""providerSourceId"": null, ""type"": 90, ""title"": ""Symphony No.6 (1st movement).m4a"", ""transcriptionStatus"": ""NOT_STARTED"", ""mp3Path"": ""1350031492593686915/1611893752551SymphonyNo.61stmovement.m4a/mp3/1.mp3"", ""uploadedById"": ""4d6c1c50a5c65929"", ""companyId"": ""1350031492593686915"", ""providerSource"": ""_default"", ""size"": 11816072, ""uploadedAt"": 1611893766, ""hlsPath"": null, ""flacPath"": null, ""__last_updated_timestamp__"": 1611893794, ""original_path"": ""1350031492593686915/1611893752551SymphonyNo.61stmovement.m4a"", ""mediaSource"": null, ""encodingMediaId"": ""1611893766602-ft15qa##0##0"", ""vttSubtitlePath"": null, ""status"": 0, ""contentParts"": 729}, ""id"": ""1355006779548581923""}"
"{""ce"": {""contentPartsInMillis"": 81815, ""streamPath"": ""1350031492593686915/1611893796478file_example_OOG_5MG.ogg/mp3/1.mp3"", ""transcodingSource"": ""AWS_ELASTIC"", ""transcriptPath"": null, ""providerSourceId"": null, ""type"": 90, ""title"": ""file_example_OOG_5MG.ogg"", ""transcriptionStatus"": ""NOT_STARTED"", ""mp3Path"": ""1350031492593686915/1611893796478file_example_OOG_5MG.ogg/mp3/1.mp3"", ""uploadedById"": ""4d6c1c50a5c65929"", ""companyId"": ""1350031492593686915"", ""providerSource"": ""_default"", ""size"": 4879515, ""uploadedAt"": 1611893813, ""hlsPath"": null, ""flacPath"": null, ""__last_updated_timestamp__"": 1611893820, ""original_path"": ""1350031492593686915/1611893796478file_example_OOG_5MG.ogg"", ""mediaSource"": null, ""encodingMediaId"": ""1611893813167-f1q81b##0##0"", ""vttSubtitlePath"": null, ""status"": 0, ""contentParts"": 82}, ""id"": ""1355006975168665383""}"
"{""ce"": {""contentPartsInMillis"": 122122, ""streamPath"": ""1350031492593686915/1611894883241sample1.oga/mp3/1.mp3"", ""transcodingSource"": ""AWS_ELASTIC"", ""transcriptPath"": null, ""providerSourceId"": null, ""type"": 90, ""title"": ""sample1.oga"", ""transcriptionStatus"": ""NOT_STARTED"", ""mp3Path"": ""1350031492593686915/1611894883241sample1.oga/mp3/1.mp3"", ""uploadedById"": ""4d6c1c50a5c65929"", ""companyId"": ""1350031492593686915"", ""providerSource"": ""_default"", ""size"": 12405317, ""uploadedAt"": 1611894897, ""hlsPath"": null, ""flacPath"": null, ""__last_updated_timestamp__"": 1611894905, ""original_path"": ""1350031492593686915/1611894883241sample1.oga"", ""mediaSource"": null, ""encodingMediaId"": ""1611894897035-1y9i62##0##0"", ""vttSubtitlePath"": null, ""status"": 0, ""contentParts"": 123}, ""id"": ""1355011521724232829""}"
"{""ce"": {""contentPartsInMillis"": 728111, ""streamPath"": ""1350031492593686915/1611894985950SymphonyNo.61stmovement.m4a/mp3/1.mp3"", ""transcodingSource"": ""AWS_ELASTIC"", ""transcriptPath"": null, ""providerSourceId"": null, ""type"": 90, ""title"": ""Symphony No.6 (1st movement).m4a"", ""transcriptionStatus"": ""NOT_STARTED"", ""mp3Path"": ""1350031492593686915/1611894985950SymphonyNo.61stmovement.m4a/mp3/1.mp3"", ""uploadedById"": ""4d6c1c50a5c65929"", ""companyId"": ""1350031492593686915"", ""providerSource"": ""_default"", ""size"": 11816072, ""uploadedAt"": 1611895016, ""hlsPath"": null, ""flacPath"": null, ""__last_updated_timestamp__"": 1611895044, ""original_path"": ""1350031492593686915/1611894985950SymphonyNo.61stmovement.m4a"", ""mediaSource"": null, ""encodingMediaId"": ""1611895016549-eddb0r##0##0"", ""vttSubtitlePath"": null, ""status"": 0, ""contentParts"": 729}, ""id"": ""1355012022226792047""}"
"{""ce"": {""contentPartsInMillis"": 132205, ""streamPath"": ""1350031492593686915/1611895059743file_example_MP3_5MG.mp3/mp3/1.mp3"", ""transcodingSource"": ""AWS_ELASTIC"", ""transcriptPath"": null, ""providerSourceId"": null, ""type"": 90, ""title"": ""file_example_MP3_5MG.mp3"", ""transcriptionStatus"": ""NOT_STARTED"", ""mp3Path"": ""1350031492593686915/1611895059743file_example_MP3_5MG.mp3/mp3/1.mp3"", ""uploadedById"": ""4d6c1c50a5c65929"", ""companyId"": ""1350031492593686915"", ""providerSource"": ""_default"", ""size"": 5289384, ""uploadedAt"": 1611895082, ""hlsPath"": null, ""flacPath"": null, ""__last_updated_timestamp__"": 1611895095, ""original_path"": ""1350031492593686915/1611895059743file_example_MP3_5MG.mp3"", ""mediaSource"": null, ""encodingMediaId"": ""1611895081720-9c3g2n##0##0"", ""vttSubtitlePath"": null, ""status"": 0, ""contentParts"": 133}, ""id"": ""1355012296262732335""}"
"{""ce"": {""contentPartsInMillis"": 187193, ""streamPath"": ""1350031492593686915/1611895306454ff16b2c44100hz.aac/mp3/1.mp3"", ""transcodingSource"": ""AWS_ELASTIC"", ""transcriptPath"": null, ""providerSourceId"": null, ""type"": 90, ""title"": ""ff-16b-2c-44100hz.aac"", ""transcriptionStatus"": ""NOT_STARTED"", ""mp3Path"": ""1350031492593686915/1611895306454ff16b2c44100hz.aac/mp3/1.mp3"", ""uploadedById"": ""4d6c1c50a5c65929"", ""companyId"": ""1350031492593686915"", ""providerSource"": ""_default"", ""size"": 2994446, ""uploadedAt"": 1611895321, ""hlsPath"": null, ""flacPath"": null, ""__last_updated_timestamp__"": 1611895334, ""original_path"": ""1350031492593686915/1611895306454ff16b2c44100hz.aac"", ""mediaSource"": null, ""encodingMediaId"": ""1611895321322-wxk1zz##0##0"", ""vttSubtitlePath"": null, ""status"": 0, ""contentParts"": 188}, ""id"": ""1355013300097385302""}"
"{""ce"": {""contentPartsInMillis"": 728111, ""streamPath"": ""1350031492593686915/1611895361000SymphonyNo.61stmovement.m4a/mp3/1.mp3"", ""transcodingSource"": ""AWS_ELASTIC"", ""transcriptPath"": null, ""providerSourceId"": null, ""type"": 90, ""title"": ""Symphony No.6 (1st movement).m4a"", ""transcriptionStatus"": ""NOT_STARTED"", ""mp3Path"": ""1350031492593686915/1611895361000SymphonyNo.61stmovement.m4a/mp3/1.mp3"", ""uploadedById"": ""4d6c1c50a5c65929"", ""companyId"": ""1350031492593686915"", ""providerSource"": ""_default"", ""size"": 11816072, ""uploadedAt"": 1611895375, ""hlsPath"": null, ""flacPath"": null, ""__last_updated_timestamp__"": 1611895402, ""original_path"": ""1350031492593686915/1611895361000SymphonyNo.61stmovement.m4a"", ""mediaSource"": null, ""encodingMediaId"": ""1611895375374-r7ic6x##0##0"", ""vttSubtitlePath"": null, ""status"": 0, ""contentParts"": 729}, ""id"": ""1355013526961478028""}"
"{""ce"": {""contentPartsInMillis"": 81815, ""streamPath"": ""1350031492593686915/1611895407350file_example_OOG_5MG.ogg/mp3/1.mp3"", ""transcodingSource"": ""AWS_ELASTIC"", ""transcriptPath"": null, ""providerSourceId"": null, ""type"": 90, ""title"": ""file_example_OOG_5MG.ogg"", ""transcriptionStatus"": ""NOT_STARTED"", ""mp3Path"": ""1350031492593686915/1611895407350file_example_OOG_5MG.ogg/mp3/1.mp3"", ""uploadedById"": ""4d6c1c50a5c65929"", ""companyId"": ""1350031492593686915"", ""providerSource"": ""_default"", ""size"": 4879515, ""uploadedAt"": 1611895420, ""hlsPath"": null, ""flacPath"": null, ""__last_updated_timestamp__"": 1611895427, ""original_path"": ""1350031492593686915/1611895407350file_example_OOG_5MG.ogg"", ""mediaSource"": null, ""encodingMediaId"": ""1611895419971-0at42l##0##0"", ""vttSubtitlePath"": null, ""status"": 0, ""contentParts"": 82}, ""id"": ""1355013714509510856""}"
"{""ce"": {""contentPartsInMillis"": 59036, ""streamPath"": ""1350031492593686915/1611895486736file_example_WAV_10MG.wav/mp3/1.mp3"", ""transcodingSource"": ""AWS_ELASTIC"", ""transcriptPath"": null, ""providerSourceId"": null, ""type"": 90, ""title"": ""file_example_WAV_10MG.wav"", ""transcriptionStatus"": ""NOT_STARTED"", ""mp3Path"": ""1350031492593686915/1611895486736file_example_WAV_10MG.wav/mp3/1.mp3"", ""uploadedById"": ""4d6c1c50a5c65929"", ""companyId"": ""1350031492593686915"", ""providerSource"": ""_default"", ""size"": 10406738, ""uploadedAt"": 1611895500, ""hlsPath"": null, ""flacPath"": null, ""__last_updated_timestamp__"": 1611895507, ""original_path"": ""1350031492593686915/1611895486736file_example_WAV_10MG.wav"", ""mediaSource"": null, ""encodingMediaId"": ""1611895499923-5amf1c##0##0"", ""vttSubtitlePath"": null, ""status"": 0, ""contentParts"": 60}, ""id"": ""1355014049622260657""}"
"{""ce"": {""contentPartsInMillis"": 122122, ""streamPath"": ""1350031492593686915/1611896051613sample1.oga/mp3/1.mp3"", ""transcodingSource"": ""AWS_ELASTIC"", ""transcriptPath"": null, ""providerSourceId"": null, ""type"": 90, ""title"": ""sample1.oga"", ""transcriptionStatus"": ""NOT_STARTED"", ""mp3Path"": ""1350031492593686915/1611896051613sample1.oga/mp3/1.mp3"", ""uploadedById"": ""4d6c1c50a5c65929"", ""companyId"": ""1350031492593686915"", ""providerSource"": ""_default"", ""size"": 12405317, ""uploadedAt"": 1611896066, ""hlsPath"": null, ""flacPath"": null, ""__last_updated_timestamp__"": 1611896073, ""original_path"": ""1350031492593686915/1611896051613sample1.oga"", ""mediaSource"": null, ""encodingMediaId"": ""1611896066066-bntykp##0##0"", ""vttSubtitlePath"": null, ""status"": 0, ""contentParts"": 123}, ""id"": ""1355016425277593616""}"
"{""ce"": {""contentPartsInMillis"": 15908, ""streamPath"": ""1350031492593686915/1611896157643gs16b2c44100hz.aac/mp3/1.mp3"", ""transcodingSource"": ""AWS_ELASTIC"", ""transcriptPath"": null, ""providerSourceId"": null, ""type"": 90, ""title"": ""gs-16b-2c-44100hz.aac"", ""transcriptionStatus"": ""NOT_STARTED"", ""mp3Path"": ""1350031492593686915/1611896157643gs16b2c44100hz.aac/mp3/1.mp3"", ""uploadedById"": ""4d6c1c50a5c65929"", ""companyId"": ""1350031492593686915"", ""providerSource"": ""_default"", ""size"": 241596, ""uploadedAt"": 1611896164, ""hlsPath"": null, ""flacPath"": null, ""__last_updated_timestamp__"": 1611896171, ""original_path"": ""1350031492593686915/1611896157643gs16b2c44100hz.aac"", ""mediaSource"": null, ""encodingMediaId"": ""1611896164028-1jf0yu##0##0"", ""vttSubtitlePath"": null, ""status"": 0, ""contentParts"": 16}, ""id"": ""1355016834583969662""}"
"{""ce"": {""contentPartsInMillis"": 27219, ""streamPath"": ""1350031492593686915/1611896187829file_example_MP3_700KB.mp3/mp3/1.mp3"", ""transcodingSource"": ""AWS_ELASTIC"", ""transcriptPath"": null, ""providerSourceId"": null, ""type"": 90, ""title"": ""file_example_MP3_700KB.mp3"", ""transcriptionStatus"": ""NOT_STARTED"", ""mp3Path"": ""1350031492593686915/1611896187829file_example_MP3_700KB.mp3/mp3/1.mp3"", ""uploadedById"": ""4d6c1c50a5c65929"", ""companyId"": ""1350031492593686915"", ""providerSource"": ""_default"", ""size"": 764176, ""uploadedAt"": 1611896196, ""hlsPath"": null, ""flacPath"": null, ""__last_updated_timestamp__"": 1611896203, ""original_path"": ""1350031492593686915/1611896187829file_example_MP3_700KB.mp3"", ""mediaSource"": null, ""encodingMediaId"": ""1611896196645-0zsvc9##0##0"", ""vttSubtitlePath"": null, ""status"": 0, ""contentParts"": 28}, ""id"": ""1355016971234121249""}"
"{""ce"": {""contentPartsInMillis"": 132205, ""streamPath"": ""1350031492593686915/1611896410364file_example_MP3_5MG.mp3/mp3/1.mp3"", ""transcodingSource"": ""AWS_ELASTIC"", ""transcriptPath"": null, ""providerSourceId"": null, ""type"": 90, ""title"": ""file_example_MP3_5MG.mp3"", ""transcriptionStatus"": ""NOT_STARTED"", ""mp3Path"": ""1350031492593686915/1611896410364file_example_MP3_5MG.mp3/mp3/1.mp3"", ""uploadedById"": ""4d6c1c50a5c65929"", ""companyId"": ""1350031492593686915"", ""providerSource"": ""_default"", ""size"": 5289384, ""uploadedAt"": 1611896425, ""hlsPath"": null, ""flacPath"": null, ""__last_updated_timestamp__"": 1611896432, ""original_path"": ""1350031492593686915/1611896410364file_example_MP3_5MG.mp3"", ""mediaSource"": null, ""encodingMediaId"": ""1611896424953-4ae0og##0##0"", ""vttSubtitlePath"": null, ""status"": 0, ""contentParts"": 133}, ""id"": ""1355017928840114498""}"
"{""ce"": {""contentPartsInMillis"": 187193, ""streamPath"": ""1350031492593686915/1611896451250ff16b2c44100hz.aac/mp3/1.mp3"", ""transcodingSource"": ""AWS_ELASTIC"", ""transcriptPath"": null, ""providerSourceId"": null, ""type"": 90, ""title"": ""ff-16b-2c-44100hz.aac"", ""transcriptionStatus"": ""NOT_STARTED"", ""mp3Path"": ""1350031492593686915/1611896451250ff16b2c44100hz.aac/mp3/1.mp3"", ""uploadedById"": ""4d6c1c50a5c65929"", ""companyId"": ""1350031492593686915"", ""providerSource"": ""_default"", ""size"": 2994446, ""uploadedAt"": 1611896464, ""hlsPath"": null, ""flacPath"": null, ""__last_updated_timestamp__"": 1611896477, ""original_path"": ""1350031492593686915/1611896451250ff16b2c44100hz.aac"", ""mediaSource"": null, ""encodingMediaId"": ""1611896464051-m29yo7##0##0"", ""vttSubtitlePath"": null, ""status"": 0, ""contentParts"": 188}, ""id"": ""1355018093453920141""}"
"{""ce"": {""contentPartsInMillis"": 728111, ""streamPath"": ""1350031492593686915/1611896491219SymphonyNo.61stmovement.m4a/mp3/1.mp3"", ""transcodingSource"": ""AWS_ELASTIC"", ""transcriptPath"": null, ""providerSourceId"": null, ""type"": 90, ""title"": ""Symphony No.6 (1st movement).m4a"", ""transcriptionStatus"": ""NOT_STARTED"", ""mp3Path"": ""1350031492593686915/1611896491219SymphonyNo.61stmovement.m4a/mp3/1.mp3"", ""uploadedById"": ""4d6c1c50a5c65929"", ""companyId"": ""1350031492593686915"", ""providerSource"": ""_default"", ""size"": 11816072, ""uploadedAt"": 1611896505, ""hlsPath"": null, ""flacPath"": null, ""__last_updated_timestamp__"": 1611896532, ""original_path"": ""1350031492593686915/1611896491219SymphonyNo.61stmovement.m4a"", ""mediaSource"": null, ""encodingMediaId"": ""1611896505466-4kk5xs##0##0"", ""vttSubtitlePath"": null, ""status"": 0, ""contentParts"": 729}, ""id"": ""1355018265845349679""}"
"{""ce"": {""contentPartsInMillis"": 81815, ""streamPath"": ""1350031492593686915/1611896527757file_example_OOG_5MG.ogg/mp3/1.mp3"", ""transcodingSource"": ""AWS_ELASTIC"", ""transcriptPath"": null, ""providerSourceId"": null, ""type"": 90, ""title"": ""file_example_OOG_5MG.ogg"", ""transcriptionStatus"": ""NOT_STARTED"", ""mp3Path"": ""1350031492593686915/1611896527757file_example_OOG_5MG.ogg/mp3/1.mp3"", ""uploadedById"": ""4d6c1c50a5c65929"", ""companyId"": ""1350031492593686915"", ""providerSource"": ""_default"", ""size"": 4879515, ""uploadedAt"": 1611896540, ""hlsPath"": null, ""flacPath"": null, ""__last_updated_timestamp__"": 1611896548, ""original_path"": ""1350031492593686915/1611896527757file_example_OOG_5MG.ogg"", ""mediaSource"": null, ""encodingMediaId"": ""1611896540581-992rkp##0##0"", ""vttSubtitlePath"": null, ""status"": 0, ""contentParts"": 82}, ""id"": ""1355018415156595417""}"
"{""ce"": {""contentPartsInMillis"": 59036, ""streamPath"": ""1350031492593686915/1611896603987file_example_WAV_10MG.wav/mp3/1.mp3"", ""transcodingSource"": ""AWS_ELASTIC"", ""transcriptPath"": null, ""providerSourceId"": null, ""type"": 90, ""title"": ""file_example_WAV_10MG.wav"", ""transcriptionStatus"": ""NOT_STARTED"", ""mp3Path"": ""1350031492593686915/1611896603987file_example_WAV_10MG.wav/mp3/1.mp3"", ""uploadedById"": ""4d6c1c50a5c65929"", ""companyId"": ""1350031492593686915"", ""providerSource"": ""_default"", ""size"": 10406738, ""uploadedAt"": 1611896617, ""hlsPath"": null, ""flacPath"": null, ""__last_updated_timestamp__"": 1611896624, ""original_path"": ""1350031492593686915/1611896603987file_example_WAV_10MG.wav"", ""mediaSource"": null, ""encodingMediaId"": ""1611896617285-vkh1ja##0##0"", ""vttSubtitlePath"": null, ""status"": 0, ""contentParts"": 60}, ""id"": ""1355018735852390996""}"
"{""ce"": {""contentPartsInMillis"": 132205, ""streamPath"": ""1350031492593686915/1611897016810file_example_MP3_5MG.mp3/mp3/1.mp3"", ""transcodingSource"": ""AWS_ELASTIC"", ""transcriptPath"": null, ""providerSourceId"": null, ""type"": 90, ""title"": ""file_example_MP3_5MG.mp3"", ""transcriptionStatus"": ""NOT_STARTED"", ""mp3Path"": ""1350031492593686915/1611897016810file_example_MP3_5MG.mp3/mp3/1.mp3"", ""uploadedById"": ""4d6c1c50a5c65929"", ""companyId"": ""1350031492593686915"", ""providerSource"": ""_default"", ""size"": 5289384, ""uploadedAt"": 1611897030, ""hlsPath"": null, ""flacPath"": null, ""__last_updated_timestamp__"": 1611897039, ""original_path"": ""1350031492593686915/1611897016810file_example_MP3_5MG.mp3"", ""mediaSource"": null, ""encodingMediaId"": ""1611897029843-y5zf7o##0##0"", ""vttSubtitlePath"": null, ""status"": 0, ""contentParts"": 133}, ""id"": ""1355020466443449800""}"
"{""ce"": {""contentPartsInMillis"": 728111, ""streamPath"": ""1350031492593686915/1611897173282SymphonyNo.61stmovement.m4a/mp3/1.mp3"", ""transcodingSource"": ""AWS_ELASTIC"", ""transcriptPath"": null, ""providerSourceId"": null, ""type"": 90, ""title"": ""Symphony No.6 (1st movement).m4a"", ""transcriptionStatus"": ""NOT_STARTED"", ""mp3Path"": ""1350031492593686915/1611897173282SymphonyNo.61stmovement.m4a/mp3/1.mp3"", ""uploadedById"": ""4d6c1c50a5c65929"", ""companyId"": ""1350031492593686915"", ""providerSource"": ""_default"", ""size"": 11816072, ""uploadedAt"": 1611897188, ""hlsPath"": null, ""flacPath"": null, ""__last_updated_timestamp__"": 1611897216, ""original_path"": ""1350031492593686915/1611897173282SymphonyNo.61stmovement.m4a"", ""mediaSource"": null, ""encodingMediaId"": ""1611897188294-caeq8l##0##0"", ""vttSubtitlePath"": null, ""status"": 0, ""contentParts"": 729}, ""id"": ""1355021131252415239""}"
"{""ce"": {""contentPartsInMillis"": 81815, ""streamPath"": ""1350031492593686915/1611897239567file_example_OOG_5MG.ogg/mp3/1.mp3"", ""transcodingSource"": ""AWS_ELASTIC"", ""transcriptPath"": null, ""providerSourceId"": null, ""type"": 90, ""title"": ""file_example_OOG_5MG.ogg"", ""transcriptionStatus"": ""NOT_STARTED"", ""mp3Path"": ""1350031492593686915/1611897239567file_example_OOG_5MG.ogg/mp3/1.mp3"", ""uploadedById"": ""4d6c1c50a5c65929"", ""companyId"": ""1350031492593686915"", ""providerSource"": ""_default"", ""size"": 4879515, ""uploadedAt"": 1611897252, ""hlsPath"": null, ""flacPath"": null, ""__last_updated_timestamp__"": 1611897260, ""original_path"": ""1350031492593686915/1611897239567file_example_OOG_5MG.ogg"", ""mediaSource"": null, ""encodingMediaId"": ""1611897252164-37xwlh##0##0"", ""vttSubtitlePath"": null, ""status"": 0, ""contentParts"": 82}, ""id"": ""1355021400072825623""}"
"{""ce"": {""contentPartsInMillis"": 122122, ""streamPath"": ""1350031492593686915/1611897278067sample1.oga/mp3/1.mp3"", ""transcodingSource"": ""AWS_ELASTIC"", ""transcriptPath"": null, ""providerSourceId"": null, ""type"": 90, ""title"": ""sample1.oga"", ""transcriptionStatus"": ""NOT_STARTED"", ""mp3Path"": ""1350031492593686915/1611897278067sample1.oga/mp3/1.mp3"", ""uploadedById"": ""4d6c1c50a5c65929"", ""companyId"": ""1350031492593686915"", ""providerSource"": ""_default"", ""size"": 12405317, ""uploadedAt"": 1611897293, ""hlsPath"": null, ""flacPath"": null, ""__last_updated_timestamp__"": 1611897311, ""original_path"": ""1350031492593686915/1611897278067sample1.oga"", ""mediaSource"": null, ""encodingMediaId"": ""1611897293518-5uk86w##0##0"", ""vttSubtitlePath"": null, ""status"": 0, ""contentParts"": 123}, ""id"": ""1355021572672841594""}"
"{""ce"": {""contentPartsInMillis"": 15751, ""streamPath"": ""1350031492593686915/user/4d6c211f404eec9b/1354370155635599202/1354370155635599202_1/audio/4d6c211f404eec9b_1611906592017/4d6c211f404eec9b_1611906592017.webm/mp3/1.mp3"", ""transcodingSource"": ""AWS_ELASTIC"", ""transcriptPath"": null, ""providerSourceId"": null, ""type"": 90, ""title"": ""My Media"", ""transcriptionStatus"": ""NOT_STARTED"", ""mp3Path"": ""1350031492593686915/user/4d6c211f404eec9b/1354370155635599202/1354370155635599202_1/audio/4d6c211f404eec9b_1611906592017/4d6c211f404eec9b_1611906592017.webm/mp3/1.mp3"", ""uploadedById"": ""4d6c211f404eec9b"", ""companyId"": ""1350031492593686915"", ""providerSource"": ""_default"", ""size"": 79728, ""uploadedAt"": 1611906619, ""hlsPath"": null, ""flacPath"": null, ""__last_updated_timestamp__"": 1611906724, ""original_path"": ""1350031492593686915/user/4d6c211f404eec9b/1354370155635599202/1354370155635599202_1/audio/4d6c211f404eec9b_1611906592017/4d6c211f404eec9b_1611906592017.webm"", ""mediaSource"": null, ""encodingMediaId"": ""1611906619648-2lequk##0##0"", ""vttSubtitlePath"": null, ""status"": 0, ""contentParts"": 16}, ""id"": ""1355060689146546285""}"
"{""ce"": {""contentPartsInMillis"": 101172, ""streamPath"": ""1350031492593686915/user/4d6c211f621dfafd/1611908855748_4d6c211f621dfafd_1minute12wav.wav/mp3/1.mp3"", ""transcodingSource"": ""AWS_ELASTIC"", ""transcriptPath"": null, ""providerSourceId"": null, ""type"": 90, ""title"": ""1minute1 (2).wav"", ""transcriptionStatus"": ""NOT_STARTED"", ""mp3Path"": ""1350031492593686915/user/4d6c211f621dfafd/1611908855748_4d6c211f621dfafd_1minute12wav.wav/mp3/1.mp3"", ""uploadedById"": ""4d6c211f621dfafd"", ""companyId"": ""1350031492593686915"", ""providerSource"": ""_default"", ""size"": 17838158, ""uploadedAt"": 1611908886, ""hlsPath"": null, ""flacPath"": null, ""__last_updated_timestamp__"": 1611908896, ""original_path"": ""1350031492593686915/user/4d6c211f621dfafd/1611908855748_4d6c211f621dfafd_1minute12wav.wav"", ""mediaSource"": null, ""encodingMediaId"": ""1611908886187-6dq5ex##0##0"", ""vttSubtitlePath"": null, ""status"": 0, ""contentParts"": 102}, ""id"": ""1355070195953262121""}"
"{""ce"": {""contentPartsInMillis"": 55248, ""streamPath"": ""1350031492593686915/user/4d6c211f621dfafd/1354370155635599202/1354370155635599202_1/audio/4d6c211f621dfafd_1611909911811/4d6c211f621dfafd_1611909911811.webm/mp3/1.mp3"", ""transcodingSource"": ""AWS_ELASTIC"", ""transcriptPath"": null, ""providerSourceId"": null, ""type"": 90, ""title"": ""My Media"", ""transcriptionStatus"": ""NOT_STARTED"", ""mp3Path"": ""1350031492593686915/user/4d6c211f621dfafd/1354370155635599202/1354370155635599202_1/audio/4d6c211f621dfafd_1611909911811/4d6c211f621dfafd_1611909911811.webm/mp3/1.mp3"", ""uploadedById"": ""4d6c211f621dfafd"", ""companyId"": ""1350031492593686915"", ""providerSource"": ""_default"", ""size"": 359891, ""uploadedAt"": 1611909980, ""hlsPath"": null, ""flacPath"": null, ""__last_updated_timestamp__"": 1611910086, ""original_path"": ""1350031492593686915/user/4d6c211f621dfafd/1354370155635599202/1354370155635599202_1/audio/4d6c211f621dfafd_1611909911811/4d6c211f621dfafd_1611909911811.webm"", ""mediaSource"": null, ""encodingMediaId"": ""1611909980614-07l3bp##0##0"", ""vttSubtitlePath"": null, ""status"": 0, ""contentParts"": 56}, ""id"": ""1355074785489241567""}"
"{""ce"": {""contentPartsInMillis"": 348447, ""streamPath"": ""1350031492593686915/user/4d6c2122f603e54d/1611911030249_4d6c2122f603e54d_videoplaybackwav.wav/mp3/1.mp3"", ""transcodingSource"": ""AWS_ELASTIC"", ""transcriptPath"": null, ""providerSourceId"": null, ""type"": 90, ""title"": ""videoplayback.wav"", ""transcriptionStatus"": ""NOT_STARTED"", ""mp3Path"": ""1350031492593686915/user/4d6c2122f603e54d/1611911030249_4d6c2122f603e54d_videoplaybackwav.wav/mp3/1.mp3"", ""uploadedById"": ""4d6c2122f603e54d"", ""companyId"": ""1350031492593686915"", ""providerSource"": ""_default"", ""size"": 61460558, ""uploadedAt"": 1611911055, ""hlsPath"": null, ""flacPath"": null, ""__last_updated_timestamp__"": 1611911069, ""original_path"": ""1350031492593686915/user/4d6c2122f603e54d/1611911030249_4d6c2122f603e54d_videoplaybackwav.wav"", ""mediaSource"": null, ""encodingMediaId"": ""1611911055782-wpqdn7##0##0"", ""vttSubtitlePath"": null, ""status"": 0, ""contentParts"": 349}, ""id"": ""1355079296015450693""}"
"{""ce"": {""contentPartsInMillis"": 570801, ""streamPath"": ""1350031492593686915/user/4d6c211fbe31f3d4/1611911445486_4d6c211fbe31f3d4_IndianGirlsCodeAditiPrasadTEDxChennaimp3.mp3/mp3/1.mp3"", ""transcodingSource"": ""AWS_ELASTIC"", ""transcriptPath"": null, ""providerSourceId"": null, ""type"": 90, ""title"": ""IndianGirlsCodeAditiPrasadTEDxChennai.mp3"", ""transcriptionStatus"": ""NOT_STARTED"", ""mp3Path"": ""1350031492593686915/user/4d6c211fbe31f3d4/1611911445486_4d6c211fbe31f3d4_IndianGirlsCodeAditiPrasadTEDxChennaimp3.mp3/mp3/1.mp3"", ""uploadedById"": ""4d6c211fbe31f3d4"", ""companyId"": ""1350031492593686915"", ""providerSource"": ""_default"", ""size"": 13700003, ""uploadedAt"": 1611911471, ""hlsPath"": null, ""flacPath"": null, ""__last_updated_timestamp__"": 1611911490, ""original_path"": ""1350031492593686915/user/4d6c211fbe31f3d4/1611911445486_4d6c211fbe31f3d4_IndianGirlsCodeAditiPrasadTEDxChennaimp3.mp3"", ""mediaSource"": null, ""encodingMediaId"": ""1611911471137-blrr83##0##0"", ""vttSubtitlePath"": null, ""status"": 0, ""contentParts"": 571}, ""id"": ""1355081037970618470""}"
"{""ce"": {""contentPartsInMillis"": 24267, ""streamPath"": ""1350031492593686915/user/4d6c211fbe31f3d4/1354364284476765079/1354364284476765079_1/audio/4d6c211fbe31f3d4_1611911518849/4d6c211fbe31f3d4_1611911518849.webm/mp3/1.mp3"", ""transcodingSource"": ""AWS_ELASTIC"", ""transcriptPath"": ""1350031492593686915/user/4d6c211fbe31f3d4/1354364284476765079/1354364284476765079_1/audio/4d6c211fbe31f3d4_1611911518849/4d6c211fbe31f3d4_1611911518849.out"", ""providerSourceId"": null, ""type"": 90, ""title"": ""My Media"", ""transcriptionStatus"": ""SUCCESS"", ""mp3Path"": ""1350031492593686915/user/4d6c211fbe31f3d4/1354364284476765079/1354364284476765079_1/audio/4d6c211fbe31f3d4_1611911518849/4d6c211fbe31f3d4_1611911518849.webm/mp3/1.mp3"", ""uploadedById"": ""4d6c211fbe31f3d4"", ""companyId"": ""1350031492593686915"", ""providerSource"": ""_default"", ""size"": 157666, ""uploadedAt"": 1611911552, ""hlsPath"": null, ""flacPath"": ""1350031492593686915/user/4d6c211fbe31f3d4/1354364284476765079/1354364284476765079_1/audio/4d6c211fbe31f3d4_1611911518849/4d6c211fbe31f3d4_1611911518849.flac"", ""__last_updated_timestamp__"": 1611911657, ""original_path"": ""1350031492593686915/user/4d6c211fbe31f3d4/1354364284476765079/1354364284476765079_1/audio/4d6c211fbe31f3d4_1611911518849/4d6c211fbe31f3d4_1611911518849.webm"", ""mediaSource"": null, ""encodingMediaId"": ""1611911552525-gwub6b##0##0"", ""vttSubtitlePath"": ""1350031492593686915/user/4d6c211fbe31f3d4/1354364284476765079/1354364284476765079_1/audio/4d6c211fbe31f3d4_1611911518849/4d6c211fbe31f3d4_1611911518849.vtt"", ""status"": 0, ""contentParts"": 25}, ""id"": ""1355081379008711255""}"
"{""ce"": {""contentPartsInMillis"": 570801, ""streamPath"": ""1350031492593686915/user/4d6c211fded8b6b8/1611911695846_4d6c211fded8b6b8_IndianGirlsCodeAditiPrasadTEDxChennaimp3.mp3/mp3/1.mp3"", ""transcodingSource"": ""AWS_ELASTIC"", ""transcriptPath"": null, ""providerSourceId"": null, ""type"": 90, ""title"": ""IndianGirlsCodeAditiPrasadTEDxChennai.mp3"", ""transcriptionStatus"": ""NOT_STARTED"", ""mp3Path"": ""1350031492593686915/user/4d6c211fded8b6b8/1611911695846_4d6c211fded8b6b8_IndianGirlsCodeAditiPrasadTEDxChennaimp3.mp3/mp3/1.mp3"", ""uploadedById"": ""4d6c211fded8b6b8"", ""companyId"": ""1350031492593686915"", ""providerSource"": ""_default"", ""size"": 13700003, ""uploadedAt"": 1611911718, ""hlsPath"": null, ""flacPath"": null, ""__last_updated_timestamp__"": 1611911739, ""original_path"": ""1350031492593686915/user/4d6c211fded8b6b8/1611911695846_4d6c211fded8b6b8_IndianGirlsCodeAditiPrasadTEDxChennaimp3.mp3"", ""mediaSource"": null, ""encodingMediaId"": ""1611911717745-ri6pxd##0##0"", ""vttSubtitlePath"": null, ""status"": 0, ""contentParts"": 571}, ""id"": ""1355082072175869187""}"
"{""ce"": {""contentPartsInMillis"": 23248, ""streamPath"": ""1350031492593686915/user/4d6c211fded8b6b8/1354364284476765079/1354364284476765079_1/audio/4d6c211fded8b6b8_1611911976223/4d6c211fded8b6b8_1611911976223.webm/mp3/1.mp3"", ""transcodingSource"": ""AWS_ELASTIC"", ""transcriptPath"": ""1350031492593686915/user/4d6c211fded8b6b8/1354364284476765079/1354364284476765079_1/audio/4d6c211fded8b6b8_1611911976223/4d6c211fded8b6b8_1611911976223.out"", ""providerSourceId"": null, ""type"": 90, ""title"": ""My Media"", ""transcriptionStatus"": ""SUCCESS"", ""mp3Path"": ""1350031492593686915/user/4d6c211fded8b6b8/1354364284476765079/1354364284476765079_1/audio/4d6c211fded8b6b8_1611911976223/4d6c211fded8b6b8_1611911976223.webm/mp3/1.mp3"", ""uploadedById"": ""4d6c211fded8b6b8"", ""companyId"": ""1350031492593686915"", ""providerSource"": ""_default"", ""size"": 149921, ""uploadedAt"": 1611912009, ""hlsPath"": null, ""flacPath"": ""1350031492593686915/user/4d6c211fded8b6b8/1354364284476765079/1354364284476765079_1/audio/4d6c211fded8b6b8_1611911976223/4d6c211fded8b6b8_1611911976223.flac"", ""__last_updated_timestamp__"": 1611912108, ""original_path"": ""1350031492593686915/user/4d6c211fded8b6b8/1354364284476765079/1354364284476765079_1/audio/4d6c211fded8b6b8_1611911976223/4d6c211fded8b6b8_1611911976223.webm"", ""mediaSource"": null, ""encodingMediaId"": ""1611912009526-5lm2xg##0##0"", ""vttSubtitlePath"": ""1350031492593686915/user/4d6c211fded8b6b8/1354364284476765079/1354364284476765079_1/audio/4d6c211fded8b6b8_1611911976223/4d6c211fded8b6b8_1611911976223.vtt"", ""status"": 0, ""contentParts"": 24}, ""id"": ""1355083296001165229""}"
"{""ce"": {""contentPartsInMillis"": 570801, ""streamPath"": ""1350031492593686915/user/4d6c21213250b043/1611912261248_4d6c21213250b043_IndianGirlsCodeAditiPrasadTEDxChennaimp3.mp3/mp3/1.mp3"", ""transcodingSource"": ""AWS_ELASTIC"", ""transcriptPath"": null, ""providerSourceId"": null, ""type"": 90, ""title"": ""IndianGirlsCodeAditiPrasadTEDxChennai.mp3"", ""transcriptionStatus"": ""NOT_STARTED"", ""mp3Path"": ""1350031492593686915/user/4d6c21213250b043/1611912261248_4d6c21213250b043_IndianGirlsCodeAditiPrasadTEDxChennaimp3.mp3/mp3/1.mp3"", ""uploadedById"": ""4d6c21213250b043"", ""companyId"": ""1350031492593686915"", ""providerSource"": ""_default"", ""size"": 13700003, ""uploadedAt"": 1611912278, ""hlsPath"": null, ""flacPath"": null, ""__last_updated_timestamp__"": 1611912296, ""original_path"": ""1350031492593686915/user/4d6c21213250b043/1611912261248_4d6c21213250b043_IndianGirlsCodeAditiPrasadTEDxChennaimp3.mp3"", ""mediaSource"": null, ""encodingMediaId"": ""1611912278495-aw21jx##0##0"", ""vttSubtitlePath"": null, ""status"": 0, ""contentParts"": 571}, ""id"": ""1355084424283978470""}"
"{""ce"": {""contentPartsInMillis"": 4832, ""streamPath"": ""1350031492593686915/user/4d6c21213250b043/1354364284476765079/1354364284476765079_1/audio/4d6c21213250b043_1611912698734/4d6c21213250b043_1611912698734.webm/mp3/1.mp3"", ""transcodingSource"": ""AWS_ELASTIC"", ""transcriptPath"": ""1350031492593686915/user/4d6c21213250b043/1354364284476765079/1354364284476765079_1/audio/4d6c21213250b043_1611912698734/4d6c21213250b043_1611912698734.out"", ""providerSourceId"": null, ""type"": 90, ""title"": ""My Media"", ""transcriptionStatus"": ""SUCCESS"", ""mp3Path"": ""1350031492593686915/user/4d6c21213250b043/1354364284476765079/1354364284476765079_1/audio/4d6c21213250b043_1611912698734/4d6c21213250b043_1611912698734.webm/mp3/1.mp3"", ""uploadedById"": ""4d6c21213250b043"", ""companyId"": ""1350031492593686915"", ""providerSource"": ""_default"", ""size"": 22711, ""uploadedAt"": 1611912712, ""hlsPath"": null, ""flacPath"": ""1350031492593686915/user/4d6c21213250b043/1354364284476765079/1354364284476765079_1/audio/4d6c21213250b043_1611912698734/4d6c21213250b043_1611912698734.flac"", ""__last_updated_timestamp__"": 1611912741, ""original_path"": ""1350031492593686915/user/4d6c21213250b043/1354364284476765079/1354364284476765079_1/audio/4d6c21213250b043_1611912698734/4d6c21213250b043_1611912698734.webm"", ""mediaSource"": null, ""encodingMediaId"": ""1611912711953-092a7c##0##0"", ""vttSubtitlePath"": ""1350031492593686915/user/4d6c21213250b043/1354364284476765079/1354364284476765079_1/audio/4d6c21213250b043_1611912698734/4d6c21213250b043_1611912698734.vtt"", ""status"": 0, ""contentParts"": 5}, ""id"": ""1355086242400508639""}"
"{""ce"": {""contentPartsInMillis"": 27219, ""streamPath"": ""1350031492593686915/1612248280864file_example_MP3_700KB.mp3/mp3/1.mp3"", ""transcodingSource"": ""AWS_ELASTIC"", ""transcriptPath"": null, ""providerSourceId"": null, ""type"": 90, ""title"": ""file_example_MP3_700KB.mp3"", ""transcriptionStatus"": ""NOT_STARTED"", ""mp3Path"": ""1350031492593686915/1612248280864file_example_MP3_700KB.mp3/mp3/1.mp3"", ""uploadedById"": ""4d6c1c50a5c65929"", ""companyId"": ""1350031492593686915"", ""providerSource"": ""_default"", ""size"": 764176, ""uploadedAt"": 1612248290, ""hlsPath"": null, ""flacPath"": null, ""__last_updated_timestamp__"": 1612248297, ""original_path"": ""1350031492593686915/1612248280864file_example_MP3_700KB.mp3"", ""mediaSource"": null, ""encodingMediaId"": ""1612248290437-n4i3wn##0##0"", ""vttSubtitlePath"": null, ""status"": 0, ""contentParts"": 28}, ""id"": ""1356493760049827181""}"
"{""ce"": {""contentPartsInMillis"": 27219, ""streamPath"": ""1350031492593686915/1612248352277file_example_MP3_700KB.mp3/mp3/1.mp3"", ""transcodingSource"": ""AWS_ELASTIC"", ""transcriptPath"": null, ""providerSourceId"": null, ""type"": 90, ""title"": ""file_example_MP3_700KB.mp3"", ""transcriptionStatus"": ""NOT_STARTED"", ""mp3Path"": ""1350031492593686915/1612248352277file_example_MP3_700KB.mp3/mp3/1.mp3"", ""uploadedById"": ""4d6c1c50a5c65929"", ""companyId"": ""1350031492593686915"", ""providerSource"": ""_default"", ""size"": 764176, ""uploadedAt"": 1612248361, ""hlsPath"": null, ""flacPath"": null, ""__last_updated_timestamp__"": 1612248368, ""original_path"": ""1350031492593686915/1612248352277file_example_MP3_700KB.mp3"", ""mediaSource"": null, ""encodingMediaId"": ""1612248361620-m35ckc##0##0"", ""vttSubtitlePath"": null, ""status"": 0, ""contentParts"": 28}, ""id"": ""1356494058714112688""}"
"{""ce"": {""contentPartsInMillis"": 27219, ""streamPath"": ""1350031492593686915/1612248382458file_example_MP3_700KB.mp3/mp3/1.mp3"", ""transcodingSource"": ""AWS_ELASTIC"", ""transcriptPath"": null, ""providerSourceId"": null, ""type"": 90, ""title"": ""file_example_MP3_700KB.mp3"", ""transcriptionStatus"": ""NOT_STARTED"", ""mp3Path"": ""1350031492593686915/1612248382458file_example_MP3_700KB.mp3/mp3/1.mp3"", ""uploadedById"": ""4d6c1c50a5c65929"", ""companyId"": ""1350031492593686915"", ""providerSource"": ""_default"", ""size"": 764176, ""uploadedAt"": 1612248391, ""hlsPath"": null, ""flacPath"": null, ""__last_updated_timestamp__"": 1612248414, ""original_path"": ""1350031492593686915/1612248382458file_example_MP3_700KB.mp3"", ""mediaSource"": null, ""encodingMediaId"": ""1612248391743-opvusf##0##0"", ""vttSubtitlePath"": null, ""status"": 0, ""contentParts"": 28}, ""id"": ""1356494185260200474""}"
"{""ce"": {""contentPartsInMillis"": 27219, ""streamPath"": ""1350031492593686915/1612249475002file_example_MP3_700KB.mp3/mp3/1.mp3"", ""transcodingSource"": ""AWS_ELASTIC"", ""transcriptPath"": null, ""providerSourceId"": null, ""type"": 90, ""title"": ""file_example_MP3_700KB.mp3"", ""transcriptionStatus"": ""NOT_STARTED"", ""mp3Path"": ""1350031492593686915/1612249475002file_example_MP3_700KB.mp3/mp3/1.mp3"", ""uploadedById"": ""4d6c1c50a5c65929"", ""companyId"": ""1350031492593686915"", ""providerSource"": ""_default"", ""size"": 764176, ""uploadedAt"": 1612249484, ""hlsPath"": null, ""flacPath"": null, ""__last_updated_timestamp__"": 1612249491, ""original_path"": ""1350031492593686915/1612249475002file_example_MP3_700KB.mp3"", ""mediaSource"": null, ""encodingMediaId"": ""1612249484312-7a45x7##0##0"", ""vttSubtitlePath"": null, ""status"": 0, ""contentParts"": 28}, ""id"": ""1356498766712853136""}"
"{""ce"": {""contentPartsInMillis"": 27219, ""streamPath"": ""1350031492593686915/1612273841123file_example_MP3_700KB.mp3/mp3/1.mp3"", ""transcodingSource"": ""AWS_ELASTIC"", ""transcriptPath"": null, ""providerSourceId"": null, ""type"": 90, ""title"": ""file_example_MP3_700KB.mp3"", ""transcriptionStatus"": ""NOT_STARTED"", ""mp3Path"": ""1350031492593686915/1612273841123file_example_MP3_700KB.mp3/mp3/1.mp3"", ""uploadedById"": ""4d6c1c50a5c65929"", ""companyId"": ""1350031492593686915"", ""providerSource"": ""_default"", ""size"": 764176, ""uploadedAt"": 1612273850, ""hlsPath"": null, ""flacPath"": null, ""__last_updated_timestamp__"": 1612273858, ""original_path"": ""1350031492593686915/1612273841123file_example_MP3_700KB.mp3"", ""mediaSource"": null, ""encodingMediaId"": ""1612273850369-2g5czb##0##0"", ""vttSubtitlePath"": null, ""status"": 0, ""contentParts"": 28}, ""id"": ""1356600966454518136""}"
"{""ce"": {""filestackStatus"": 0, ""filestackContentParts"": 3, ""boxContentParts"": 3, ""providerSourceId"": null, ""imagifiedStatusFilestack"": ""IMAGIFIED_SUCCESS"", ""type"": 94, ""title"": ""SamplePPTFile_500kb.ppt"", ""uuid"": ""768926553214"", ""imagifyStatusLastUpdated"": 1611740755, ""imagifiedStatusBox"": ""IMAGIFIED_SUCCESS"", ""boxStatus"": 0, ""uploadedById"": ""4d4d6baa42b1bfb7"", ""companyId"": ""1350031492593686915"", ""providerSource"": ""_default"", ""size"": 527872, ""imagifiedStatus"": ""IMAGIFIED_SUCCESS"", ""uploadedAt"": 1611740731, ""__last_updated_timestamp__"": 1611740755, ""original_path"": ""1350031492593686915/1611740719968SamplePPTFile_500kb.ppt"", ""docProcessor"": ""HYBRID"", ""mediaSource"": null, ""status"": 0, ""contentParts"": 3, ""uuid_filestack"": ""kLSEYYWVS8m9mOERrtx9""}, ""id"": ""1354364900371326730""}"
"{""ce"": {""filestackStatus"": 0, ""filestackContentParts"": 47, ""boxContentParts"": 47, ""providerSourceId"": null, ""imagifiedStatusFilestack"": ""IMAGIFIED_SUCCESS"", ""type"": 94, ""title"": ""13-Using_Powerpoint (2).ppt"", ""uuid"": ""768931663432"", ""imagifyStatusLastUpdated"": 1611741920, ""imagifiedStatusBox"": ""IMAGIFIED_SUCCESS"", ""boxStatus"": 0, ""uploadedById"": ""4d4d6baa42b1bfb7"", ""companyId"": ""1350031492593686915"", ""providerSource"": ""_default"", ""size"": 1328640, ""imagifiedStatus"": ""IMAGIFIED_SUCCESS"", ""uploadedAt"": 1611741789, ""__last_updated_timestamp__"": 1611741920, ""original_path"": ""1350031492593686915/161174177704913Using_Powerpoint2.ppt"", ""docProcessor"": ""HYBRID"", ""mediaSource"": null, ""status"": 0, ""contentParts"": 47, ""uuid_filestack"": ""xNyxzgdsQqux7YFyW28j""}, ""id"": ""1354369337075516734""}"
"{""ce"": {""filestackContentParts"": 1, ""boxContentParts"": 1, ""providerSourceId"": null, ""imagifiedStatusFilestack"": ""IMAGIFIED_SUCCESS"", ""type"": 94, ""title"": ""sample-ppt.pptx"", ""uuid"": ""658438079408"", ""imagifyStatusLastUpdated"": 1611811109, ""imagifiedStatusBox"": ""IMAGIFIED_SUCCESS"", ""providerSource"": ""_default"", ""distributionPathMap"": {}, ""imagificatitonBasePath"": null, ""__last_updated_timestamp__"": 1611811109, ""original_path"": ""1350031492593686915/1611811089623/1239890546273935705/1587983418360sampleppt.pptx"", ""docProcessor"": ""HYBRID"", ""contentParts"": 1, ""uuid_filestack"": ""rrZFEI9oTFqJFYJhK8hR"", ""filestackStatus"": 0, ""boxStatus"": 0, ""uploadedById"": ""4a601f736a655360"", ""companyId"": ""1350031492593686915"", ""size"": 31698, ""imagifiedStatus"": ""IMAGIFIED_SUCCESS"", ""uploadedAt"": 1611811086, ""mediaSource"": null, ""status"": 0}, ""id"": ""1354659996773594183""}"
"{""ce"": {""filestackContentParts"": 1, ""boxContentParts"": 1, ""providerSourceId"": null, ""imagifiedStatusFilestack"": ""IMAGIFIED_SUCCESS"", ""type"": 94, ""title"": ""sample-ppt.pptx"", ""uuid"": ""658438079408"", ""imagifyStatusLastUpdated"": 1611813769, ""imagifiedStatusBox"": ""IMAGIFIED_SUCCESS"", ""providerSource"": ""_default"", ""distributionPathMap"": {}, ""imagificatitonBasePath"": null, ""__last_updated_timestamp__"": 1611813769, ""original_path"": ""1350031492593686915/1611813756733/1239890546273935705/1587983418360sampleppt.pptx"", ""docProcessor"": ""HYBRID"", ""contentParts"": 1, ""uuid_filestack"": ""rrZFEI9oTFqJFYJhK8hR"", ""filestackStatus"": 0, ""boxStatus"": 0, ""uploadedById"": ""4a601f736a655360"", ""companyId"": ""1350031492593686915"", ""size"": 31698, ""imagifiedStatus"": ""IMAGIFIED_SUCCESS"", ""uploadedAt"": 1611813752, ""mediaSource"": null, ""status"": 0}, ""id"": ""1354671181583014266""}"
"{""ce"": {""filestackContentParts"": 1, ""boxContentParts"": 1, ""providerSourceId"": null, ""imagifiedStatusFilestack"": ""IMAGIFIED_SUCCESS"", ""type"": 94, ""title"": ""sample-ppt.pptx"", ""uuid"": ""658438079408"", ""imagifyStatusLastUpdated"": 1611814193, ""imagifiedStatusBox"": ""IMAGIFIED_SUCCESS"", ""providerSource"": ""_default"", ""distributionPathMap"": {}, ""imagificatitonBasePath"": null, ""__last_updated_timestamp__"": 1611814193, ""original_path"": ""1350031492593686915/1611814171079/1239890546273935705/1587983418360sampleppt.pptx"", ""docProcessor"": ""HYBRID"", ""contentParts"": 1, ""uuid_filestack"": ""rrZFEI9oTFqJFYJhK8hR"", ""filestackStatus"": 0, ""boxStatus"": 0, ""uploadedById"": ""4a601f736a655360"", ""companyId"": ""1350031492593686915"", ""size"": 31698, ""imagifiedStatus"": ""IMAGIFIED_SUCCESS"", ""uploadedAt"": 1611814167, ""mediaSource"": null, ""status"": 0}, ""id"": ""1354672921890324584""}"
"{""ce"": {""filestackContentParts"": 1, ""boxContentParts"": 1, ""providerSourceId"": null, ""imagifiedStatusFilestack"": ""IMAGIFIED_SUCCESS"", ""type"": 94, ""title"": ""sample-ppt.pptx"", ""uuid"": ""658438079408"", ""imagifyStatusLastUpdated"": 1611817599, ""imagifiedStatusBox"": ""IMAGIFIED_SUCCESS"", ""providerSource"": ""_default"", ""distributionPathMap"": {}, ""imagificatitonBasePath"": null, ""__last_updated_timestamp__"": 1611817599, ""original_path"": ""1350031492593686915/1611817579322/1239890546273935705/1587983418360sampleppt.pptx"", ""docProcessor"": ""HYBRID"", ""contentParts"": 1, ""uuid_filestack"": ""rrZFEI9oTFqJFYJhK8hR"", ""filestackStatus"": 0, ""boxStatus"": 0, ""uploadedById"": ""4a601f736a655360"", ""companyId"": ""1350031492593686915"", ""size"": 31698, ""imagifiedStatus"": ""IMAGIFIED_SUCCESS"", ""uploadedAt"": 1611817575, ""mediaSource"": null, ""status"": 0}, ""id"": ""1354687213856466038""}"
"{""ce"": {""filestackContentParts"": null, ""boxContentParts"": null, ""providerSourceId"": null, ""imagifiedStatusFilestack"": ""IMAGIFIED_FAILED"", ""type"": 94, ""title"": ""file_example_PPT_1MB.ppt"", ""uuid"": ""769714783724"", ""imagifyStatusLastUpdated"": 1611894444, ""imagifiedStatusBox"": ""IMAGIFIED_FAILED"", ""providerSource"": ""_default"", ""distributionPathMap"": {}, ""imagificatitonBasePath"": null, ""__last_updated_timestamp__"": 1611894444, ""original_path"": ""1350031492593686915/1611894348326file_example_PPT_1MB.ppt"", ""docProcessor"": ""HYBRID"", ""contentParts"": 0, ""uuid_filestack"": ""9S95fAjQAK7KTcVnBOWM"", ""filestackStatus"": 3, ""boxStatus"": 3, ""uploadedById"": ""4d6c1c50a5c65929"", ""companyId"": ""1350031492593686915"", ""size"": 1028608, ""imagifiedStatus"": ""IMAGIFIED_NOT_STARTED"", ""uploadedAt"": 1611894359, ""mediaSource"": null, ""status"": 3}, ""id"": ""1355009260103566214""}"
"{""ce"": {""filestackStatus"": 0, ""filestackContentParts"": 2, ""boxContentParts"": 2, ""providerSourceId"": null, ""imagifiedStatusFilestack"": ""IMAGIFIED_SUCCESS"", ""type"": 94, ""title"": ""samplepptx.pptx"", ""uuid"": ""769715253124"", ""imagifyStatusLastUpdated"": 1611894419, ""imagifiedStatusBox"": ""IMAGIFIED_SUCCESS"", ""boxStatus"": 0, ""uploadedById"": ""4d6c1c50a5c65929"", ""companyId"": ""1350031492593686915"", ""providerSource"": ""_default"", ""size"": 413895, ""imagifiedStatus"": ""IMAGIFIED_SUCCESS"", ""uploadedAt"": 1611894391, ""__last_updated_timestamp__"": 1611894419, ""original_path"": ""1350031492593686915/1611894382857samplepptx.pptx"", ""docProcessor"": ""HYBRID"", ""mediaSource"": null, ""status"": 0, ""contentParts"": 2, ""uuid_filestack"": ""PRboNdtFS6GqXif3OBLs""}, ""id"": ""1355009395726141289""}"
"{""ce"": {""filestackStatus"": 0, ""filestackContentParts"": 2, ""boxContentParts"": 2, ""providerSourceId"": null, ""imagifiedStatusFilestack"": ""IMAGIFIED_SUCCESS"", ""type"": 94, ""title"": ""samplepptx.pptx"", ""uuid"": ""769716918851"", ""imagifyStatusLastUpdated"": 1611894651, ""imagifiedStatusBox"": ""IMAGIFIED_SUCCESS"", ""boxStatus"": 0, ""uploadedById"": ""4d6c1c50a5c65929"", ""companyId"": ""1350031492593686915"", ""providerSource"": ""_default"", ""size"": 413895, ""imagifiedStatus"": ""IMAGIFIED_SUCCESS"", ""uploadedAt"": 1611894617, ""__last_updated_timestamp__"": 1611894651, ""original_path"": ""1350031492593686915/1611894610158samplepptx.pptx"", ""docProcessor"": ""HYBRID"", ""mediaSource"": null, ""status"": 0, ""contentParts"": 2, ""uuid_filestack"": ""HXJEp8e5RAqMK8YRfTOJ""}, ""id"": ""1355010347786575560""}"
"{""ce"": {""filestackStatus"": 0, ""filestackContentParts"": 2, ""boxContentParts"": 2, ""providerSourceId"": null, ""imagifiedStatusFilestack"": ""IMAGIFIED_SUCCESS"", ""type"": 94, ""title"": ""816.ppt"", ""uuid"": ""769708216417"", ""imagifyStatusLastUpdated"": 1611894713, ""imagifiedStatusBox"": ""IMAGIFIED_NOT_STARTED"", ""boxStatus"": 0, ""uploadedById"": ""4d6c1c50a5c65929"", ""companyId"": ""1350031492593686915"", ""providerSource"": ""_default"", ""size"": 316928, ""imagifiedStatus"": ""IMAGIFIED_SUCCESS"", ""uploadedAt"": 1611894693, ""__last_updated_timestamp__"": 1611894713, ""original_path"": ""1350031492593686915/1611894686665816.ppt"", ""docProcessor"": ""HYBRID"", ""mediaSource"": null, ""status"": 0, ""contentParts"": 2, ""uuid_filestack"": ""r8UwJbiVQyCJX3g3Avr3""}, ""id"": ""1355010665184727550""}"
"{""ce"": {""filestackStatus"": 0, ""filestackContentParts"": 2, ""boxContentParts"": 2, ""providerSourceId"": null, ""imagifiedStatusFilestack"": ""IMAGIFIED_SUCCESS"", ""type"": 94, ""title"": ""samplepptx.pptx"", ""uuid"": ""769722229101"", ""imagifyStatusLastUpdated"": 1612155136, ""imagifiedStatusBox"": ""IMAGIFIED_SUCCESS"", ""boxStatus"": 0, ""uploadedById"": ""4d6c1c50a5c65929"", ""companyId"": ""1350031492593686915"", ""providerSource"": ""_default"", ""size"": 413895, ""imagifiedStatus"": ""IMAGIFIED_SUCCESS"", ""uploadedAt"": 1611895675, ""__last_updated_timestamp__"": 1612155136, ""original_path"": ""1350031492593686915/1611895667058samplepptx.pptx"", ""docProcessor"": ""HYBRID"", ""mediaSource"": null, ""status"": 0, ""contentParts"": 2, ""uuid_filestack"": ""YZ500QV9QP6Q4U2Oowvi""}, ""id"": ""1355014781055155546""}"
"{""ce"": {""filestackStatus"": 0, ""filestackContentParts"": 25, ""boxContentParts"": 25, ""providerSourceId"": null, ""imagifiedStatusFilestack"": ""IMAGIFIED_SUCCESS"", ""type"": 94, ""title"": ""pptx2.pptx"", ""uuid"": ""769720695000"", ""imagifyStatusLastUpdated"": 1611895928, ""imagifiedStatusBox"": ""IMAGIFIED_SUCCESS"", ""boxStatus"": 0, ""uploadedById"": ""4d6c1c50a5c65929"", ""companyId"": ""1350031492593686915"", ""providerSource"": ""_default"", ""size"": 6025341, ""imagifiedStatus"": ""IMAGIFIED_SUCCESS"", ""uploadedAt"": 1611895851, ""__last_updated_timestamp__"": 1611895928, ""original_path"": ""1350031492593686915/1611895837942pptx2.pptx"", ""docProcessor"": ""HYBRID"", ""mediaSource"": null, ""status"": 0, ""contentParts"": 25, ""uuid_filestack"": ""bvKmUYdRs2zAZgADr5wA""}, ""id"": ""1355015521421312331""}"
"{""ce"": {""filestackStatus"": 0, ""filestackContentParts"": 2, ""boxContentParts"": 2, ""providerSourceId"": null, ""imagifiedStatusFilestack"": ""IMAGIFIED_SUCCESS"", ""type"": 94, ""title"": ""816.ppt"", ""uuid"": ""769722229375"", ""imagifyStatusLastUpdated"": 1611895905, ""imagifiedStatusBox"": ""IMAGIFIED_NOT_STARTED"", ""boxStatus"": 0, ""uploadedById"": ""4d6c1c50a5c65929"", ""companyId"": ""1350031492593686915"", ""providerSource"": ""_default"", ""size"": 316928, ""imagifiedStatus"": ""IMAGIFIED_SUCCESS"", ""uploadedAt"": 1611895882, ""__last_updated_timestamp__"": 1611895905, ""original_path"": ""1350031492593686915/1611895874807816.ppt"", ""docProcessor"": ""HYBRID"", ""mediaSource"": null, ""status"": 0, ""contentParts"": 2, ""uuid_filestack"": ""DOZl6ISaRCGnuhbNVmtm""}, ""id"": ""1355015652096001468""}"
"{""ce"": {""filestackStatus"": 0, ""filestackContentParts"": 3, ""boxContentParts"": 3, ""providerSourceId"": null, ""imagifiedStatusFilestack"": ""IMAGIFIED_SUCCESS"", ""type"": 94, ""title"": ""SamplePPTFile_500kb.ppt"", ""uuid"": ""769795524712"", ""imagifyStatusLastUpdated"": 1611908998, ""imagifiedStatusBox"": ""IMAGIFIED_SUCCESS"", ""boxStatus"": 0, ""uploadedById"": ""4d6c211f621dfafd"", ""companyId"": ""1350031492593686915"", ""providerSource"": ""_default"", ""size"": 527872, ""imagifiedStatus"": ""IMAGIFIED_SUCCESS"", ""uploadedAt"": 1611908969, ""__last_updated_timestamp__"": 1611908998, ""original_path"": ""1350031492593686915/user/4d6c211f621dfafd/1611908959050_4d6c211f621dfafd_SamplePPTFile_500kbppt.ppt"", ""docProcessor"": ""HYBRID"", ""mediaSource"": null, ""status"": 0, ""contentParts"": 3, ""uuid_filestack"": ""huaogavNSk6Zomf9xPFq""}, ""id"": ""1355070542678217900""}"
"{""ce"": {""filestackStatus"": 0, ""filestackContentParts"": 47, ""boxContentParts"": 47, ""providerSourceId"": null, ""imagifiedStatusFilestack"": ""IMAGIFIED_SUCCESS"", ""type"": 94, ""title"": ""13-Using_Powerpoint (2).ppt"", ""uuid"": ""769796292174"", ""imagifyStatusLastUpdated"": 1611909803, ""imagifiedStatusBox"": ""IMAGIFIED_SUCCESS"", ""boxStatus"": 0, ""uploadedById"": ""4d6c211f621dfafd"", ""companyId"": ""1350031492593686915"", ""providerSource"": ""_default"", ""size"": 1328640, ""imagifiedStatus"": ""IMAGIFIED_SUCCESS"", ""uploadedAt"": 1611909661, ""__last_updated_timestamp__"": 1611909803, ""original_path"": ""1350031492593686915/user/4d6c211f621dfafd/1611909646548_4d6c211f621dfafd_13Using_Powerpoint2ppt.ppt"", ""docProcessor"": ""HYBRID"", ""mediaSource"": null, ""status"": 0, ""contentParts"": 47, ""uuid_filestack"": ""gYrJuLiTaOE9kpUXM4Zf""}, ""id"": ""1355073442437742035""}"
"{""ce"": {""filestackStatus"": 0, ""filestackContentParts"": 47, ""boxContentParts"": 47, ""providerSourceId"": null, ""imagifiedStatusFilestack"": ""IMAGIFIED_SUCCESS"", ""type"": 94, ""title"": ""13-Using_Powerpoint (2).ppt"", ""uuid"": ""769802952485"", ""imagifyStatusLastUpdated"": 1611910408, ""imagifiedStatusBox"": ""IMAGIFIED_SUCCESS"", ""boxStatus"": 0, ""uploadedById"": ""4d6c2122f603e54d"", ""companyId"": ""1350031492593686915"", ""providerSource"": ""_default"", ""size"": 1328640, ""imagifiedStatus"": ""IMAGIFIED_SUCCESS"", ""uploadedAt"": 1611910291, ""__last_updated_timestamp__"": 1611910408, ""original_path"": ""1350031492593686915/user/4d6c2122f603e54d/1611910279839_4d6c2122f603e54d_13Using_Powerpoint2ppt.ppt"", ""docProcessor"": ""HYBRID"", ""mediaSource"": null, ""status"": 0, ""contentParts"": 47, ""uuid_filestack"": ""6fSgVHo7StW1yaajxWEX""}, ""id"": ""1355076085389493972""}"
"{""ce"": {""filestackStatus"": 0, ""filestackContentParts"": 8, ""boxContentParts"": 8, ""providerSourceId"": null, ""imagifiedStatusFilestack"": ""IMAGIFIED_SUCCESS"", ""type"": 94, ""title"": ""Data Protection.pptx"", ""uuid"": ""769802939003"", ""imagifyStatusLastUpdated"": 1611910461, ""imagifiedStatusBox"": ""IMAGIFIED_SUCCESS"", ""boxStatus"": 0, ""uploadedById"": ""4d6c2122f603e54d"", ""companyId"": ""1350031492593686915"", ""providerSource"": ""_default"", ""size"": 511960, ""imagifiedStatus"": ""IMAGIFIED_SUCCESS"", ""uploadedAt"": 1611910347, ""__last_updated_timestamp__"": 1611910461, ""original_path"": ""1350031492593686915/user/4d6c2122f603e54d/1611910336177_4d6c2122f603e54d_DataProtectionpptx.pptx"", ""docProcessor"": ""HYBRID"", ""mediaSource"": null, ""status"": 0, ""contentParts"": 8, ""uuid_filestack"": ""Ohmihx9fS12a2b9jUVvW""}, ""id"": ""1355076323901031276""}"
"{""ce"": {""filestackStatus"": 0, ""filestackContentParts"": 1, ""boxContentParts"": 1, ""providerSourceId"": null, ""imagifiedStatusFilestack"": ""IMAGIFIED_SUCCESS"", ""type"": 94, ""title"": ""reviewer_table (2).pptx"", ""uuid"": ""769809928938"", ""imagifyStatusLastUpdated"": 1611911937, ""imagifiedStatusBox"": ""IMAGIFIED_NOT_STARTED"", ""boxStatus"": 0, ""uploadedById"": ""4d6c211fded8b6b8"", ""companyId"": ""1350031492593686915"", ""providerSource"": ""_default"", ""size"": 407784, ""imagifiedStatus"": ""IMAGIFIED_SUCCESS"", ""uploadedAt"": 1611911918, ""__last_updated_timestamp__"": 1611911937, ""original_path"": ""1350031492593686915/user/4d6c211fded8b6b8/1611911907546_4d6c211fded8b6b8_reviewer_table2pptx.pptx"", ""docProcessor"": ""HYBRID"", ""mediaSource"": null, ""status"": 0, ""contentParts"": 1, ""uuid_filestack"": ""BGbx3PqSTuJgyF5r91bg""}, ""id"": ""1355082908783779000""}"
"{""ce"": {""filestackStatus"": 0, ""filestackContentParts"": 15, ""boxContentParts"": 15, ""providerSourceId"": null, ""imagifiedStatusFilestack"": ""IMAGIFIED_SUCCESS"", ""type"": 94, ""title"": ""15D110020 - DDP.pptx"", ""uuid"": ""769805733470"", ""imagifyStatusLastUpdated"": 1611912439, ""imagifiedStatusBox"": ""IMAGIFIED_SUCCESS"", ""boxStatus"": 0, ""uploadedById"": ""4d6c21213250b043"", ""companyId"": ""1350031492593686915"", ""providerSource"": ""_default"", ""size"": 2474474, ""imagifiedStatus"": ""IMAGIFIED_SUCCESS"", ""uploadedAt"": 1611912323, ""__last_updated_timestamp__"": 1611912439, ""original_path"": ""1350031492593686915/user/4d6c21213250b043/1611912309784_4d6c21213250b043_15D110020DDPpptx.pptx"", ""docProcessor"": ""HYBRID"", ""mediaSource"": null, ""status"": 0, ""contentParts"": 15, ""uuid_filestack"": ""p2KCamdQnqQZHbWYTZsV""}, ""id"": ""1355084608993163072""}"
"{""ce"": {""filestackStatus"": 0, ""filestackContentParts"": 19, ""boxContentParts"": 19, ""providerSourceId"": null, ""imagifiedStatusFilestack"": ""IMAGIFIED_SUCCESS"", ""type"": 94, ""title"": ""19. MOTIVATION.2016.ppt"", ""uuid"": ""769819504744"", ""imagifyStatusLastUpdated"": 1611913877, ""imagifiedStatusBox"": ""IMAGIFIED_SUCCESS"", ""boxStatus"": 0, ""uploadedById"": ""4d4d6baa42b1bfb7"", ""companyId"": ""1350031492593686915"", ""providerSource"": ""_default"", ""size"": 776192, ""imagifiedStatus"": ""IMAGIFIED_SUCCESS"", ""uploadedAt"": 1611913767, ""__last_updated_timestamp__"": 1611913877, ""original_path"": ""1350031492593686915/161191375337919.MOTIVATION.2016.ppt"", ""docProcessor"": ""HYBRID"", ""mediaSource"": null, ""status"": 0, ""contentParts"": 19, ""uuid_filestack"": ""SQatRUtNSgK49xaUbC7Q""}, ""id"": ""1355090664979123252""}"
"{""ce"": {""filestackStatus"": 0, ""filestackContentParts"": 2, ""boxContentParts"": 2, ""providerSourceId"": null, ""imagifiedStatusFilestack"": ""IMAGIFIED_SUCCESS"", ""type"": 94, ""title"": ""816.ppt"", ""uuid"": ""770838183115"", ""imagifyStatusLastUpdated"": 1612154575, ""imagifiedStatusBox"": ""IMAGIFIED_SUCCESS"", ""boxStatus"": 0, ""uploadedById"": ""4d6c1c50a5c65929"", ""companyId"": ""1350031492593686915"", ""providerSource"": ""_default"", ""size"": 316928, ""imagifiedStatus"": ""IMAGIFIED_SUCCESS"", ""uploadedAt"": 1612154546, ""__last_updated_timestamp__"": 1612154575, ""original_path"": ""1350031492593686915/1612154538076816.ppt"", ""docProcessor"": ""HYBRID"", ""mediaSource"": null, ""status"": 0, ""contentParts"": 2, ""uuid_filestack"": ""vF6jek0kQkefnCatfo0N""}, ""id"": ""1356100564724997072""}"
"{""ce"": {""filestackStatus"": 0, ""filestackContentParts"": 2, ""boxContentParts"": 2, ""providerSourceId"": null, ""imagifiedStatusFilestack"": ""IMAGIFIED_SUCCESS"", ""type"": 94, ""title"": ""samplepptx.pptx"", ""uuid"": ""770821987062"", ""imagifyStatusLastUpdated"": 1612253723, ""imagifiedStatusBox"": ""IMAGIFIED_SUCCESS"", ""boxStatus"": 0, ""uploadedById"": ""4d6c1c50a5c65929"", ""companyId"": ""1350031492593686915"", ""providerSource"": ""_default"", ""size"": 413895, ""imagifiedStatus"": ""IMAGIFIED_SUCCESS"", ""uploadedAt"": 1612154606, ""__last_updated_timestamp__"": 1612253723, ""original_path"": ""1350031492593686915/1612154599088samplepptx.pptx"", ""docProcessor"": ""HYBRID"", ""mediaSource"": null, ""status"": 0, ""contentParts"": 2, ""uuid_filestack"": ""avV69cHMR0yUJW4RYrBb""}, ""id"": ""1356100818912771972""}"
"{""ce"": {""filestackStatus"": 0, ""filestackContentParts"": 2, ""boxContentParts"": 2, ""providerSourceId"": null, ""imagifiedStatusFilestack"": ""IMAGIFIED_FAILED"", ""type"": 94, ""title"": ""816.ppt"", ""uuid"": ""770825311521"", ""imagifyStatusLastUpdated"": 1612155349, ""imagifiedStatusBox"": ""IMAGIFIED_SUCCESS"", ""boxStatus"": 0, ""uploadedById"": ""4d6c1c50a5c65929"", ""companyId"": ""1350031492593686915"", ""providerSource"": ""_default"", ""size"": 316928, ""imagifiedStatus"": ""IMAGIFIED_SUCCESS"", ""uploadedAt"": 1612155273, ""__last_updated_timestamp__"": 1612155349, ""original_path"": ""1350031492593686915/1612155266062816.ppt"", ""docProcessor"": ""HYBRID"", ""mediaSource"": null, ""status"": 0, ""contentParts"": 2, ""uuid_filestack"": ""YiTwgtPqTv65IpBMYBkD""}, ""id"": ""1356103616116806234""}"
"{""ce"": {""filestackStatus"": 0, ""filestackContentParts"": 2, ""boxContentParts"": 2, ""providerSourceId"": null, ""imagifiedStatusFilestack"": ""IMAGIFIED_SUCCESS"", ""type"": 94, ""title"": ""816.ppt"", ""uuid"": ""771325473034"", ""imagifyStatusLastUpdated"": 1612249575, ""imagifiedStatusBox"": ""IMAGIFIED_SUCCESS"", ""boxStatus"": 0, ""uploadedById"": ""4d6c1c50a5c65929"", ""companyId"": ""1350031492593686915"", ""providerSource"": ""_default"", ""size"": 316928, ""imagifiedStatus"": ""IMAGIFIED_SUCCESS"", ""uploadedAt"": 1612249548, ""__last_updated_timestamp__"": 1612249575, ""original_path"": ""1350031492593686915/1612249540747816.ppt"", ""docProcessor"": ""HYBRID"", ""mediaSource"": null, ""status"": 0, ""contentParts"": 2, ""uuid_filestack"": ""zAaPFhCkRcu3oly5B2xg""}, ""id"": ""1356499031987157726""}"
"{""ce"": {""filestackStatus"": 0, ""filestackContentParts"": 1, ""boxContentParts"": 1, ""providerSourceId"": null, ""imagifiedStatusFilestack"": ""IMAGIFIED_SUCCESS"", ""type"": 94, ""title"": ""WLNPodcastTemplate_16x9 (1).pptx"", ""uuid"": ""771763771241"", ""imagifyStatusLastUpdated"": 1612333899, ""imagifiedStatusBox"": ""IMAGIFIED_SUCCESS"", ""boxStatus"": 0, ""uploadedById"": ""4d6c1c4f9cecd131"", ""companyId"": ""1350031492593686915"", ""providerSource"": ""_default"", ""size"": 202905, ""imagifiedStatus"": ""IMAGIFIED_SUCCESS"", ""uploadedAt"": 1612333876, ""__last_updated_timestamp__"": 1612333899, ""original_path"": ""1350031492593686915/1612333866029WLNPodcastTemplate_16x91.pptx"", ""docProcessor"": ""HYBRID"", ""mediaSource"": null, ""status"": 0, ""contentParts"": 1, ""uuid_filestack"": ""8pYmeSMGTdyf95g23g0P""}, ""id"": ""1356852727876854815""}"
"{""ce"": {""filestackStatus"": 0, ""filestackContentParts"": 1, ""boxContentParts"": 1, ""providerSourceId"": null, ""imagifiedStatusFilestack"": ""IMAGIFIED_SUCCESS"", ""type"": 94, ""title"": ""WLNPodcastTemplate_16x9 (1).pptx"", ""uuid"": ""771766519585"", ""imagifyStatusLastUpdated"": 1612334633, ""imagifiedStatusBox"": ""IMAGIFIED_SUCCESS"", ""boxStatus"": 0, ""uploadedById"": ""4d6c1c4f9cecd131"", ""companyId"": ""1350031492593686915"", ""providerSource"": ""_default"", ""size"": 202905, ""imagifiedStatus"": ""IMAGIFIED_SUCCESS"", ""uploadedAt"": 1612334609, ""__last_updated_timestamp__"": 1612334633, ""original_path"": ""1350031492593686915/1612334597211WLNPodcastTemplate_16x91.pptx"", ""docProcessor"": ""HYBRID"", ""mediaSource"": null, ""status"": 0, ""contentParts"": 1, ""uuid_filestack"": ""uLM0DXbfQziQfSffzFZA""}, ""id"": ""1356855798449801105""}"
"{""ce"": {""filestackStatus"": 0, ""filestackContentParts"": 83, ""boxContentParts"": 83, ""providerSourceId"": null, ""imagifiedStatusFilestack"": ""IMAGIFIED_SUCCESS"", ""type"": 95, ""title"": ""SampleDOCFile_500kb.doc"", ""uuid"": ""768908681982"", ""imagifyStatusLastUpdated"": 1611741051, ""imagifiedStatusBox"": ""IMAGIFIED_SUCCESS"", ""boxStatus"": 0, ""uploadedById"": ""4d4d6baa42b1bfb7"", ""companyId"": ""1350031492593686915"", ""providerSource"": ""_default"", ""size"": 512000, ""imagifiedStatus"": ""IMAGIFIED_SUCCESS"", ""uploadedAt"": 1611740938, ""__last_updated_timestamp__"": 1611741051, ""original_path"": ""1350031492593686915/1611740926979SampleDOCFile_500kb.doc"", ""docProcessor"": ""HYBRID"", ""mediaSource"": null, ""status"": 0, ""contentParts"": 83, ""uuid_filestack"": ""zPlDAMzQxisKcX3ZwaHX""}, ""id"": ""1354365767703532842""}"
"{""ce"": {""filestackStatus"": 0, ""filestackContentParts"": 13, ""boxContentParts"": 13, ""providerSourceId"": null, ""imagifiedStatusFilestack"": ""IMAGIFIED_SUCCESS"", ""type"": 95, ""title"": ""The quick brown fox jumps over the lazy dog for food_12.doc"", ""uuid"": ""768923899611"", ""imagifyStatusLastUpdated"": 1611741040, ""imagifiedStatusBox"": ""IMAGIFIED_NOT_STARTED"", ""boxStatus"": 0, ""uploadedById"": ""4d4d6baa42b1bfb7"", ""companyId"": ""1350031492593686915"", ""providerSource"": ""_default"", ""size"": 102400, ""imagifiedStatus"": ""IMAGIFIED_SUCCESS"", ""uploadedAt"": 1611741004, ""__last_updated_timestamp__"": 1611741040, ""original_path"": ""1350031492593686915/1611740996542Thequickbrownfoxjumpsoverthelazydogforfood_12.doc"", ""docProcessor"": ""HYBRID"", ""mediaSource"": null, ""status"": 0, ""contentParts"": 13, ""uuid_filestack"": ""e3Vs5ev4RzyGEQVygCFe""}, ""id"": ""1354366045026913525""}"
"{""ce"": {""filestackStatus"": 0, ""filestackContentParts"": 169, ""boxContentParts"": 169, ""providerSourceId"": null, ""imagifiedStatusFilestack"": ""IMAGIFIED_SUCCESS"", ""type"": 95, ""title"": ""SampleDOCFile_1000kb.doc"", ""uuid"": ""768980126051"", ""imagifyStatusLastUpdated"": 1611751268, ""imagifiedStatusBox"": ""IMAGIFIED_SUCCESS"", ""boxStatus"": 0, ""uploadedById"": ""4d4d6baa42b1bfb7"", ""companyId"": ""1350031492593686915"", ""providerSource"": ""_default"", ""size"": 1024000, ""imagifiedStatus"": ""IMAGIFIED_SUCCESS"", ""uploadedAt"": 1611751008, ""__last_updated_timestamp__"": 1611751268, ""original_path"": ""1350031492593686915/1611750995594SampleDOCFile_1000kb.doc"", ""docProcessor"": ""HYBRID"", ""mediaSource"": null, ""status"": 0, ""contentParts"": 169, ""uuid_filestack"": ""qXETGqj2RlWS1J4AqwKs""}, ""id"": ""1354408004115605601""}"
"{""ce"": {""filestackContentParts"": null, ""boxContentParts"": null, ""providerSourceId"": null, ""imagifiedStatusFilestack"": ""IMAGIFIED_FAILED"", ""type"": 95, ""title"": ""file-sample_500kB.doc"", ""uuid"": ""769712666489"", ""imagifyStatusLastUpdated"": 1611894303, ""imagifiedStatusBox"": ""IMAGIFIED_FAILED"", ""providerSource"": ""_default"", ""distributionPathMap"": {}, ""imagificatitonBasePath"": null, ""__last_updated_timestamp__"": 1611894303, ""original_path"": ""1350031492593686915/1611894215831filesample_500kB.doc"", ""docProcessor"": ""HYBRID"", ""contentParts"": 0, ""uuid_filestack"": ""obBAcM2IS4KG9NT53D2D"", ""filestackStatus"": 3, ""boxStatus"": 3, ""uploadedById"": ""4d6c1c50a5c65929"", ""companyId"": ""1350031492593686915"", ""size"": 503296, ""imagifiedStatus"": ""IMAGIFIED_NOT_STARTED"", ""uploadedAt"": 1611894224, ""mediaSource"": null, ""status"": 3}, ""id"": ""1355008697992147567""}"
"{""ce"": {""filestackStatus"": 0, ""filestackContentParts"": 2, ""boxContentParts"": 2, ""providerSourceId"": null, ""imagifiedStatusFilestack"": ""IMAGIFIED_SUCCESS"", ""type"": 95, ""title"": ""Creative Project Presentation Template.docx"", ""uuid"": ""769713403907"", ""imagifyStatusLastUpdated"": 1611894287, ""imagifiedStatusBox"": ""IMAGIFIED_NOT_STARTED"", ""boxStatus"": 0, ""uploadedById"": ""4d6c1c50a5c65929"", ""companyId"": ""1350031492593686915"", ""providerSource"": ""_default"", ""size"": 124204, ""imagifiedStatus"": ""IMAGIFIED_SUCCESS"", ""uploadedAt"": 1611894267, ""__last_updated_timestamp__"": 1611894287, ""original_path"": ""1350031492593686915/1611894260699CreativeProjectPresentationTemplate.docx"", ""docProcessor"": ""HYBRID"", ""mediaSource"": null, ""status"": 0, ""contentParts"": 2, ""uuid_filestack"": ""Gy51gyMHQmO9RTnPs06Q""}, ""id"": ""1355008876150040644""}"
"{""ce"": {""filestackStatus"": 0, ""filestackContentParts"": 6, ""boxContentParts"": null, ""providerSourceId"": null, ""imagifiedStatusFilestack"": ""IMAGIFIED_SUCCESS"", ""type"": 95, ""title"": ""sample.doc"", ""uuid"": null, ""imagifyStatusLastUpdated"": 1611894345, ""imagifiedStatusBox"": ""IMAGIFIED_NOT_STARTED"", ""boxStatus"": 2, ""uploadedById"": ""4d6c1c50a5c65929"", ""companyId"": ""1350031492593686915"", ""providerSource"": ""_default"", ""size"": 98304, ""imagifiedStatus"": ""IMAGIFIED_SUCCESS"", ""uploadedAt"": 1611894314, ""__last_updated_timestamp__"": 1611894345, ""original_path"": ""1350031492593686915/1611894307797sample.doc"", ""docProcessor"": ""HYBRID"", ""mediaSource"": null, ""status"": 0, ""contentParts"": 6, ""uuid_filestack"": ""eA8VyENLQGSRmygsnM7B""}, ""id"": ""1355009073008154599""}"
"{""ce"": {""filestackStatus"": 0, ""filestackContentParts"": 5, ""boxContentParts"": 5, ""providerSourceId"": null, ""imagifiedStatusFilestack"": ""IMAGIFIED_SUCCESS"", ""type"": 95, ""title"": ""file-sample_1MB.docx"", ""uuid"": ""769720394469"", ""imagifyStatusLastUpdated"": 1611895629, ""imagifiedStatusBox"": ""IMAGIFIED_SUCCESS"", ""boxStatus"": 0, ""uploadedById"": ""4d6c1c50a5c65929"", ""companyId"": ""1350031492593686915"", ""providerSource"": ""_default"", ""size"": 1026736, ""imagifiedStatus"": ""IMAGIFIED_SUCCESS"", ""uploadedAt"": 1611895603, ""__last_updated_timestamp__"": 1611895629, ""original_path"": ""1350031492593686915/1611895593392filesample_1MB.docx"", ""docProcessor"": ""HYBRID"", ""mediaSource"": null, ""status"": 0, ""contentParts"": 5, ""uuid_filestack"": ""txYhrSDOTCOGcfMEZSgq""}, ""id"": ""1355014480606351641""}"
"{""ce"": {""filestackStatus"": 0, ""filestackContentParts"": 2, ""boxContentParts"": 2, ""providerSourceId"": null, ""imagifiedStatusFilestack"": ""IMAGIFIED_SUCCESS"", ""type"": 95, ""title"": ""Creative Project Presentation Template.docx"", ""uuid"": ""769721858006"", ""imagifyStatusLastUpdated"": 1611895944, ""imagifiedStatusBox"": ""IMAGIFIED_SUCCESS"", ""boxStatus"": 0, ""uploadedById"": ""4d6c1c50a5c65929"", ""companyId"": ""1350031492593686915"", ""providerSource"": ""_default"", ""size"": 124204, ""imagifiedStatus"": ""IMAGIFIED_SUCCESS"", ""uploadedAt"": 1611895917, ""__last_updated_timestamp__"": 1611895944, ""original_path"": ""1350031492593686915/1611895909767CreativeProjectPresentationTemplate.docx"", ""docProcessor"": ""HYBRID"", ""mediaSource"": null, ""status"": 0, ""contentParts"": 2, ""uuid_filestack"": ""0oqfnml7QZyX4XL61N39""}, ""id"": ""1355015795544190479""}"
"{""ce"": {""filestackStatus"": 0, ""filestackContentParts"": 3, ""boxContentParts"": 3, ""providerSourceId"": null, ""imagifiedStatusFilestack"": ""IMAGIFIED_SUCCESS"", ""type"": 95, ""title"": ""UNION_mapping.docx"", ""uuid"": ""769801628685"", ""imagifyStatusLastUpdated"": 1611910420, ""imagifiedStatusBox"": ""IMAGIFIED_SUCCESS"", ""boxStatus"": 0, ""uploadedById"": ""4d6c2122f603e54d"", ""companyId"": ""1350031492593686915"", ""providerSource"": ""_default"", ""size"": 235333, ""imagifiedStatus"": ""IMAGIFIED_SUCCESS"", ""uploadedAt"": 1611910390, ""__last_updated_timestamp__"": 1611910420, ""original_path"": ""1350031492593686915/user/4d6c2122f603e54d/1611910384253_4d6c2122f603e54d_UNION_mappingdocx.docx"", ""docProcessor"": ""HYBRID"", ""mediaSource"": null, ""status"": 0, ""contentParts"": 3, ""uuid_filestack"": ""4jqMlJMxRR66aAcXBc1C""}, ""id"": ""1355076501908129582""}"
"{""ce"": {""filestackStatus"": 0, ""filestackContentParts"": 83, ""boxContentParts"": 83, ""providerSourceId"": null, ""imagifiedStatusFilestack"": ""IMAGIFIED_SUCCESS"", ""type"": 95, ""title"": ""SampleDOCFile_500kb.doc"", ""uuid"": ""769803584746"", ""imagifyStatusLastUpdated"": 1611910703, ""imagifiedStatusBox"": ""IMAGIFIED_SUCCESS"", ""boxStatus"": 0, ""uploadedById"": ""4d6c2122f603e54d"", ""companyId"": ""1350031492593686915"", ""providerSource"": ""_default"", ""size"": 512000, ""imagifiedStatus"": ""IMAGIFIED_SUCCESS"", ""uploadedAt"": 1611910460, ""__last_updated_timestamp__"": 1611910703, ""original_path"": ""1350031492593686915/user/4d6c2122f603e54d/1611910450170_4d6c2122f603e54d_SampleDOCFile_500kbdoc.doc"", ""docProcessor"": ""HYBRID"", ""mediaSource"": null, ""status"": 0, ""contentParts"": 83, ""uuid_filestack"": ""WgcuxPNPSiiOWVkt4Ih4""}, ""id"": ""1355076797249927331""}"
"{""ce"": {""filestackStatus"": 0, ""filestackContentParts"": 5, ""boxContentParts"": 5, ""providerSourceId"": null, ""imagifiedStatusFilestack"": ""IMAGIFIED_SUCCESS"", ""type"": 95, ""title"": ""filesample_1MB.docx"", ""uuid"": ""769810644640"", ""imagifyStatusLastUpdated"": 1611911897, ""imagifiedStatusBox"": ""IMAGIFIED_SUCCESS"", ""boxStatus"": 0, ""uploadedById"": ""4d6c211fded8b6b8"", ""companyId"": ""1350031492593686915"", ""providerSource"": ""_default"", ""size"": 1026736, ""imagifiedStatus"": ""IMAGIFIED_SUCCESS"", ""uploadedAt"": 1611911872, ""__last_updated_timestamp__"": 1611911897, ""original_path"": ""1350031492593686915/user/4d6c211fded8b6b8/1611911860587_4d6c211fded8b6b8_filesample_1MBdocx.docx"", ""docProcessor"": ""HYBRID"", ""mediaSource"": null, ""status"": 0, ""contentParts"": 5, ""uuid_filestack"": ""XZEuDT8QZO6LW91EQWl5""}, ""id"": ""1355082717805790525""}"
"{""ce"": {""filestackStatus"": 0, ""filestackContentParts"": 5, ""boxContentParts"": 5, ""providerSourceId"": null, ""imagifiedStatusFilestack"": ""IMAGIFIED_SUCCESS"", ""type"": 95, ""title"": ""file-sample_1MB.docx"", ""uuid"": ""770833748529"", ""imagifyStatusLastUpdated"": 1612154524, ""imagifiedStatusBox"": ""IMAGIFIED_SUCCESS"", ""boxStatus"": 0, ""uploadedById"": ""4d6c1c50a5c65929"", ""companyId"": ""1350031492593686915"", ""providerSource"": ""_default"", ""size"": 1026736, ""imagifiedStatus"": ""IMAGIFIED_SUCCESS"", ""uploadedAt"": 1612154498, ""__last_updated_timestamp__"": 1612154524, ""original_path"": ""1350031492593686915/1612154488270filesample_1MB.docx"", ""docProcessor"": ""HYBRID"", ""mediaSource"": null, ""status"": 0, ""contentParts"": 5, ""uuid_filestack"": ""vzySKsDdS9ixxzUDzCA8""}, ""id"": ""1356100363682948186""}"
"{""ce"": {""filestackStatus"": 0, ""filestackContentParts"": 1, ""boxContentParts"": 1, ""providerSourceId"": null, ""imagifiedStatusFilestack"": ""IMAGIFIED_SUCCESS"", ""type"": 93, ""title"": ""Coaching_Picasso_AudioText.pdf"", ""uuid"": ""768976500093"", ""imagifyStatusLastUpdated"": 1611750621, ""imagifiedStatusBox"": ""IMAGIFIED_SUCCESS"", ""boxStatus"": 0, ""uploadedById"": ""4d4d6baa42b1bfb7"", ""companyId"": ""1350031492593686915"", ""providerSource"": ""_default"", ""size"": 15806, ""imagifiedStatus"": ""IMAGIFIED_SUCCESS"", ""uploadedAt"": 1611750497, ""__last_updated_timestamp__"": 1611750621, ""original_path"": ""1350031492593686915/1611750491391Coaching_Picasso_AudioText.pdf"", ""docProcessor"": ""HYBRID"", ""mediaSource"": null, ""status"": 0, ""contentParts"": 1, ""uuid_filestack"": ""PrMxtWvbRFGDohG9lY7A""}, ""id"": ""1354405863157828621""}"
"{""ce"": {""filestackContentParts"": 30, ""boxContentParts"": 30, ""providerSourceId"": null, ""imagifiedStatusFilestack"": ""IMAGIFIED_SUCCESS"", ""type"": 93, ""title"": ""file-example_PDF_1MB.pdf"", ""uuid"": ""769711635424"", ""imagifyStatusLastUpdated"": 1612155064, ""imagifiedStatusBox"": ""IMAGIFIED_INPROGRESS"", ""providerSource"": ""_default"", ""distributionPathMap"": {}, ""imagificatitonBasePath"": null, ""__last_updated_timestamp__"": 1612155064, ""original_path"": ""1350031492593686915/1611894144529fileexample_PDF_1MB.pdf"", ""docProcessor"": ""HYBRID"", ""contentParts"": 30, ""uuid_filestack"": ""ajHq34egRmuP6oIjUvPB"", ""filestackStatus"": 0, ""boxStatus"": 0, ""uploadedById"": ""4d6c1c50a5c65929"", ""companyId"": ""1350031492593686915"", ""size"": 1042157, ""imagifiedStatus"": ""IMAGIFIED_SUCCESS"", ""uploadedAt"": 1611894154, ""mediaSource"": null, ""status"": 0}, ""id"": ""1355008404420690582""}"
"{""ce"": {""filestackContentParts"": 30, ""boxContentParts"": 30, ""providerSourceId"": null, ""imagifiedStatusFilestack"": ""IMAGIFIED_SUCCESS"", ""type"": 93, ""title"": ""file-example_PDF_1MB.pdf"", ""uuid"": ""769724153520"", ""imagifyStatusLastUpdated"": 1612155123, ""imagifiedStatusBox"": ""IMAGIFIED_INPROGRESS"", ""providerSource"": ""_default"", ""distributionPathMap"": {}, ""imagificatitonBasePath"": null, ""__last_updated_timestamp__"": 1612155123, ""original_path"": ""1350031492593686915/1611895526533fileexample_PDF_1MB.pdf"", ""docProcessor"": ""HYBRID"", ""contentParts"": 30, ""uuid_filestack"": ""zB7nuvcRRpOBcnc0CsPt"", ""filestackStatus"": 0, ""boxStatus"": 0, ""uploadedById"": ""4d6c1c50a5c65929"", ""companyId"": ""1350031492593686915"", ""size"": 1042157, ""imagifiedStatus"": ""IMAGIFIED_SUCCESS"", ""uploadedAt"": 1611895536, ""mediaSource"": null, ""status"": 0}, ""id"": ""1355014200606173842""}"
"{""ce"": {""filestackStatus"": 0, ""filestackContentParts"": 30, ""boxContentParts"": null, ""providerSourceId"": null, ""imagifiedStatusFilestack"": ""IMAGIFIED_SUCCESS"", ""type"": 93, ""title"": ""file-example_PDF_1MB.pdf"", ""uuid"": ""769727858973"", ""imagifyStatusLastUpdated"": 1611897487, ""imagifiedStatusBox"": ""IMAGIFIED_NOT_STARTED"", ""boxStatus"": 2, ""uploadedById"": ""4d6c1c50a5c65929"", ""companyId"": ""1350031492593686915"", ""providerSource"": ""_default"", ""size"": 1042157, ""imagifiedStatus"": ""IMAGIFIED_SUCCESS"", ""uploadedAt"": 1611897429, ""__last_updated_timestamp__"": 1611897487, ""original_path"": ""1350031492593686915/1611897419745fileexample_PDF_1MB.pdf"", ""docProcessor"": ""HYBRID"", ""mediaSource"": null, ""status"": 0, ""contentParts"": 30, ""uuid_filestack"": ""DhZZ4qIORdWusW7Jm4aF""}, ""id"": ""1355022139851583646""}"
"{""ce"": {""filestackStatus"": 0, ""filestackContentParts"": 1, ""boxContentParts"": 1, ""providerSourceId"": null, ""imagifiedStatusFilestack"": ""IMAGIFIED_SUCCESS"", ""type"": 93, ""title"": ""Coaching_Picasso_AudioText.pdf"", ""uuid"": ""769775502175"", ""imagifyStatusLastUpdated"": 1611905963, ""imagifiedStatusBox"": ""IMAGIFIED_SUCCESS"", ""boxStatus"": 0, ""uploadedById"": ""4d6c211f404eec9b"", ""companyId"": ""1350031492593686915"", ""providerSource"": ""_default"", ""size"": 15806, ""imagifiedStatus"": ""IMAGIFIED_SUCCESS"", ""uploadedAt"": 1611905940, ""__last_updated_timestamp__"": 1611905963, ""original_path"": ""1350031492593686915/user/4d6c211f404eec9b/1611905934439_4d6c211f404eec9b_Coaching_Picasso_AudioTextpdf.pdf"", ""docProcessor"": ""HYBRID"", ""mediaSource"": null, ""status"": 0, ""contentParts"": 1, ""uuid_filestack"": ""Wd5nD4zbQtewJhkt54ny""}, ""id"": ""1355057837227101175""}"
"{""ce"": {""filestackStatus"": 0, ""filestackContentParts"": 1, ""boxContentParts"": 1, ""providerSourceId"": null, ""imagifiedStatusFilestack"": ""IMAGIFIED_SUCCESS"", ""type"": 93, ""title"": ""Coaching_Picasso_Audio-Text.pdf"", ""uuid"": ""769791510707"", ""imagifyStatusLastUpdated"": 1611908958, ""imagifiedStatusBox"": ""IMAGIFIED_SUCCESS"", ""boxStatus"": 0, ""uploadedById"": ""4d6c211f621dfafd"", ""companyId"": ""1350031492593686915"", ""providerSource"": ""_default"", ""size"": 15806, ""imagifiedStatus"": ""IMAGIFIED_SUCCESS"", ""uploadedAt"": 1611908930, ""__last_updated_timestamp__"": 1611908958, ""original_path"": ""1350031492593686915/user/4d6c211f621dfafd/1611908923932_4d6c211f621dfafd_Coaching_Picasso_AudioTextpdf.pdf"", ""docProcessor"": ""HYBRID"", ""mediaSource"": null, ""status"": 0, ""contentParts"": 1, ""uuid_filestack"": ""KCubhRt6SGCNsBm4Yuwi""}, ""id"": ""1355070375362230714""}"
"{""ce"": {""filestackStatus"": 0, ""filestackContentParts"": 1, ""boxContentParts"": 1, ""providerSourceId"": null, ""imagifiedStatusFilestack"": ""IMAGIFIED_SUCCESS"", ""type"": 93, ""title"": ""Coaching_Picasso_AudioText.pdf"", ""uuid"": ""769792518291"", ""imagifyStatusLastUpdated"": 1611910261, ""imagifiedStatusBox"": ""IMAGIFIED_SUCCESS"", ""boxStatus"": 0, ""uploadedById"": ""4d6c2122f603e54d"", ""companyId"": ""1350031492593686915"", ""providerSource"": ""_default"", ""size"": 15806, ""imagifiedStatus"": ""IMAGIFIED_SUCCESS"", ""uploadedAt"": 1611910238, ""__last_updated_timestamp__"": 1611910261, ""original_path"": ""1350031492593686915/user/4d6c2122f603e54d/1611910233336_4d6c2122f603e54d_Coaching_Picasso_AudioTextpdf.pdf"", ""docProcessor"": ""HYBRID"", ""mediaSource"": null, ""status"": 0, ""contentParts"": 1, ""uuid_filestack"": ""Rx40i5SrTs6dnLF1Tzjp""}, ""id"": ""1355075866398828172""}"
"{""ce"": {""filestackStatus"": 0, ""filestackContentParts"": 1, ""boxContentParts"": 1, ""providerSourceId"": null, ""imagifiedStatusFilestack"": ""IMAGIFIED_SUCCESS"", ""type"": 93, ""title"": ""Coaching_Picasso_Audio-Text.pdf"", ""uuid"": ""769802192591"", ""imagifyStatusLastUpdated"": 1611911116, ""imagifiedStatusBox"": ""IMAGIFIED_SUCCESS"", ""boxStatus"": 0, ""uploadedById"": ""4d6c2122f603e54d"", ""companyId"": ""1350031492593686915"", ""providerSource"": ""_default"", ""size"": 15806, ""imagifiedStatus"": ""IMAGIFIED_SUCCESS"", ""uploadedAt"": 1611911095, ""__last_updated_timestamp__"": 1611911116, ""original_path"": ""1350031492593686915/user/4d6c2122f603e54d/1611911089485_4d6c2122f603e54d_Coaching_Picasso_AudioTextpdf.pdf"", ""docProcessor"": ""HYBRID"", ""mediaSource"": null, ""status"": 0, ""contentParts"": 1, ""uuid_filestack"": ""gFTBdfKqTlG6g0wZ8sAp""}, ""id"": ""1355079457802794615""}"
"{""ce"": {""filestackStatus"": 0, ""filestackContentParts"": 1, ""boxContentParts"": 1, ""providerSourceId"": null, ""imagifiedStatusFilestack"": ""IMAGIFIED_SUCCESS"", ""type"": 93, ""title"": ""Coaching_Picasso_Audio-Text.pdf"", ""uuid"": ""769805060500"", ""imagifyStatusLastUpdated"": 1611911334, ""imagifiedStatusBox"": ""IMAGIFIED_SUCCESS"", ""boxStatus"": 0, ""uploadedById"": ""4d6c211fbe31f3d4"", ""companyId"": ""1350031492593686915"", ""providerSource"": ""_default"", ""size"": 15806, ""imagifiedStatus"": ""IMAGIFIED_SUCCESS"", ""uploadedAt"": 1611911301, ""__last_updated_timestamp__"": 1611911334, ""original_path"": ""1350031492593686915/user/4d6c211fbe31f3d4/1611911295908_4d6c211fbe31f3d4_Coaching_Picasso_AudioTextpdf.pdf"", ""docProcessor"": ""HYBRID"", ""mediaSource"": null, ""status"": 0, ""contentParts"": 1, ""uuid_filestack"": ""1J2yuS4LR72tjhZTsGUC""}, ""id"": ""1355080323649876945""}"
"{""ce"": {""filestackStatus"": 0, ""filestackContentParts"": 1, ""boxContentParts"": 1, ""providerSourceId"": null, ""imagifiedStatusFilestack"": ""IMAGIFIED_SUCCESS"", ""type"": 93, ""title"": ""Coaching_Picasso_AudioText.pdf"", ""uuid"": ""769818127820"", ""imagifyStatusLastUpdated"": 1611913824, ""imagifiedStatusBox"": ""IMAGIFIED_SUCCESS"", ""boxStatus"": 0, ""uploadedById"": ""4d4d6baa42b1bfb7"", ""companyId"": ""1350031492593686915"", ""providerSource"": ""_default"", ""size"": 15806, ""imagifiedStatus"": ""IMAGIFIED_SUCCESS"", ""uploadedAt"": 1611913688, ""__last_updated_timestamp__"": 1611913824, ""original_path"": ""1350031492593686915/1611913682083Coaching_Picasso_AudioText.pdf"", ""docProcessor"": ""HYBRID"", ""mediaSource"": null, ""status"": 0, ""contentParts"": 1, ""uuid_filestack"": ""ZpahNOLuT6yNco5rOSQC""}, ""id"": ""1355090334500607646""}"
"{""ce"": {""filestackStatus"": 0, ""filestackContentParts"": 2, ""boxContentParts"": 2, ""providerSourceId"": null, ""imagifiedStatusFilestack"": ""IMAGIFIED_SUCCESS"", ""type"": 94, ""title"": ""816.ppt"", ""uuid"": ""771325473034"", ""imagifyStatusLastUpdated"": 1612249575, ""imagifiedStatusBox"": ""IMAGIFIED_SUCCESS"", ""boxStatus"": 0, ""uploadedById"": ""4d6c1c50a5c65929"", ""companyId"": ""1350031492593686915"", ""providerSource"": ""_default"", ""size"": 316928, ""imagifiedStatus"": ""IMAGIFIED_SUCCESS"", ""uploadedAt"": 1612249548, ""__last_updated_timestamp__"": 1612249575, ""original_path"": ""1350031492593686915/1612249540747816.ppt"", ""docProcessor"": ""HYBRID"", ""mediaSource"": null, ""status"": 0, ""contentParts"": 2, ""uuid_filestack"": ""zAaPFhCkRcu3oly5B2xg""}, ""id"": ""1356499031987157726""}"
"{""ce"": {""filestackStatus"": 0, ""filestackContentParts"": 1, ""boxContentParts"": 1, ""providerSourceId"": null, ""imagifiedStatusFilestack"": ""IMAGIFIED_SUCCESS"", ""type"": 94, ""title"": ""WLNPodcastTemplate_16x9 (1).pptx"", ""uuid"": ""771763771241"", ""imagifyStatusLastUpdated"": 1612333899, ""imagifiedStatusBox"": ""IMAGIFIED_SUCCESS"", ""boxStatus"": 0, ""uploadedById"": ""4d6c1c4f9cecd131"", ""companyId"": ""1350031492593686915"", ""providerSource"": ""_default"", ""size"": 202905, ""imagifiedStatus"": ""IMAGIFIED_SUCCESS"", ""uploadedAt"": 1612333876, ""__last_updated_timestamp__"": 1612333899, ""original_path"": ""1350031492593686915/1612333866029WLNPodcastTemplate_16x91.pptx"", ""docProcessor"": ""HYBRID"", ""mediaSource"": null, ""status"": 0, ""contentParts"": 1, ""uuid_filestack"": ""8pYmeSMGTdyf95g23g0P""}, ""id"": ""1356852727876854815""}"
"{""ce"": {""filestackStatus"": 0, ""filestackContentParts"": 1, ""boxContentParts"": 1, ""providerSourceId"": null, ""imagifiedStatusFilestack"": ""IMAGIFIED_SUCCESS"", ""type"": 94, ""title"": ""WLNPodcastTemplate_16x9 (1).pptx"", ""uuid"": ""771766519585"", ""imagifyStatusLastUpdated"": 1612334633, ""imagifiedStatusBox"": ""IMAGIFIED_SUCCESS"", ""boxStatus"": 0, ""uploadedById"": ""4d6c1c4f9cecd131"", ""companyId"": ""1350031492593686915"", ""providerSource"": ""_default"", ""size"": 202905, ""imagifiedStatus"": ""IMAGIFIED_SUCCESS"", ""uploadedAt"": 1612334609, ""__last_updated_timestamp__"": 1612334633, ""original_path"": ""1350031492593686915/1612334597211WLNPodcastTemplate_16x91.pptx"", ""docProcessor"": ""HYBRID"", ""mediaSource"": null, ""status"": 0, ""contentParts"": 1, ""uuid_filestack"": ""uLM0DXbfQziQfSffzFZA""}, ""id"": ""1356855798449801105""}"
