"{""ce"": {""contentPartsInMillis"": 187193, ""streamPath"": ""1350031245273340947/1612155991890ff16b2c44100hz.aac/mp3/1.mp3"", ""transcodingSource"": ""AWS_ELASTIC"", ""transcriptPath"": null, ""providerSourceId"": null, ""type"": 90, ""title"": ""ff-16b-2c-44100hz.aac"", ""transcriptionStatus"": ""NOT_STARTED"", ""mp3Path"": ""1350031245273340947/1612155991890ff16b2c44100hz.aac/mp3/1.mp3"", ""uploadedById"": ""4d6c2677afa55cbe"", ""companyId"": ""1350031245273340947"", ""providerSource"": ""_default"", ""size"": 2994446, ""uploadedAt"": 1612156006, ""hlsPath"": null, ""flacPath"": null, ""__last_updated_timestamp__"": 1612156018, ""original_path"": ""1350031245273340947/1612155991890ff16b2c44100hz.aac"", ""mediaSource"": null, ""encodingMediaId"": ""1612156005854-g74oxz##0##0"", ""vttSubtitlePath"": null, ""status"": 0, ""contentParts"": 188}, ""id"": ""1356106690343538401""}"
"{""ce"": {""contentPartsInMillis"": 132205, ""streamPath"": ""1350031245273340947/1612156031237file_example_MP3_5MG.mp3/mp3/1.mp3"", ""transcodingSource"": ""AWS_ELASTIC"", ""transcriptPath"": null, ""providerSourceId"": null, ""type"": 90, ""title"": ""file_example_MP3_5MG.mp3"", ""transcriptionStatus"": ""NOT_STARTED"", ""mp3Path"": ""1350031245273340947/1612156031237file_example_MP3_5MG.mp3/mp3/1.mp3"", ""uploadedById"": ""4d6c2677afa55cbe"", ""companyId"": ""1350031245273340947"", ""providerSource"": ""_default"", ""size"": 5289384, ""uploadedAt"": 1612156047, ""hlsPath"": null, ""flacPath"": null, ""__last_updated_timestamp__"": 1612156060, ""original_path"": ""1350031245273340947/1612156031237file_example_MP3_5MG.mp3"", ""mediaSource"": null, ""encodingMediaId"": ""1612156047626-uw430p##0##0"", ""vttSubtitlePath"": null, ""status"": 0, ""contentParts"": 133}, ""id"": ""1356106864987276086""}"
"{""ce"": {""contentPartsInMillis"": 728111, ""streamPath"": ""1350031245273340947/1612156922585SymphonyNo.61stmovement.m4a/mp3/1.mp3"", ""transcodingSource"": ""AWS_ELASTIC"", ""transcriptPath"": null, ""providerSourceId"": null, ""type"": 90, ""title"": ""Symphony No.6 (1st movement).m4a"", ""transcriptionStatus"": ""NOT_STARTED"", ""mp3Path"": ""1350031245273340947/1612156922585SymphonyNo.61stmovement.m4a/mp3/1.mp3"", ""uploadedById"": ""4d6c2677afa55cbe"", ""companyId"": ""1350031245273340947"", ""providerSource"": ""_default"", ""size"": 11816072, ""uploadedAt"": 1612156939, ""hlsPath"": null, ""flacPath"": null, ""__last_updated_timestamp__"": 1612156966, ""original_path"": ""1350031245273340947/1612156922585SymphonyNo.61stmovement.m4a"", ""mediaSource"": null, ""encodingMediaId"": ""1612156938752-b1y7y5##0##0"", ""vttSubtitlePath"": null, ""status"": 0, ""contentParts"": 729}, ""id"": ""1356110603179275550""}"
"{""ce"": {""contentPartsInMillis"": 81815, ""streamPath"": ""1350031245273340947/1612156959865file_example_OOG_5MG.ogg/mp3/1.mp3"", ""transcodingSource"": ""AWS_ELASTIC"", ""transcriptPath"": null, ""providerSourceId"": null, ""type"": 90, ""title"": ""file_example_OOG_5MG.ogg"", ""transcriptionStatus"": ""NOT_STARTED"", ""mp3Path"": ""1350031245273340947/1612156959865file_example_OOG_5MG.ogg/mp3/1.mp3"", ""uploadedById"": ""4d6c2677afa55cbe"", ""companyId"": ""1350031245273340947"", ""providerSource"": ""_default"", ""size"": 4879515, ""uploadedAt"": 1612156975, ""hlsPath"": null, ""flacPath"": null, ""__last_updated_timestamp__"": 1612156982, ""original_path"": ""1350031245273340947/1612156959865file_example_OOG_5MG.ogg"", ""mediaSource"": null, ""encodingMediaId"": ""1612156974841-ckmqeg##0##0"", ""vttSubtitlePath"": null, ""status"": 0, ""contentParts"": 82}, ""id"": ""1356110754899883564""}"
"{""ce"": {""contentPartsInMillis"": 122122, ""streamPath"": ""1350031245273340947/1612156996783sample1.oga/mp3/1.mp3"", ""transcodingSource"": ""AWS_ELASTIC"", ""transcriptPath"": null, ""providerSourceId"": null, ""type"": 90, ""title"": ""sample1.oga"", ""transcriptionStatus"": ""NOT_STARTED"", ""mp3Path"": ""1350031245273340947/1612156996783sample1.oga/mp3/1.mp3"", ""uploadedById"": ""4d6c2677afa55cbe"", ""companyId"": ""1350031245273340947"", ""providerSource"": ""_default"", ""size"": 12405317, ""uploadedAt"": 1612157013, ""hlsPath"": null, ""flacPath"": null, ""__last_updated_timestamp__"": 1612157021, ""original_path"": ""1350031245273340947/1612156996783sample1.oga"", ""mediaSource"": null, ""encodingMediaId"": ""1612157013223-owpdya##0##0"", ""vttSubtitlePath"": null, ""status"": 0, ""contentParts"": 123}, ""id"": ""1356110915470960418""}"
"{""ce"": {""contentPartsInMillis"": 59036, ""streamPath"": ""1350031245273340947/1612157359059file_example_WAV_10MG.wav/mp3/1.mp3"", ""transcodingSource"": ""AWS_ELASTIC"", ""transcriptPath"": null, ""providerSourceId"": null, ""type"": 90, ""title"": ""file_example_WAV_10MG.wav"", ""transcriptionStatus"": ""NOT_STARTED"", ""mp3Path"": ""1350031245273340947/1612157359059file_example_WAV_10MG.wav/mp3/1.mp3"", ""uploadedById"": ""4d6c2677afa55cbe"", ""companyId"": ""1350031245273340947"", ""providerSource"": ""_default"", ""size"": 10406738, ""uploadedAt"": 1612157374, ""hlsPath"": null, ""flacPath"": null, ""__last_updated_timestamp__"": 1612157381, ""original_path"": ""1350031245273340947/1612157359059file_example_WAV_10MG.wav"", ""mediaSource"": null, ""encodingMediaId"": ""1612157374372-dmnjmi##0##0"", ""vttSubtitlePath"": null, ""status"": 0, ""contentParts"": 60}, ""id"": ""1356112429666126331""}"
"{""ce"": {""contentPartsInMillis"": 33567, ""streamPath"": ""1350031245273340947/1612158021550file_example_WAV_1MG.wav/mp3/1.mp3"", ""transcodingSource"": ""AWS_ELASTIC"", ""transcriptPath"": null, ""providerSourceId"": null, ""type"": 90, ""title"": ""file_example_WAV_1MG.wav"", ""transcriptionStatus"": ""NOT_STARTED"", ""mp3Path"": ""1350031245273340947/1612158021550file_example_WAV_1MG.wav/mp3/1.mp3"", ""uploadedById"": ""4d6c2677afa55cbe"", ""companyId"": ""1350031245273340947"", ""providerSource"": ""_default"", ""size"": 1073218, ""uploadedAt"": 1612158034, ""hlsPath"": null, ""flacPath"": null, ""__last_updated_timestamp__"": 1612158041, ""original_path"": ""1350031245273340947/1612158021550file_example_WAV_1MG.wav"", ""mediaSource"": null, ""encodingMediaId"": ""1612158033836-0u9d10##0##0"", ""vttSubtitlePath"": null, ""status"": 0, ""contentParts"": 34}, ""id"": ""1356115196223494976""}"
"{""ce"": {""contentPartsInMillis"": 122122, ""streamPath"": ""1350031245273340947/1612158061734sample1.oga/mp3/1.mp3"", ""transcodingSource"": ""AWS_ELASTIC"", ""transcriptPath"": null, ""providerSourceId"": null, ""type"": 90, ""title"": ""sample1.oga"", ""transcriptionStatus"": ""NOT_STARTED"", ""mp3Path"": ""1350031245273340947/1612158061734sample1.oga/mp3/1.mp3"", ""uploadedById"": ""4d6c2677afa55cbe"", ""companyId"": ""1350031245273340947"", ""providerSource"": ""_default"", ""size"": 12405317, ""uploadedAt"": 1612158078, ""hlsPath"": null, ""flacPath"": null, ""__last_updated_timestamp__"": 1612158085, ""original_path"": ""1350031245273340947/1612158061734sample1.oga"", ""mediaSource"": null, ""encodingMediaId"": ""1612158077948-inkiq3##0##0"", ""vttSubtitlePath"": null, ""status"": 0, ""contentParts"": 123}, ""id"": ""1356115381600917186""}"
"{""ce"": {""contentPartsInMillis"": 74422, ""streamPath"": ""1350031245273340947/1612158104763file_example_OOG_1MG.ogg/mp3/1.mp3"", ""transcodingSource"": ""AWS_ELASTIC"", ""transcriptPath"": null, ""providerSourceId"": null, ""type"": 90, ""title"": ""file_example_OOG_1MG.ogg"", ""transcriptionStatus"": ""NOT_STARTED"", ""mp3Path"": ""1350031245273340947/1612158104763file_example_OOG_1MG.ogg/mp3/1.mp3"", ""uploadedById"": ""4d6c2677afa55cbe"", ""companyId"": ""1350031245273340947"", ""providerSource"": ""_default"", ""size"": 1089524, ""uploadedAt"": 1612158117, ""hlsPath"": null, ""flacPath"": null, ""__last_updated_timestamp__"": 1612158124, ""original_path"": ""1350031245273340947/1612158104763file_example_OOG_1MG.ogg"", ""mediaSource"": null, ""encodingMediaId"": ""1612158116958-i1k1qa##0##0"", ""vttSubtitlePath"": null, ""status"": 0, ""contentParts"": 75}, ""id"": ""1356115545249884072""}"
"{""ce"": {""contentPartsInMillis"": 728111, ""streamPath"": ""1350031245273340947/1612158149173SymphonyNo.61stmovement.m4a/mp3/1.mp3"", ""transcodingSource"": ""AWS_ELASTIC"", ""transcriptPath"": null, ""providerSourceId"": null, ""type"": 90, ""title"": ""Symphony No.6 (1st movement).m4a"", ""transcriptionStatus"": ""NOT_STARTED"", ""mp3Path"": ""1350031245273340947/1612158149173SymphonyNo.61stmovement.m4a/mp3/1.mp3"", ""uploadedById"": ""4d6c2677afa55cbe"", ""companyId"": ""1350031245273340947"", ""providerSource"": ""_default"", ""size"": 11816072, ""uploadedAt"": 1612158166, ""hlsPath"": null, ""flacPath"": null, ""__last_updated_timestamp__"": 1612158195, ""original_path"": ""1350031245273340947/1612158149173SymphonyNo.61stmovement.m4a"", ""mediaSource"": null, ""encodingMediaId"": ""1612158166529-vqoixb##0##0"", ""vttSubtitlePath"": null, ""status"": 0, ""contentParts"": 729}, ""id"": ""1356115752984641677""}"
"{""ce"": {""contentPartsInMillis"": 27219, ""streamPath"": ""1350031245273340947/1612158194231file_example_MP3_700KB.mp3/mp3/1.mp3"", ""transcodingSource"": ""AWS_ELASTIC"", ""transcriptPath"": null, ""providerSourceId"": null, ""type"": 90, ""title"": ""file_example_MP3_700KB.mp3"", ""transcriptionStatus"": ""NOT_STARTED"", ""mp3Path"": ""1350031245273340947/1612158194231file_example_MP3_700KB.mp3/mp3/1.mp3"", ""uploadedById"": ""4d6c2677afa55cbe"", ""companyId"": ""1350031245273340947"", ""providerSource"": ""_default"", ""size"": 764176, ""uploadedAt"": 1612158205, ""hlsPath"": null, ""flacPath"": null, ""__last_updated_timestamp__"": 1612158213, ""original_path"": ""1350031245273340947/1612158194231file_example_MP3_700KB.mp3"", ""mediaSource"": null, ""encodingMediaId"": ""1612158205232-83dnz8##0##0"", ""vttSubtitlePath"": null, ""status"": 0, ""contentParts"": 28}, ""id"": ""1356115914910815294""}"
"{""ce"": {""contentPartsInMillis"": 15908, ""streamPath"": ""1350031245273340947/1612158239874gs16b2c44100hz.aac/mp3/1.mp3"", ""transcodingSource"": ""AWS_ELASTIC"", ""transcriptPath"": null, ""providerSourceId"": null, ""type"": 90, ""title"": ""gs-16b-2c-44100hz.aac"", ""transcriptionStatus"": ""NOT_STARTED"", ""mp3Path"": ""1350031245273340947/1612158239874gs16b2c44100hz.aac/mp3/1.mp3"", ""uploadedById"": ""4d6c2677afa55cbe"", ""companyId"": ""1350031245273340947"", ""providerSource"": ""_default"", ""size"": 241596, ""uploadedAt"": 1612158249, ""hlsPath"": null, ""flacPath"": null, ""__last_updated_timestamp__"": 1612158262, ""original_path"": ""1350031245273340947/1612158239874gs16b2c44100hz.aac"", ""mediaSource"": null, ""encodingMediaId"": ""1612158249420-5wpdm3##0##0"", ""vttSubtitlePath"": null, ""status"": 0, ""contentParts"": 16}, ""id"": ""1356116100385541455""}"
"{""ce"": {""contentPartsInMillis"": 132205, ""streamPath"": ""1350031245273340947/1612159336048file_example_MP3_5MG.mp3/mp3/1.mp3"", ""transcodingSource"": ""AWS_ELASTIC"", ""transcriptPath"": null, ""providerSourceId"": null, ""type"": 90, ""title"": ""file_example_MP3_5MG.mp3"", ""transcriptionStatus"": ""NOT_STARTED"", ""mp3Path"": ""1350031245273340947/1612159336048file_example_MP3_5MG.mp3/mp3/1.mp3"", ""uploadedById"": ""4d6c2677afa55cbe"", ""companyId"": ""1350031245273340947"", ""providerSource"": ""_default"", ""size"": 5289384, ""uploadedAt"": 1612159352, ""hlsPath"": null, ""flacPath"": null, ""__last_updated_timestamp__"": 1612159364, ""original_path"": ""1350031245273340947/1612159336048file_example_MP3_5MG.mp3"", ""mediaSource"": null, ""encodingMediaId"": ""1612159352629-emxsqw##0##0"", ""vttSubtitlePath"": null, ""status"": 0, ""contentParts"": 133}, ""id"": ""1356120727956591568""}"
"{""ce"": {""contentPartsInMillis"": 187193, ""streamPath"": ""1350031245273340947/1612159380427ff16b2c44100hz.aac/mp3/1.mp3"", ""transcodingSource"": ""AWS_ELASTIC"", ""transcriptPath"": null, ""providerSourceId"": null, ""type"": 90, ""title"": ""ff-16b-2c-44100hz.aac"", ""transcriptionStatus"": ""NOT_STARTED"", ""mp3Path"": ""1350031245273340947/1612159380427ff16b2c44100hz.aac/mp3/1.mp3"", ""uploadedById"": ""4d6c2677afa55cbe"", ""companyId"": ""1350031245273340947"", ""providerSource"": ""_default"", ""size"": 2994446, ""uploadedAt"": 1612159394, ""hlsPath"": null, ""flacPath"": null, ""__last_updated_timestamp__"": 1612159406, ""original_path"": ""1350031245273340947/1612159380427ff16b2c44100hz.aac"", ""mediaSource"": null, ""encodingMediaId"": ""1612159394098-lt1m7s##0##0"", ""vttSubtitlePath"": null, ""status"": 0, ""contentParts"": 188}, ""id"": ""1356120901414954904""}"
"{""ce"": {""contentPartsInMillis"": 728111, ""streamPath"": ""1350031245273340947/1612159426624SymphonyNo.61stmovement.m4a/mp3/1.mp3"", ""transcodingSource"": ""AWS_ELASTIC"", ""transcriptPath"": null, ""providerSourceId"": null, ""type"": 90, ""title"": ""Symphony No.6 (1st movement).m4a"", ""transcriptionStatus"": ""NOT_STARTED"", ""mp3Path"": ""1350031245273340947/1612159426624SymphonyNo.61stmovement.m4a/mp3/1.mp3"", ""uploadedById"": ""4d6c2677afa55cbe"", ""companyId"": ""1350031245273340947"", ""providerSource"": ""_default"", ""size"": 11816072, ""uploadedAt"": 1612159443, ""hlsPath"": null, ""flacPath"": null, ""__last_updated_timestamp__"": 1612159470, ""original_path"": ""1350031245273340947/1612159426624SymphonyNo.61stmovement.m4a"", ""mediaSource"": null, ""encodingMediaId"": ""1612159443083-hal1m5##0##0"", ""vttSubtitlePath"": null, ""status"": 0, ""contentParts"": 729}, ""id"": ""1356121107021213151""}"
"{""ce"": {""contentPartsInMillis"": 81815, ""streamPath"": ""1350031245273340947/1612159470686file_example_OOG_5MG.ogg/mp3/1.mp3"", ""transcodingSource"": ""AWS_ELASTIC"", ""transcriptPath"": null, ""providerSourceId"": null, ""type"": 90, ""title"": ""file_example_OOG_5MG.ogg"", ""transcriptionStatus"": ""NOT_STARTED"", ""mp3Path"": ""1350031245273340947/1612159470686file_example_OOG_5MG.ogg/mp3/1.mp3"", ""uploadedById"": ""4d6c2677afa55cbe"", ""companyId"": ""1350031245273340947"", ""providerSource"": ""_default"", ""size"": 4879515, ""uploadedAt"": 1612159486, ""hlsPath"": null, ""flacPath"": null, ""__last_updated_timestamp__"": 1612159494, ""original_path"": ""1350031245273340947/1612159470686file_example_OOG_5MG.ogg"", ""mediaSource"": null, ""encodingMediaId"": ""1612159485821-ks6dh8##0##0"", ""vttSubtitlePath"": null, ""status"": 0, ""contentParts"": 82}, ""id"": ""1356121286426198971""}"
"{""ce"": {""contentPartsInMillis"": 122122, ""streamPath"": ""1350031245273340947/1612159505848sample1.oga/mp3/1.mp3"", ""transcodingSource"": ""AWS_ELASTIC"", ""transcriptPath"": null, ""providerSourceId"": null, ""type"": 90, ""title"": ""sample1.oga"", ""transcriptionStatus"": ""NOT_STARTED"", ""mp3Path"": ""1350031245273340947/1612159505848sample1.oga/mp3/1.mp3"", ""uploadedById"": ""4d6c2677afa55cbe"", ""companyId"": ""1350031245273340947"", ""providerSource"": ""_default"", ""size"": 12405317, ""uploadedAt"": 1612159522, ""hlsPath"": null, ""flacPath"": null, ""__last_updated_timestamp__"": 1612159531, ""original_path"": ""1350031245273340947/1612159505848sample1.oga"", ""mediaSource"": null, ""encodingMediaId"": ""1612159522702-nu8plq##0##0"", ""vttSubtitlePath"": null, ""status"": 0, ""contentParts"": 123}, ""id"": ""1356121441344985691""}"
"{""ce"": {""contentPartsInMillis"": 59036, ""streamPath"": ""1350031245273340947/1612159545538file_example_WAV_10MG.wav/mp3/1.mp3"", ""transcodingSource"": ""AWS_ELASTIC"", ""transcriptPath"": null, ""providerSourceId"": null, ""type"": 90, ""title"": ""file_example_WAV_10MG.wav"", ""transcriptionStatus"": ""NOT_STARTED"", ""mp3Path"": ""1350031245273340947/1612159545538file_example_WAV_10MG.wav/mp3/1.mp3"", ""uploadedById"": ""4d6c2677afa55cbe"", ""companyId"": ""1350031245273340947"", ""providerSource"": ""_default"", ""size"": 10406738, ""uploadedAt"": 1612159560, ""hlsPath"": null, ""flacPath"": null, ""__last_updated_timestamp__"": 1612159568, ""original_path"": ""1350031245273340947/1612159545538file_example_WAV_10MG.wav"", ""mediaSource"": null, ""encodingMediaId"": ""1612159560667-ijvg36##0##0"", ""vttSubtitlePath"": null, ""status"": 0, ""contentParts"": 60}, ""id"": ""1356121600449690565""}"
"{""ce"": {""contentPartsInMillis"": 59036, ""streamPath"": ""1350031245273340947/1612160174372file_example_WAV_10MG.wav/mp3/1.mp3"", ""transcodingSource"": ""AWS_ELASTIC"", ""transcriptPath"": null, ""providerSourceId"": null, ""type"": 90, ""title"": ""file_example_WAV_10MG.wav"", ""transcriptionStatus"": ""NOT_STARTED"", ""mp3Path"": ""1350031245273340947/1612160174372file_example_WAV_10MG.wav/mp3/1.mp3"", ""uploadedById"": ""4d6c2677afa55cbe"", ""companyId"": ""1350031245273340947"", ""providerSource"": ""_default"", ""size"": 10406738, ""uploadedAt"": 1612160189, ""hlsPath"": null, ""flacPath"": null, ""__last_updated_timestamp__"": 1612160196, ""original_path"": ""1350031245273340947/1612160174372file_example_WAV_10MG.wav"", ""mediaSource"": null, ""encodingMediaId"": ""1612160189378-jfv9zt##0##0"", ""vttSubtitlePath"": null, ""status"": 0, ""contentParts"": 60}, ""id"": ""1356124237061777120""}"
"{""ce"": {""contentPartsInMillis"": 122122, ""streamPath"": ""1350031245273340947/1612160217686sample1.oga/mp3/1.mp3"", ""transcodingSource"": ""AWS_ELASTIC"", ""transcriptPath"": null, ""providerSourceId"": null, ""type"": 90, ""title"": ""sample1.oga"", ""transcriptionStatus"": ""NOT_STARTED"", ""mp3Path"": ""1350031245273340947/1612160217686sample1.oga/mp3/1.mp3"", ""uploadedById"": ""4d6c2677afa55cbe"", ""companyId"": ""1350031245273340947"", ""providerSource"": ""_default"", ""size"": 12405317, ""uploadedAt"": 1612160234, ""hlsPath"": null, ""flacPath"": null, ""__last_updated_timestamp__"": 1612160242, ""original_path"": ""1350031245273340947/1612160217686sample1.oga"", ""mediaSource"": null, ""encodingMediaId"": ""1612160234318-immhkn##0##0"", ""vttSubtitlePath"": null, ""status"": 0, ""contentParts"": 123}, ""id"": ""1356124425082433217""}"
"{""ce"": {""contentPartsInMillis"": 81815, ""streamPath"": ""1350031245273340947/1612160265394file_example_OOG_5MG.ogg/mp3/1.mp3"", ""transcodingSource"": ""AWS_ELASTIC"", ""transcriptPath"": null, ""providerSourceId"": null, ""type"": 90, ""title"": ""file_example_OOG_5MG.ogg"", ""transcriptionStatus"": ""NOT_STARTED"", ""mp3Path"": ""1350031245273340947/1612160265394file_example_OOG_5MG.ogg/mp3/1.mp3"", ""uploadedById"": ""4d6c2677afa55cbe"", ""companyId"": ""1350031245273340947"", ""providerSource"": ""_default"", ""size"": 4879515, ""uploadedAt"": 1612160280, ""hlsPath"": null, ""flacPath"": null, ""__last_updated_timestamp__"": 1612160292, ""original_path"": ""1350031245273340947/1612160265394file_example_OOG_5MG.ogg"", ""mediaSource"": null, ""encodingMediaId"": ""1612160280246-nclx8e##0##0"", ""vttSubtitlePath"": null, ""status"": 0, ""contentParts"": 82}, ""id"": ""1356124618353821660""}"
"{""ce"": {""contentPartsInMillis"": 728111, ""streamPath"": ""1350031245273340947/1612160311343SymphonyNo.61stmovement.m4a/mp3/1.mp3"", ""transcodingSource"": ""AWS_ELASTIC"", ""transcriptPath"": null, ""providerSourceId"": null, ""type"": 90, ""title"": ""Symphony No.6 (1st movement).m4a"", ""transcriptionStatus"": ""NOT_STARTED"", ""mp3Path"": ""1350031245273340947/1612160311343SymphonyNo.61stmovement.m4a/mp3/1.mp3"", ""uploadedById"": ""4d6c2677afa55cbe"", ""companyId"": ""1350031245273340947"", ""providerSource"": ""_default"", ""size"": 11816072, ""uploadedAt"": 1612160333, ""hlsPath"": null, ""flacPath"": null, ""__last_updated_timestamp__"": 1612160365, ""original_path"": ""1350031245273340947/1612160311343SymphonyNo.61stmovement.m4a"", ""mediaSource"": null, ""encodingMediaId"": ""1612160333056-1rbfpe##0##0"", ""vttSubtitlePath"": null, ""status"": 0, ""contentParts"": 729}, ""id"": ""1356124839995468015""}"
"{""ce"": {""filestackStatus"": 0, ""filestackContentParts"": 30, ""boxContentParts"": 30, ""providerSourceId"": null, ""imagifiedStatusFilestack"": ""IMAGIFIED_SUCCESS"", ""type"": 93, ""title"": ""file-example_PDF_1MB.pdf"", ""uuid"": ""770856920363"", ""imagifyStatusLastUpdated"": 1612158289, ""imagifiedStatusBox"": ""IMAGIFIED_SUCCESS"", ""boxStatus"": 0, ""uploadedById"": ""4d6c2677afa55cbe"", ""companyId"": ""1350031245273340947"", ""providerSource"": ""_default"", ""size"": 1042157, ""imagifiedStatus"": ""IMAGIFIED_SUCCESS"", ""uploadedAt"": 1612157421, ""__last_updated_timestamp__"": 1612158289, ""original_path"": ""1350031245273340947/1612157407594fileexample_PDF_1MB.pdf"", ""docProcessor"": ""HYBRID"", ""mediaSource"": null, ""status"": 0, ""contentParts"": 30, ""uuid_filestack"": ""U8HIicaqSyCOOb8FrnaE""}, ""id"": ""1356112621815139870""}"
"{""ce"": {""contentPartsInMillis"": 132205, ""streamPath"": ""1350031245273340947/1612160431936file_example_MP3_5MG.mp3/mp3/1.mp3"", ""transcodingSource"": ""AWS_ELASTIC"", ""transcriptPath"": null, ""providerSourceId"": null, ""type"": 90, ""title"": ""file_example_MP3_5MG.mp3"", ""transcriptionStatus"": ""NOT_STARTED"", ""mp3Path"": ""1350031245273340947/1612160431936file_example_MP3_5MG.mp3/mp3/1.mp3"", ""uploadedById"": ""4d6c2677afa55cbe"", ""companyId"": ""1350031245273340947"", ""providerSource"": ""_default"", ""size"": 5289384, ""uploadedAt"": 1612160448, ""hlsPath"": null, ""flacPath"": null, ""__last_updated_timestamp__"": 1612160456, ""original_path"": ""1350031245273340947/1612160431936file_example_MP3_5MG.mp3"", ""mediaSource"": null, ""encodingMediaId"": ""1612160447640-azfyiq##0##0"", ""vttSubtitlePath"": null, ""status"": 0, ""contentParts"": 133}, ""id"": ""1356125320716569087""}"
"{""ce"": {""filestackStatus"": 0, ""filestackContentParts"": 30, ""boxContentParts"": 30, ""providerSourceId"": null, ""imagifiedStatusFilestack"": ""IMAGIFIED_SUCCESS"", ""type"": 93, ""title"": ""file-example_PDF_1MB.pdf"", ""uuid"": ""770852861923"", ""imagifyStatusLastUpdated"": 1612158280, ""imagifiedStatusBox"": ""IMAGIFIED_SUCCESS"", ""boxStatus"": 0, ""uploadedById"": ""4d6c2677afa55cbe"", ""companyId"": ""1350031245273340947"", ""providerSource"": ""_default"", ""size"": 1042157, ""imagifiedStatus"": ""IMAGIFIED_SUCCESS"", ""uploadedAt"": 1612157989, ""__last_updated_timestamp__"": 1612158280, ""original_path"": ""1350031245273340947/1612157976592fileexample_PDF_1MB.pdf"", ""docProcessor"": ""HYBRID"", ""mediaSource"": null, ""status"": 0, ""contentParts"": 30, ""uuid_filestack"": ""qNXwcoPwTnGFk8QiOHTB""}, ""id"": ""1356115003767020059""}"
"{""ce"": {""contentPartsInMillis"": 187193, ""streamPath"": ""1350031245273340947/1612160475787ff16b2c44100hz.aac/mp3/1.mp3"", ""transcodingSource"": ""AWS_ELASTIC"", ""transcriptPath"": null, ""providerSourceId"": null, ""type"": 90, ""title"": ""ff-16b-2c-44100hz.aac"", ""transcriptionStatus"": ""NOT_STARTED"", ""mp3Path"": ""1350031245273340947/1612160475787ff16b2c44100hz.aac/mp3/1.mp3"", ""uploadedById"": ""4d6c2677afa55cbe"", ""companyId"": ""1350031245273340947"", ""providerSource"": ""_default"", ""size"": 2994446, ""uploadedAt"": 1612160489, ""hlsPath"": null, ""flacPath"": null, ""__last_updated_timestamp__"": 1612160501, ""original_path"": ""1350031245273340947/1612160475787ff16b2c44100hz.aac"", ""mediaSource"": null, ""encodingMediaId"": ""1612160489318-8bko1h##0##0"", ""vttSubtitlePath"": null, ""status"": 0, ""contentParts"": 188}, ""id"": ""1356125495597395641""}"
"{""ce"": {""filestackStatus"": 0, ""filestackContentParts"": 30, ""boxContentParts"": 30, ""providerSourceId"": null, ""imagifiedStatusFilestack"": ""IMAGIFIED_SUCCESS"", ""type"": 93, ""title"": ""file-example_PDF_1MB.pdf"", ""uuid"": ""770867585546"", ""imagifyStatusLastUpdated"": 1612160377, ""imagifiedStatusBox"": ""IMAGIFIED_SUCCESS"", ""boxStatus"": 0, ""uploadedById"": ""4d6c2677afa55cbe"", ""companyId"": ""1350031245273340947"", ""providerSource"": ""_default"", ""size"": 1042157, ""imagifiedStatus"": ""IMAGIFIED_SUCCESS"", ""uploadedAt"": 1612159620, ""__last_updated_timestamp__"": 1612160377, ""original_path"": ""1350031245273340947/1612159606903fileexample_PDF_1MB.pdf"", ""docProcessor"": ""HYBRID"", ""mediaSource"": null, ""status"": 0, ""contentParts"": 30, ""uuid_filestack"": ""3lCuyiAlSduwb9fzOhpd""}, ""id"": ""1356121843077011612""}"
"{""ce"": {""contentPartsInMillis"": 187193, ""streamPath"": ""1350031245273340947/1612160526670ff16b2c44100hz.aac/mp3/1.mp3"", ""transcodingSource"": ""AWS_ELASTIC"", ""transcriptPath"": null, ""providerSourceId"": null, ""type"": 90, ""title"": ""ff-16b-2c-44100hz.aac"", ""transcriptionStatus"": ""NOT_STARTED"", ""mp3Path"": ""1350031245273340947/1612160526670ff16b2c44100hz.aac/mp3/1.mp3"", ""uploadedById"": ""4d6c2677afa55cbe"", ""companyId"": ""1350031245273340947"", ""providerSource"": ""_default"", ""size"": 2994446, ""uploadedAt"": 1612160540, ""hlsPath"": null, ""flacPath"": null, ""__last_updated_timestamp__"": 1612160552, ""original_path"": ""1350031245273340947/1612160526670ff16b2c44100hz.aac"", ""mediaSource"": null, ""encodingMediaId"": ""1612160540633-0gs4xc##0##0"", ""vttSubtitlePath"": null, ""status"": 0, ""contentParts"": 188}, ""id"": ""1356125710082823291""}"
"{""ce"": {""filestackStatus"": 0, ""filestackContentParts"": 30, ""boxContentParts"": 30, ""providerSourceId"": null, ""imagifiedStatusFilestack"": ""IMAGIFIED_SUCCESS"", ""type"": 93, ""title"": ""file-example_PDF_1MB.pdf"", ""uuid"": ""770870682280"", ""imagifyStatusLastUpdated"": 1612160370, ""imagifiedStatusBox"": ""IMAGIFIED_SUCCESS"", ""boxStatus"": 0, ""uploadedById"": ""4d6c2677afa55cbe"", ""companyId"": ""1350031245273340947"", ""providerSource"": ""_default"", ""size"": 1042157, ""imagifiedStatus"": ""IMAGIFIED_SUCCESS"", ""uploadedAt"": 1612160144, ""__last_updated_timestamp__"": 1612160370, ""original_path"": ""1350031245273340947/1612160131775fileexample_PDF_1MB.pdf"", ""docProcessor"": ""HYBRID"", ""mediaSource"": null, ""status"": 0, ""contentParts"": 30, ""uuid_filestack"": ""8jnRCpGhSCStn3C9C24J""}, ""id"": ""1356124044303285622""}"
"{""ce"": {""contentPartsInMillis"": 132205, ""streamPath"": ""1350031245273340947/1612160570671file_example_MP3_5MG.mp3/mp3/1.mp3"", ""transcodingSource"": ""AWS_ELASTIC"", ""transcriptPath"": null, ""providerSourceId"": null, ""type"": 90, ""title"": ""file_example_MP3_5MG.mp3"", ""transcriptionStatus"": ""NOT_STARTED"", ""mp3Path"": ""1350031245273340947/1612160570671file_example_MP3_5MG.mp3/mp3/1.mp3"", ""uploadedById"": ""4d6c2677afa55cbe"", ""companyId"": ""1350031245273340947"", ""providerSource"": ""_default"", ""size"": 5289384, ""uploadedAt"": 1612160585, ""hlsPath"": null, ""flacPath"": null, ""__last_updated_timestamp__"": 1612160598, ""original_path"": ""1350031245273340947/1612160570671file_example_MP3_5MG.mp3"", ""mediaSource"": null, ""encodingMediaId"": ""1612160585616-gmv5o5##0##0"", ""vttSubtitlePath"": null, ""status"": 0, ""contentParts"": 133}, ""id"": ""1356125899277118274""}"
"{""ce"": {""filestackStatus"": 0, ""filestackContentParts"": 30, ""boxContentParts"": null, ""providerSourceId"": null, ""imagifiedStatusFilestack"": ""IMAGIFIED_SUCCESS"", ""type"": 93, ""title"": ""file-example_PDF_1MB.pdf"", ""uuid"": ""770858865842"", ""imagifyStatusLastUpdated"": 1612161405, ""imagifiedStatusBox"": ""IMAGIFIED_NOT_STARTED"", ""boxStatus"": 2, ""uploadedById"": ""4d6c2677afa55cbe"", ""companyId"": ""1350031245273340947"", ""providerSource"": ""_default"", ""size"": 1042157, ""imagifiedStatus"": ""IMAGIFIED_SUCCESS"", ""uploadedAt"": 1612161279, ""__last_updated_timestamp__"": 1612161405, ""original_path"": ""1350031245273340947/1612161265683fileexample_PDF_1MB.pdf"", ""docProcessor"": ""HYBRID"", ""mediaSource"": null, ""status"": 0, ""contentParts"": 30, ""uuid_filestack"": ""J8ZE04LTme84iyM2aSg5""}, ""id"": ""1356128802241743749""}"
"{""ce"": {""contentPartsInMillis"": 59036, ""streamPath"": ""1350031245273340947/1612160727096file_example_WAV_10MG.wav/mp3/1.mp3"", ""transcodingSource"": ""AWS_ELASTIC"", ""transcriptPath"": null, ""providerSourceId"": null, ""type"": 90, ""title"": ""file_example_WAV_10MG.wav"", ""transcriptionStatus"": ""NOT_STARTED"", ""mp3Path"": ""1350031245273340947/1612160727096file_example_WAV_10MG.wav/mp3/1.mp3"", ""uploadedById"": ""4d6c2677afa55cbe"", ""companyId"": ""1350031245273340947"", ""providerSource"": ""_default"", ""size"": 10406738, ""uploadedAt"": 1612160742, ""hlsPath"": null, ""flacPath"": null, ""__last_updated_timestamp__"": 1612160750, ""original_path"": ""1350031245273340947/1612160727096file_example_WAV_10MG.wav"", ""mediaSource"": null, ""encodingMediaId"": ""1612160742412-nmyni4##0##0"", ""vttSubtitlePath"": null, ""status"": 0, ""contentParts"": 60}, ""id"": ""1356126557033472966""}"
"{""ce"": {""contentPartsInMillis"": 122122, ""streamPath"": ""1350031245273340947/1612160792462sample1.oga/mp3/1.mp3"", ""transcodingSource"": ""AWS_ELASTIC"", ""transcriptPath"": null, ""providerSourceId"": null, ""type"": 90, ""title"": ""sample1.oga"", ""transcriptionStatus"": ""NOT_STARTED"", ""mp3Path"": ""1350031245273340947/1612160792462sample1.oga/mp3/1.mp3"", ""uploadedById"": ""4d6c2677afa55cbe"", ""companyId"": ""1350031245273340947"", ""providerSource"": ""_default"", ""size"": 12405317, ""uploadedAt"": 1612160809, ""hlsPath"": null, ""flacPath"": null, ""__last_updated_timestamp__"": 1612160817, ""original_path"": ""1350031245273340947/1612160792462sample1.oga"", ""mediaSource"": null, ""encodingMediaId"": ""1612160808836-orkkyt##0##0"", ""vttSubtitlePath"": null, ""status"": 0, ""contentParts"": 123}, ""id"": ""1356126835492279036""}"
"{""ce"": {""contentPartsInMillis"": 81815, ""streamPath"": ""1350031245273340947/1612160838089file_example_OOG_5MG.ogg/mp3/1.mp3"", ""transcodingSource"": ""AWS_ELASTIC"", ""transcriptPath"": null, ""providerSourceId"": null, ""type"": 90, ""title"": ""file_example_OOG_5MG.ogg"", ""transcriptionStatus"": ""NOT_STARTED"", ""mp3Path"": ""1350031245273340947/1612160838089file_example_OOG_5MG.ogg/mp3/1.mp3"", ""uploadedById"": ""4d6c2677afa55cbe"", ""companyId"": ""1350031245273340947"", ""providerSource"": ""_default"", ""size"": 4879515, ""uploadedAt"": 1612160853, ""hlsPath"": null, ""flacPath"": null, ""__last_updated_timestamp__"": 1612160861, ""original_path"": ""1350031245273340947/1612160838089file_example_OOG_5MG.ogg"", ""mediaSource"": null, ""encodingMediaId"": ""1612160852745-p1hdz5##0##0"", ""vttSubtitlePath"": null, ""status"": 0, ""contentParts"": 82}, ""id"": ""1356127019536685850""}"
"{""ce"": {""contentPartsInMillis"": 728111, ""streamPath"": ""1350031245273340947/1612160879396SymphonyNo.61stmovement.m4a/mp3/1.mp3"", ""transcodingSource"": ""AWS_ELASTIC"", ""transcriptPath"": null, ""providerSourceId"": null, ""type"": 90, ""title"": ""Symphony No.6 (1st movement).m4a"", ""transcriptionStatus"": ""NOT_STARTED"", ""mp3Path"": ""1350031245273340947/1612160879396SymphonyNo.61stmovement.m4a/mp3/1.mp3"", ""uploadedById"": ""4d6c2677afa55cbe"", ""companyId"": ""1350031245273340947"", ""providerSource"": ""_default"", ""size"": 11816072, ""uploadedAt"": 1612160896, ""hlsPath"": null, ""flacPath"": null, ""__last_updated_timestamp__"": 1612160928, ""original_path"": ""1350031245273340947/1612160879396SymphonyNo.61stmovement.m4a"", ""mediaSource"": null, ""encodingMediaId"": ""1612160895697-8px4ft##0##0"", ""vttSubtitlePath"": null, ""status"": 0, ""contentParts"": 729}, ""id"": ""1356127200090433376""}"
"{""ce"": {""contentPartsInMillis"": 187193, ""streamPath"": ""1350031245273340947/1612160963625ff16b2c44100hz.aac/mp3/1.mp3"", ""transcodingSource"": ""AWS_ELASTIC"", ""transcriptPath"": null, ""providerSourceId"": null, ""type"": 90, ""title"": ""ff-16b-2c-44100hz.aac"", ""transcriptionStatus"": ""NOT_STARTED"", ""mp3Path"": ""1350031245273340947/1612160963625ff16b2c44100hz.aac/mp3/1.mp3"", ""uploadedById"": ""4d6c2677afa55cbe"", ""companyId"": ""1350031245273340947"", ""providerSource"": ""_default"", ""size"": 2994446, ""uploadedAt"": 1612160978, ""hlsPath"": null, ""flacPath"": null, ""__last_updated_timestamp__"": 1612160986, ""original_path"": ""1350031245273340947/1612160963625ff16b2c44100hz.aac"", ""mediaSource"": null, ""encodingMediaId"": ""1612160977602-hfav39##0##0"", ""vttSubtitlePath"": null, ""status"": 0, ""contentParts"": 188}, ""id"": ""1356127543724233084""}"
"{""ce"": {""contentPartsInMillis"": 27219, ""streamPath"": ""1350031245273340947/1612161009980file_example_MP3_700KB.mp3/mp3/1.mp3"", ""transcodingSource"": ""AWS_ELASTIC"", ""transcriptPath"": null, ""providerSourceId"": null, ""type"": 90, ""title"": ""file_example_MP3_700KB.mp3"", ""transcriptionStatus"": ""NOT_STARTED"", ""mp3Path"": ""1350031245273340947/1612161009980file_example_MP3_700KB.mp3/mp3/1.mp3"", ""uploadedById"": ""4d6c2677afa55cbe"", ""companyId"": ""1350031245273340947"", ""providerSource"": ""_default"", ""size"": 764176, ""uploadedAt"": 1612161021, ""hlsPath"": null, ""flacPath"": null, ""__last_updated_timestamp__"": 1612161028, ""original_path"": ""1350031245273340947/1612161009980file_example_MP3_700KB.mp3"", ""mediaSource"": null, ""encodingMediaId"": ""1612161020929-1sse1e##0##0"", ""vttSubtitlePath"": null, ""status"": 0, ""contentParts"": 28}, ""id"": ""1356127724389784629""}"
"{""ce"": {""contentPartsInMillis"": 27219, ""streamPath"": ""1350031245273340947/1612161136255file_example_MP3_700KB.mp3/mp3/1.mp3"", ""transcodingSource"": ""AWS_ELASTIC"", ""transcriptPath"": null, ""providerSourceId"": null, ""type"": 90, ""title"": ""file_example_MP3_700KB.mp3"", ""transcriptionStatus"": ""NOT_STARTED"", ""mp3Path"": ""1350031245273340947/1612161136255file_example_MP3_700KB.mp3/mp3/1.mp3"", ""uploadedById"": ""4d6c2677afa55cbe"", ""companyId"": ""1350031245273340947"", ""providerSource"": ""_default"", ""size"": 764176, ""uploadedAt"": 1612161147, ""hlsPath"": null, ""flacPath"": null, ""__last_updated_timestamp__"": 1612161152, ""original_path"": ""1350031245273340947/1612161136255file_example_MP3_700KB.mp3"", ""mediaSource"": null, ""encodingMediaId"": ""1612161147227-9lvk0h##0##0"", ""vttSubtitlePath"": null, ""status"": 0, ""contentParts"": 28}, ""id"": ""1356128254789411549""}"
"{""ce"": {""contentPartsInMillis"": 187193, ""streamPath"": ""1350031245273340947/1612161172712ff16b2c44100hz.aac/mp3/1.mp3"", ""transcodingSource"": ""AWS_ELASTIC"", ""transcriptPath"": null, ""providerSourceId"": null, ""type"": 90, ""title"": ""ff-16b-2c-44100hz.aac"", ""transcriptionStatus"": ""NOT_STARTED"", ""mp3Path"": ""1350031245273340947/1612161172712ff16b2c44100hz.aac/mp3/1.mp3"", ""uploadedById"": ""4d6c2677afa55cbe"", ""companyId"": ""1350031245273340947"", ""providerSource"": ""_default"", ""size"": 2994446, ""uploadedAt"": 1612161186, ""hlsPath"": null, ""flacPath"": null, ""__last_updated_timestamp__"": 1612161195, ""original_path"": ""1350031245273340947/1612161172712ff16b2c44100hz.aac"", ""mediaSource"": null, ""encodingMediaId"": ""1612161186759-lwy0oy##0##0"", ""vttSubtitlePath"": null, ""status"": 0, ""contentParts"": 188}, ""id"": ""1356128420978953227""}"
"{""ce"": {""contentPartsInMillis"": 122148, ""streamPath"": ""1350031245273340947/1612161222659sample1.m4a/mp3/1.mp3"", ""transcodingSource"": ""AWS_ELASTIC"", ""transcriptPath"": null, ""providerSourceId"": null, ""type"": 90, ""title"": ""sample1.m4a"", ""transcriptionStatus"": ""NOT_STARTED"", ""mp3Path"": ""1350031245273340947/1612161222659sample1.m4a/mp3/1.mp3"", ""uploadedById"": ""4d6c2677afa55cbe"", ""companyId"": ""1350031245273340947"", ""providerSource"": ""_default"", ""size"": 2034429, ""uploadedAt"": 1612161235, ""hlsPath"": null, ""flacPath"": null, ""__last_updated_timestamp__"": 1612161243, ""original_path"": ""1350031245273340947/1612161222659sample1.m4a"", ""mediaSource"": null, ""encodingMediaId"": ""1612161235555-04orzr##0##0"", ""vttSubtitlePath"": null, ""status"": 0, ""contentParts"": 123}, ""id"": ""1356128625651307871""}"
"{""ce"": {""contentPartsInMillis"": 122122, ""streamPath"": ""1350031245273340947/1612161429189sample1.oga/mp3/1.mp3"", ""transcodingSource"": ""AWS_ELASTIC"", ""transcriptPath"": null, ""providerSourceId"": null, ""type"": 90, ""title"": ""sample1.oga"", ""transcriptionStatus"": ""NOT_STARTED"", ""mp3Path"": ""1350031245273340947/1612161429189sample1.oga/mp3/1.mp3"", ""uploadedById"": ""4d6c2677afa55cbe"", ""companyId"": ""1350031245273340947"", ""providerSource"": ""_default"", ""size"": 12405317, ""uploadedAt"": 1612161448, ""hlsPath"": null, ""flacPath"": null, ""__last_updated_timestamp__"": 1612161457, ""original_path"": ""1350031245273340947/1612161429189sample1.oga"", ""mediaSource"": null, ""encodingMediaId"": ""1612161447655-nrcbbl##0##0"", ""vttSubtitlePath"": null, ""status"": 0, ""contentParts"": 123}, ""id"": ""1356129512939168416""}"
"{""ce"": {""contentPartsInMillis"": 74422, ""streamPath"": ""1350031245273340947/1612161485309file_example_OOG_1MG.ogg/mp3/1.mp3"", ""transcodingSource"": ""AWS_ELASTIC"", ""transcriptPath"": null, ""providerSourceId"": null, ""type"": 90, ""title"": ""file_example_OOG_1MG.ogg"", ""transcriptionStatus"": ""NOT_STARTED"", ""mp3Path"": ""1350031245273340947/1612161485309file_example_OOG_1MG.ogg/mp3/1.mp3"", ""uploadedById"": ""4d6c2677afa55cbe"", ""companyId"": ""1350031245273340947"", ""providerSource"": ""_default"", ""size"": 1089524, ""uploadedAt"": 1612161497, ""hlsPath"": null, ""flacPath"": null, ""__last_updated_timestamp__"": 1612161504, ""original_path"": ""1350031245273340947/1612161485309file_example_OOG_1MG.ogg"", ""mediaSource"": null, ""encodingMediaId"": ""1612161497021-mub4pk##0##0"", ""vttSubtitlePath"": null, ""status"": 0, ""contentParts"": 75}, ""id"": ""1356129721502861397""}"
"{""ce"": {""contentPartsInMillis"": 33567, ""streamPath"": ""1350031245273340947/1612161525355file_example_WAV_1MG.wav/mp3/1.mp3"", ""transcodingSource"": ""AWS_ELASTIC"", ""transcriptPath"": null, ""providerSourceId"": null, ""type"": 90, ""title"": ""file_example_WAV_1MG.wav"", ""transcriptionStatus"": ""NOT_STARTED"", ""mp3Path"": ""1350031245273340947/1612161525355file_example_WAV_1MG.wav/mp3/1.mp3"", ""uploadedById"": ""4d6c2677afa55cbe"", ""companyId"": ""1350031245273340947"", ""providerSource"": ""_default"", ""size"": 1073218, ""uploadedAt"": 1612161537, ""hlsPath"": null, ""flacPath"": null, ""__last_updated_timestamp__"": 1612161542, ""original_path"": ""1350031245273340947/1612161525355file_example_WAV_1MG.wav"", ""mediaSource"": null, ""encodingMediaId"": ""1612161536809-wh30us##0##0"", ""vttSubtitlePath"": null, ""status"": 0, ""contentParts"": 34}, ""id"": ""1356129889149384440""}"
"{""ce"": {""filestackContentParts"": 6, ""boxContentParts"": 6, ""providerSourceId"": null, ""imagifiedStatusFilestack"": ""IMAGIFIED_SUCCESS"", ""type"": 95, ""title"": ""sample.doc"", ""uuid"": ""770855951732"", ""imagifyStatusLastUpdated"": 1612158300, ""imagifiedStatusBox"": ""IMAGIFIED_INPROGRESS"", ""providerSource"": ""_default"", ""distributionPathMap"": {}, ""imagificatitonBasePath"": null, ""__last_updated_timestamp__"": 1612158300, ""original_path"": ""1350031245273340947/1612157453964sample.doc"", ""docProcessor"": ""HYBRID"", ""contentParts"": 6, ""uuid_filestack"": ""Q31fe30nRye2QfN3u0ng"", ""filestackStatus"": 0, ""boxStatus"": 0, ""uploadedById"": ""4d6c2677afa55cbe"", ""companyId"": ""1350031245273340947"", ""size"": 98304, ""imagifiedStatus"": ""IMAGIFIED_SUCCESS"", ""uploadedAt"": 1612157462, ""mediaSource"": null, ""status"": 0}, ""id"": ""1356112795534584929""}"
"{""ce"": {""filestackStatus"": 0, ""filestackContentParts"": 5, ""boxContentParts"": 5, ""providerSourceId"": null, ""imagifiedStatusFilestack"": ""IMAGIFIED_SUCCESS"", ""type"": 95, ""title"": ""file-sample_1MB.docx"", ""uuid"": ""770852327549"", ""imagifyStatusLastUpdated"": 1612157535, ""imagifiedStatusBox"": ""IMAGIFIED_SUCCESS"", ""boxStatus"": 0, ""uploadedById"": ""4d6c2677afa55cbe"", ""companyId"": ""1350031245273340947"", ""providerSource"": ""_default"", ""size"": 1026736, ""imagifiedStatus"": ""IMAGIFIED_SUCCESS"", ""uploadedAt"": 1612157500, ""__last_updated_timestamp__"": 1612157535, ""original_path"": ""1350031245273340947/1612157487708filesample_1MB.docx"", ""docProcessor"": ""HYBRID"", ""mediaSource"": null, ""status"": 0, ""contentParts"": 5, ""uuid_filestack"": ""Ap7BOGxxTFefbXnH5TBo""}, ""id"": ""1356112953376497024""}"
"{""ce"": {""filestackStatus"": 0, ""filestackContentParts"": 5, ""boxContentParts"": 5, ""providerSourceId"": null, ""imagifiedStatusFilestack"": ""IMAGIFIED_SUCCESS"", ""type"": 95, ""title"": ""file-sample_1MB.docx"", ""uuid"": ""770851358449"", ""imagifyStatusLastUpdated"": 1612157926, ""imagifiedStatusBox"": ""IMAGIFIED_SUCCESS"", ""boxStatus"": 0, ""uploadedById"": ""4d6c2677afa55cbe"", ""companyId"": ""1350031245273340947"", ""providerSource"": ""_default"", ""size"": 1026736, ""imagifiedStatus"": ""IMAGIFIED_SUCCESS"", ""uploadedAt"": 1612157900, ""__last_updated_timestamp__"": 1612157926, ""original_path"": ""1350031245273340947/1612157887722filesample_1MB.docx"", ""docProcessor"": ""HYBRID"", ""mediaSource"": null, ""status"": 0, ""contentParts"": 5, ""uuid_filestack"": ""MrHEFVaqR4KWuqXEFYZC""}, ""id"": ""1356114631039327282""}"
"{""ce"": {""filestackStatus"": 0, ""filestackContentParts"": 6, ""boxContentParts"": 6, ""providerSourceId"": null, ""imagifiedStatusFilestack"": ""IMAGIFIED_SUCCESS"", ""type"": 95, ""title"": ""sample.doc"", ""uuid"": ""770855599109"", ""imagifyStatusLastUpdated"": 1612158295, ""imagifiedStatusBox"": ""IMAGIFIED_SUCCESS"", ""boxStatus"": 0, ""uploadedById"": ""4d6c2677afa55cbe"", ""companyId"": ""1350031245273340947"", ""providerSource"": ""_default"", ""size"": 98304, ""imagifiedStatus"": ""IMAGIFIED_SUCCESS"", ""uploadedAt"": 1612157942, ""__last_updated_timestamp__"": 1612158295, ""original_path"": ""1350031245273340947/1612157933588sample.doc"", ""docProcessor"": ""HYBRID"", ""mediaSource"": null, ""status"": 0, ""contentParts"": 6, ""uuid_filestack"": ""PkyfmzZhRJC6ph74gcFC""}, ""id"": ""1356114809143595248""}"
"{""ce"": {""filestackStatus"": 0, ""filestackContentParts"": 6, ""boxContentParts"": 6, ""providerSourceId"": null, ""imagifiedStatusFilestack"": ""IMAGIFIED_SUCCESS"", ""type"": 95, ""title"": ""sample.doc"", ""uuid"": ""770869609362"", ""imagifyStatusLastUpdated"": 1612159687, ""imagifiedStatusBox"": ""IMAGIFIED_SUCCESS"", ""boxStatus"": 0, ""uploadedById"": ""4d6c2677afa55cbe"", ""companyId"": ""1350031245273340947"", ""providerSource"": ""_default"", ""size"": 98304, ""imagifiedStatus"": ""IMAGIFIED_SUCCESS"", ""uploadedAt"": 1612159657, ""__last_updated_timestamp__"": 1612159687, ""original_path"": ""1350031245273340947/1612159648972sample.doc"", ""docProcessor"": ""HYBRID"", ""mediaSource"": null, ""status"": 0, ""contentParts"": 6, ""uuid_filestack"": ""x2cWNvFKSzq7TSxHlBzP""}, ""id"": ""1356122002355328254""}"
"{""ce"": {""filestackStatus"": 0, ""filestackContentParts"": 5, ""boxContentParts"": 5, ""providerSourceId"": null, ""imagifiedStatusFilestack"": ""IMAGIFIED_SUCCESS"", ""type"": 95, ""title"": ""file-sample_1MB.docx"", ""uuid"": ""770865401764"", ""imagifyStatusLastUpdated"": 1612160387, ""imagifiedStatusBox"": ""IMAGIFIED_SUCCESS"", ""boxStatus"": 0, ""uploadedById"": ""4d6c2677afa55cbe"", ""companyId"": ""1350031245273340947"", ""providerSource"": ""_default"", ""size"": 1026736, ""imagifiedStatus"": ""IMAGIFIED_SUCCESS"", ""uploadedAt"": 1612159696, ""__last_updated_timestamp__"": 1612160387, ""original_path"": ""1350031245273340947/1612159683226filesample_1MB.docx"", ""docProcessor"": ""HYBRID"", ""mediaSource"": null, ""status"": 0, ""contentParts"": 5, ""uuid_filestack"": ""8ztZlhHyRFudSNYPUAiz""}, ""id"": ""1356122162997875416""}"
"{""ce"": {""filestackStatus"": 0, ""filestackContentParts"": 2, ""boxContentParts"": 2, ""providerSourceId"": null, ""imagifiedStatusFilestack"": ""IMAGIFIED_SUCCESS"", ""type"": 95, ""title"": ""Creative Project Presentation Template.docx"", ""uuid"": ""770864690850"", ""imagifyStatusLastUpdated"": 1612160086, ""imagifiedStatusBox"": ""IMAGIFIED_SUCCESS"", ""boxStatus"": 0, ""uploadedById"": ""4d6c2677afa55cbe"", ""companyId"": ""1350031245273340947"", ""providerSource"": ""_default"", ""size"": 124204, ""imagifiedStatus"": ""IMAGIFIED_SUCCESS"", ""uploadedAt"": 1612160067, ""__last_updated_timestamp__"": 1612160086, ""original_path"": ""1350031245273340947/1612160058154CreativeProjectPresentationTemplate.docx"", ""docProcessor"": ""HYBRID"", ""mediaSource"": null, ""status"": 0, ""contentParts"": 2, ""uuid_filestack"": ""AcZEd8g6T2Kut0ore4Nz""}, ""id"": ""1356123718943008731""}"
"{""ce"": {""filestackStatus"": 0, ""filestackContentParts"": 6, ""boxContentParts"": 6, ""providerSourceId"": null, ""imagifiedStatusFilestack"": ""IMAGIFIED_SUCCESS"", ""type"": 95, ""title"": ""sample.doc"", ""uuid"": ""770870328731"", ""imagifyStatusLastUpdated"": 1612160129, ""imagifiedStatusBox"": ""IMAGIFIED_SUCCESS"", ""boxStatus"": 0, ""uploadedById"": ""4d6c2677afa55cbe"", ""companyId"": ""1350031245273340947"", ""providerSource"": ""_default"", ""size"": 98304, ""imagifiedStatus"": ""IMAGIFIED_SUCCESS"", ""uploadedAt"": 1612160100, ""__last_updated_timestamp__"": 1612160129, ""original_path"": ""1350031245273340947/1612160091745sample.doc"", ""docProcessor"": ""HYBRID"", ""mediaSource"": null, ""status"": 0, ""contentParts"": 6, ""uuid_filestack"": ""b5MetwoOTaGjkqjjFFer""}, ""id"": ""1356123858974311614""}"
"{""ce"": {""filestackStatus"": 0, ""filestackContentParts"": 6, ""boxContentParts"": 6, ""providerSourceId"": null, ""imagifiedStatusFilestack"": ""IMAGIFIED_SUCCESS"", ""type"": 95, ""title"": ""sample.doc"", ""uuid"": ""770881157915"", ""imagifyStatusLastUpdated"": 1612161350, ""imagifiedStatusBox"": ""IMAGIFIED_SUCCESS"", ""boxStatus"": 0, ""uploadedById"": ""4d6c2677afa55cbe"", ""companyId"": ""1350031245273340947"", ""providerSource"": ""_default"", ""size"": 98304, ""imagifiedStatus"": ""IMAGIFIED_SUCCESS"", ""uploadedAt"": 1612161322, ""__last_updated_timestamp__"": 1612161350, ""original_path"": ""1350031245273340947/1612161313568sample.doc"", ""docProcessor"": ""HYBRID"", ""mediaSource"": null, ""status"": 0, ""contentParts"": 6, ""uuid_filestack"": ""E35PkjtKSh2zbQ7vWv96""}, ""id"": ""1356128984452629638""}"
"{""ce"": {""filestackStatus"": 0, ""filestackContentParts"": 5, ""boxContentParts"": 5, ""providerSourceId"": null, ""imagifiedStatusFilestack"": ""IMAGIFIED_SUCCESS"", ""type"": 95, ""title"": ""file-sample_1MB.docx"", ""uuid"": ""770878794623"", ""imagifyStatusLastUpdated"": 1612161396, ""imagifiedStatusBox"": ""IMAGIFIED_SUCCESS"", ""boxStatus"": 0, ""uploadedById"": ""4d6c2677afa55cbe"", ""companyId"": ""1350031245273340947"", ""providerSource"": ""_default"", ""size"": 1026736, ""imagifiedStatus"": ""IMAGIFIED_SUCCESS"", ""uploadedAt"": 1612161368, ""__last_updated_timestamp__"": 1612161396, ""original_path"": ""1350031245273340947/1612161355022filesample_1MB.docx"", ""docProcessor"": ""HYBRID"", ""mediaSource"": null, ""status"": 0, ""contentParts"": 5, ""uuid_filestack"": ""gI9t511TpaHsX3T7znoj""}, ""id"": ""1356129178131629209""}"
"{""ce"": {""filestackStatus"": 0, ""filestackContentParts"": 182, ""boxContentParts"": 157, ""providerSourceId"": null, ""imagifiedStatusFilestack"": ""IMAGIFIED_SUCCESS"", ""type"": 96, ""title"": ""file_example_XLS_5000.xls"", ""uuid"": ""770858415084"", ""imagifyStatusLastUpdated"": 1612158341, ""imagifiedStatusBox"": ""IMAGIFIED_SUCCESS"", ""boxStatus"": 0, ""uploadedById"": ""4d6c2677afa55cbe"", ""companyId"": ""1350031245273340947"", ""providerSource"": ""_default"", ""size"": 672256, ""imagifiedStatus"": ""IMAGIFIED_SUCCESS"", ""uploadedAt"": 1612157641, ""__last_updated_timestamp__"": 1612158341, ""original_path"": ""1350031245273340947/1612157628976file_example_XLS_5000.xls"", ""docProcessor"": ""HYBRID"", ""mediaSource"": null, ""status"": 0, ""contentParts"": 157, ""uuid_filestack"": ""kWO47DRTTqli0ZS1Bk0H""}, ""id"": ""1356113543451255460""}"
"{""ce"": {""filestackContentParts"": 198, ""boxContentParts"": null, ""providerSourceId"": null, ""imagifiedStatusFilestack"": ""IMAGIFIED_SUCCESS"", ""type"": 96, ""title"": ""file_example_XLSX_5000.xlsx"", ""uuid"": ""770839540545"", ""imagifyStatusLastUpdated"": 1612158337, ""imagifiedStatusBox"": ""IMAGIFIED_FAILED"", ""providerSource"": ""_default"", ""distributionPathMap"": {}, ""imagificatitonBasePath"": null, ""__last_updated_timestamp__"": 1612158337, ""original_path"": ""1350031245273340947/1612157664428file_example_XLSX_5000.xlsx"", ""docProcessor"": ""HYBRID"", ""contentParts"": 198, ""uuid_filestack"": ""MQkgUEIYS2SwMgpqY8EY"", ""filestackStatus"": 0, ""boxStatus"": 3, ""uploadedById"": ""4d6c2677afa55cbe"", ""companyId"": ""1350031245273340947"", ""size"": 188887, ""imagifiedStatus"": ""IMAGIFIED_SUCCESS"", ""uploadedAt"": 1612157674, ""mediaSource"": null, ""status"": 0}, ""id"": ""1356113682314343255""}"
"{""ce"": {""filestackStatus"": 0, ""filestackContentParts"": 198, ""boxContentParts"": 157, ""providerSourceId"": null, ""imagifiedStatusFilestack"": ""IMAGIFIED_SUCCESS"", ""type"": 96, ""title"": ""file_example_XLSX_5000.xlsx"", ""uuid"": ""770858371366"", ""imagifyStatusLastUpdated"": 1612158352, ""imagifiedStatusBox"": ""IMAGIFIED_SUCCESS"", ""boxStatus"": 0, ""uploadedById"": ""4d6c2677afa55cbe"", ""companyId"": ""1350031245273340947"", ""providerSource"": ""_default"", ""size"": 188887, ""imagifiedStatus"": ""IMAGIFIED_SUCCESS"", ""uploadedAt"": 1612157732, ""__last_updated_timestamp__"": 1612158352, ""original_path"": ""1350031245273340947/1612157722262file_example_XLSX_5000.xlsx"", ""docProcessor"": ""HYBRID"", ""mediaSource"": null, ""status"": 0, ""contentParts"": 157, ""uuid_filestack"": ""Pv4vQpgSXyoyVDqTI23w""}, ""id"": ""1356113925487326874""}"
"{""ce"": {""filestackStatus"": 0, ""filestackContentParts"": 182, ""boxContentParts"": 157, ""providerSourceId"": null, ""imagifiedStatusFilestack"": ""IMAGIFIED_SUCCESS"", ""type"": 96, ""title"": ""file_example_XLS_5000.xls"", ""uuid"": ""770857544326"", ""imagifyStatusLastUpdated"": 1612158341, ""imagifiedStatusBox"": ""IMAGIFIED_SUCCESS"", ""boxStatus"": 0, ""uploadedById"": ""4d6c2677afa55cbe"", ""companyId"": ""1350031245273340947"", ""providerSource"": ""_default"", ""size"": 672256, ""imagifiedStatus"": ""IMAGIFIED_SUCCESS"", ""uploadedAt"": 1612157773, ""__last_updated_timestamp__"": 1612158341, ""original_path"": ""1350031245273340947/1612157761901file_example_XLS_5000.xls"", ""docProcessor"": ""HYBRID"", ""mediaSource"": null, ""status"": 0, ""contentParts"": 157, ""uuid_filestack"": ""FgGo4sfKSWGw1iFeNeqN""}, ""id"": ""1356114099822537057""}"
"{""ce"": {""filestackStatus"": 0, ""filestackContentParts"": 182, ""boxContentParts"": 157, ""providerSourceId"": null, ""imagifiedStatusFilestack"": ""IMAGIFIED_SUCCESS"", ""type"": 96, ""title"": ""file_example_XLS_5000.xls"", ""uuid"": ""770864567790"", ""imagifyStatusLastUpdated"": 1612160407, ""imagifiedStatusBox"": ""IMAGIFIED_SUCCESS"", ""boxStatus"": 0, ""uploadedById"": ""4d6c2677afa55cbe"", ""companyId"": ""1350031245273340947"", ""providerSource"": ""_default"", ""size"": 672256, ""imagifiedStatus"": ""IMAGIFIED_SUCCESS"", ""uploadedAt"": 1612159806, ""__last_updated_timestamp__"": 1612160407, ""original_path"": ""1350031245273340947/1612159794649file_example_XLS_5000.xls"", ""docProcessor"": ""HYBRID"", ""mediaSource"": null, ""status"": 0, ""contentParts"": 157, ""uuid_filestack"": ""x8WUkA3jSLu7LEWQ4TkR""}, ""id"": ""1356122627643340791""}"
"{""ce"": {""filestackStatus"": 0, ""filestackContentParts"": 198, ""boxContentParts"": 157, ""providerSourceId"": null, ""imagifiedStatusFilestack"": ""IMAGIFIED_SUCCESS"", ""type"": 96, ""title"": ""file_example_XLSX_5000.xlsx"", ""uuid"": ""770871644813"", ""imagifyStatusLastUpdated"": 1612160419, ""imagifiedStatusBox"": ""IMAGIFIED_SUCCESS"", ""boxStatus"": 0, ""uploadedById"": ""4d6c2677afa55cbe"", ""companyId"": ""1350031245273340947"", ""providerSource"": ""_default"", ""size"": 188887, ""imagifiedStatus"": ""IMAGIFIED_SUCCESS"", ""uploadedAt"": 1612159840, ""__last_updated_timestamp__"": 1612160419, ""original_path"": ""1350031245273340947/1612159830043file_example_XLSX_5000.xlsx"", ""docProcessor"": ""HYBRID"", ""mediaSource"": null, ""status"": 0, ""contentParts"": 157, ""uuid_filestack"": ""69GkoF09R3SLAhM0cgNT""}, ""id"": ""1356122767086081482""}"
"{""ce"": {""filestackStatus"": 0, ""filestackContentParts"": 198, ""boxContentParts"": 157, ""providerSourceId"": null, ""imagifiedStatusFilestack"": ""IMAGIFIED_SUCCESS"", ""type"": 96, ""title"": ""file_example_XLSX_5000.xlsx"", ""uuid"": ""770865909676"", ""imagifyStatusLastUpdated"": 1612160409, ""imagifiedStatusBox"": ""IMAGIFIED_SUCCESS"", ""boxStatus"": 0, ""uploadedById"": ""4d6c2677afa55cbe"", ""companyId"": ""1350031245273340947"", ""providerSource"": ""_default"", ""size"": 188887, ""imagifiedStatus"": ""IMAGIFIED_SUCCESS"", ""uploadedAt"": 1612159886, ""__last_updated_timestamp__"": 1612160409, ""original_path"": ""1350031245273340947/1612159877143file_example_XLSX_5000.xlsx"", ""docProcessor"": ""HYBRID"", ""mediaSource"": null, ""status"": 0, ""contentParts"": 157, ""uuid_filestack"": ""K99nqInRCeLUugpOnvsz""}, ""id"": ""1356122962569342503""}"
"{""ce"": {""filestackStatus"": 0, ""filestackContentParts"": 182, ""boxContentParts"": 157, ""providerSourceId"": null, ""imagifiedStatusFilestack"": ""IMAGIFIED_SUCCESS"", ""type"": 96, ""title"": ""file_example_XLS_5000.xls"", ""uuid"": ""770864663594"", ""imagifyStatusLastUpdated"": 1612160407, ""imagifiedStatusBox"": ""IMAGIFIED_SUCCESS"", ""boxStatus"": 0, ""uploadedById"": ""4d6c2677afa55cbe"", ""companyId"": ""1350031245273340947"", ""providerSource"": ""_default"", ""size"": 672256, ""imagifiedStatus"": ""IMAGIFIED_SUCCESS"", ""uploadedAt"": 1612159926, ""__last_updated_timestamp__"": 1612160407, ""original_path"": ""1350031245273340947/1612159914942file_example_XLS_5000.xls"", ""docProcessor"": ""HYBRID"", ""mediaSource"": null, ""status"": 0, ""contentParts"": 157, ""uuid_filestack"": ""hoPQuahTPS9FVEELYqUA""}, ""id"": ""1356123127598175524""}"
"{""ce"": {""filestackStatus"": 0, ""filestackContentParts"": 182, ""boxContentParts"": null, ""providerSourceId"": null, ""imagifiedStatusFilestack"": ""IMAGIFIED_SUCCESS"", ""type"": 96, ""title"": ""file_example_XLS_5000.xls"", ""uuid"": ""770883539388"", ""imagifyStatusLastUpdated"": 1612161974, ""imagifiedStatusBox"": ""IMAGIFIED_NOT_STARTED"", ""boxStatus"": 2, ""uploadedById"": ""4d6c2677afa55cbe"", ""companyId"": ""1350031245273340947"", ""providerSource"": ""_default"", ""size"": 672256, ""imagifiedStatus"": ""IMAGIFIED_SUCCESS"", ""uploadedAt"": 1612161688, ""__last_updated_timestamp__"": 1612161974, ""original_path"": ""1350031245273340947/1612161676630file_example_XLS_5000.xls"", ""docProcessor"": ""HYBRID"", ""mediaSource"": null, ""status"": 0, ""contentParts"": 182, ""uuid_filestack"": ""flxsg0mRNO2R46bNeHga""}, ""id"": ""1356130519481783322""}"
"{""ce"": {""filestackStatus"": 0, ""filestackContentParts"": 198, ""boxContentParts"": null, ""providerSourceId"": null, ""imagifiedStatusFilestack"": ""IMAGIFIED_FAILED"", ""type"": 96, ""title"": ""file_example_XLSX_5000.xlsx"", ""uuid"": ""770875729320"", ""imagifyStatusLastUpdated"": 1612161783, ""imagifiedStatusBox"": ""IMAGIFIED_NOT_STARTED"", ""boxStatus"": 2, ""uploadedById"": ""4d6c2677afa55cbe"", ""companyId"": ""1350031245273340947"", ""providerSource"": ""_default"", ""size"": 188887, ""imagifiedStatus"": ""IMAGIFIED_NOT_STARTED"", ""uploadedAt"": 1612161742, ""__last_updated_timestamp__"": 1612161783, ""original_path"": ""1350031245273340947/1612161732096file_example_XLSX_5000.xlsx"", ""docProcessor"": ""HYBRID"", ""mediaSource"": null, ""status"": 0, ""contentParts"": 198, ""uuid_filestack"": ""S5YzCsBtQumdmRWbcifE""}, ""id"": ""1356130745348895721""}"
"{""ce"": {""filestackStatus"": 0, ""filestackContentParts"": 2, ""boxContentParts"": 2, ""providerSourceId"": null, ""imagifiedStatusFilestack"": ""IMAGIFIED_SUCCESS"", ""type"": 94, ""title"": ""816.ppt"", ""uuid"": ""770854203676"", ""imagifyStatusLastUpdated"": 1612157594, ""imagifiedStatusBox"": ""IMAGIFIED_SUCCESS"", ""boxStatus"": 0, ""uploadedById"": ""4d6c2677afa55cbe"", ""companyId"": ""1350031245273340947"", ""providerSource"": ""_default"", ""size"": 316928, ""imagifiedStatus"": ""IMAGIFIED_SUCCESS"", ""uploadedAt"": 1612157567, ""__last_updated_timestamp__"": 1612157594, ""original_path"": ""1350031245273340947/1612157556662816.ppt"", ""docProcessor"": ""HYBRID"", ""mediaSource"": null, ""status"": 0, ""contentParts"": 2, ""uuid_filestack"": ""GZbAaefZT4aaKW8MQOrW""}, ""id"": ""1356113233097759439""}"
"{""ce"": {""filestackContentParts"": 2, ""boxContentParts"": 2, ""providerSourceId"": null, ""imagifiedStatusFilestack"": ""IMAGIFIED_SUCCESS"", ""type"": 94, ""title"": ""samplepptx.pptx"", ""uuid"": ""770852280904"", ""imagifyStatusLastUpdated"": 1612158320, ""imagifiedStatusBox"": ""IMAGIFIED_INPROGRESS"", ""providerSource"": ""_default"", ""distributionPathMap"": {}, ""imagificatitonBasePath"": null, ""__last_updated_timestamp__"": 1612158320, ""original_path"": ""1350031245273340947/1612157591268samplepptx.pptx"", ""docProcessor"": ""HYBRID"", ""contentParts"": 2, ""uuid_filestack"": ""GXTkRWlSPiLci5Dne4gQ"", ""filestackStatus"": 0, ""boxStatus"": 0, ""uploadedById"": ""4d6c2677afa55cbe"", ""companyId"": ""1350031245273340947"", ""size"": 413895, ""imagifiedStatus"": ""IMAGIFIED_SUCCESS"", ""uploadedAt"": 1612157602, ""mediaSource"": null, ""status"": 0}, ""id"": ""1356113379833808523""}"
"{""ce"": {""filestackStatus"": 0, ""filestackContentParts"": 2, ""boxContentParts"": 2, ""providerSourceId"": null, ""imagifiedStatusFilestack"": ""IMAGIFIED_SUCCESS"", ""type"": 94, ""title"": ""samplepptx.pptx"", ""uuid"": ""770852827632"", ""imagifyStatusLastUpdated"": 1612158315, ""imagifiedStatusBox"": ""IMAGIFIED_SUCCESS"", ""boxStatus"": 0, ""uploadedById"": ""4d6c2677afa55cbe"", ""companyId"": ""1350031245273340947"", ""providerSource"": ""_default"", ""size"": 413895, ""imagifiedStatus"": ""IMAGIFIED_SUCCESS"", ""uploadedAt"": 1612157818, ""__last_updated_timestamp__"": 1612158315, ""original_path"": ""1350031245273340947/1612157808073samplepptx.pptx"", ""docProcessor"": ""HYBRID"", ""mediaSource"": null, ""status"": 0, ""contentParts"": 2, ""uuid_filestack"": ""MvJOJwC4SF2rC1J2SO0o""}, ""id"": ""1356114287171486917""}"
"{""ce"": {""filestackStatus"": 0, ""filestackContentParts"": 2, ""boxContentParts"": 2, ""providerSourceId"": null, ""imagifiedStatusFilestack"": ""IMAGIFIED_SUCCESS"", ""type"": 94, ""title"": ""816.ppt"", ""uuid"": ""770858702372"", ""imagifyStatusLastUpdated"": 1612158308, ""imagifiedStatusBox"": ""IMAGIFIED_SUCCESS"", ""boxStatus"": 0, ""uploadedById"": ""4d6c2677afa55cbe"", ""companyId"": ""1350031245273340947"", ""providerSource"": ""_default"", ""size"": 316928, ""imagifiedStatus"": ""IMAGIFIED_SUCCESS"", ""uploadedAt"": 1612157860, ""__last_updated_timestamp__"": 1612158308, ""original_path"": ""1350031245273340947/1612157849451816.ppt"", ""docProcessor"": ""HYBRID"", ""mediaSource"": null, ""status"": 0, ""contentParts"": 2, ""uuid_filestack"": ""u7DSxsR7TZKh2X494fY9""}, ""id"": ""1356114461145493367""}"
"{""ce"": {""filestackStatus"": 0, ""filestackContentParts"": 2, ""boxContentParts"": 2, ""providerSourceId"": null, ""imagifiedStatusFilestack"": ""IMAGIFIED_SUCCESS"", ""type"": 94, ""title"": ""816.ppt"", ""uuid"": ""770870814355"", ""imagifyStatusLastUpdated"": 1612159747, ""imagifiedStatusBox"": ""IMAGIFIED_SUCCESS"", ""boxStatus"": 0, ""uploadedById"": ""4d6c2677afa55cbe"", ""companyId"": ""1350031245273340947"", ""providerSource"": ""_default"", ""size"": 316928, ""imagifiedStatus"": ""IMAGIFIED_SUCCESS"", ""uploadedAt"": 1612159726, ""__last_updated_timestamp__"": 1612159747, ""original_path"": ""1350031245273340947/1612159716303816.ppt"", ""docProcessor"": ""HYBRID"", ""mediaSource"": null, ""status"": 0, ""contentParts"": 2, ""uuid_filestack"": ""4fOwk18URqCvXm1254hh""}, ""id"": ""1356122292465344698""}"
"{""ce"": {""filestackStatus"": 0, ""filestackContentParts"": 25, ""boxContentParts"": 25, ""providerSourceId"": null, ""imagifiedStatusFilestack"": ""IMAGIFIED_SUCCESS"", ""type"": 94, ""title"": ""pptx2.pptx"", ""uuid"": ""770870929610"", ""imagifyStatusLastUpdated"": 1612160400, ""imagifiedStatusBox"": ""IMAGIFIED_SUCCESS"", ""boxStatus"": 0, ""uploadedById"": ""4d6c2677afa55cbe"", ""companyId"": ""1350031245273340947"", ""providerSource"": ""_default"", ""size"": 6025341, ""imagifiedStatus"": ""IMAGIFIED_SUCCESS"", ""uploadedAt"": 1612159772, ""__last_updated_timestamp__"": 1612160400, ""original_path"": ""1350031245273340947/1612159755538pptx2.pptx"", ""docProcessor"": ""HYBRID"", ""mediaSource"": null, ""status"": 0, ""contentParts"": 25, ""uuid_filestack"": ""wpVjwNLQ62GTcdP20Zwz""}, ""id"": ""1356122482239212758""}"
"{""ce"": {""filestackStatus"": 0, ""filestackContentParts"": 2, ""boxContentParts"": 2, ""providerSourceId"": null, ""imagifiedStatusFilestack"": ""IMAGIFIED_SUCCESS"", ""type"": 94, ""title"": ""samplepptx.pptx"", ""uuid"": ""770864828728"", ""imagifyStatusLastUpdated"": 1612160027, ""imagifiedStatusBox"": ""IMAGIFIED_SUCCESS"", ""boxStatus"": 0, ""uploadedById"": ""4d6c2677afa55cbe"", ""companyId"": ""1350031245273340947"", ""providerSource"": ""_default"", ""size"": 413895, ""imagifiedStatus"": ""IMAGIFIED_SUCCESS"", ""uploadedAt"": 1612159992, ""__last_updated_timestamp__"": 1612160027, ""original_path"": ""1350031245273340947/1612159981510samplepptx.pptx"", ""docProcessor"": ""HYBRID"", ""mediaSource"": null, ""status"": 0, ""contentParts"": 2, ""uuid_filestack"": ""sg1zNvIVRHPz6oCwNnFu""}, ""id"": ""1356123406839872131""}"
"{""ce"": {""filestackStatus"": 0, ""filestackContentParts"": 2, ""boxContentParts"": 2, ""providerSourceId"": null, ""imagifiedStatusFilestack"": ""IMAGIFIED_SUCCESS"", ""type"": 94, ""title"": ""816.ppt"", ""uuid"": ""770865126493"", ""imagifyStatusLastUpdated"": 1612160387, ""imagifiedStatusBox"": ""IMAGIFIED_SUCCESS"", ""boxStatus"": 0, ""uploadedById"": ""4d6c2677afa55cbe"", ""companyId"": ""1350031245273340947"", ""providerSource"": ""_default"", ""size"": 316928, ""imagifiedStatus"": ""IMAGIFIED_SUCCESS"", ""uploadedAt"": 1612160030, ""__last_updated_timestamp__"": 1612160387, ""original_path"": ""1350031245273340947/1612160020863816.ppt"", ""docProcessor"": ""HYBRID"", ""mediaSource"": null, ""status"": 0, ""contentParts"": 2, ""uuid_filestack"": ""p4Qv0bYjT9rxviPBi5fQ""}, ""id"": ""1356123565859594591""}"
"{""ce"": {""filestackStatus"": 0, ""filestackContentParts"": 2, ""boxContentParts"": 2, ""providerSourceId"": null, ""imagifiedStatusFilestack"": ""IMAGIFIED_SUCCESS"", ""type"": 94, ""title"": ""816.ppt"", ""uuid"": ""770874471401"", ""imagifyStatusLastUpdated"": 1612161603, ""imagifiedStatusBox"": ""IMAGIFIED_NOT_STARTED"", ""boxStatus"": 0, ""uploadedById"": ""4d6c2677afa55cbe"", ""companyId"": ""1350031245273340947"", ""providerSource"": ""_default"", ""size"": 316928, ""imagifiedStatus"": ""IMAGIFIED_SUCCESS"", ""uploadedAt"": 1612161582, ""__last_updated_timestamp__"": 1612161603, ""original_path"": ""1350031245273340947/1612161571768816.ppt"", ""docProcessor"": ""HYBRID"", ""mediaSource"": null, ""status"": 0, ""contentParts"": 2, ""uuid_filestack"": ""oz2mjon4QJOYYHZeG3s6""}, ""id"": ""1356130077489781281""}"
"{""ce"": {""filestackStatus"": 0, ""filestackContentParts"": 25, ""boxContentParts"": 25, ""providerSourceId"": null, ""imagifiedStatusFilestack"": ""IMAGIFIED_SUCCESS"", ""type"": 94, ""title"": ""pptx2.pptx"", ""uuid"": ""770882107699"", ""imagifyStatusLastUpdated"": 1612161687, ""imagifiedStatusBox"": ""IMAGIFIED_SUCCESS"", ""boxStatus"": 0, ""uploadedById"": ""4d6c2677afa55cbe"", ""companyId"": ""1350031245273340947"", ""providerSource"": ""_default"", ""size"": 6025341, ""imagifiedStatus"": ""IMAGIFIED_SUCCESS"", ""uploadedAt"": 1612161630, ""__last_updated_timestamp__"": 1612161687, ""original_path"": ""1350031245273340947/1612161614350pptx2.pptx"", ""docProcessor"": ""HYBRID"", ""mediaSource"": null, ""status"": 0, ""contentParts"": 25, ""uuid_filestack"": ""atrlEKIWS28Jj1XzHap5""}, ""id"": ""1356130276359954750""}"
"{""ce"": {""filestackStatus"": 0, ""filestackContentParts"": 2, ""boxContentParts"": 2, ""providerSourceId"": null, ""imagifiedStatusFilestack"": ""IMAGIFIED_SUCCESS"", ""type"": 94, ""title"": ""816.ppt"", ""uuid"": ""770984154675"", ""imagifyStatusLastUpdated"": 1612177875, ""imagifiedStatusBox"": ""IMAGIFIED_SUCCESS"", ""boxStatus"": 0, ""uploadedById"": ""4d6c2677afa55cbe"", ""companyId"": ""1350031245273340947"", ""providerSource"": ""_default"", ""size"": 316928, ""imagifiedStatus"": ""IMAGIFIED_SUCCESS"", ""uploadedAt"": 1612177853, ""__last_updated_timestamp__"": 1612177875, ""original_path"": ""1350031245273340947/1612177842768816.ppt"", ""docProcessor"": ""HYBRID"", ""mediaSource"": null, ""status"": 0, ""contentParts"": 2, ""uuid_filestack"": ""UPYspFLPSoayGTc1ExAu""}, ""id"": ""1356198320293294893""}"
